позиция в рейтинге,SKU,название товара,категория,количество продано,выручка,доля выручки %,накопительная доля %,ABC категория,средняя цена продажи,расчётная себестоимость (30%),валовая прибыль,маржа %
1,1188,Рубашка джинсовая женская хаки джинсовая,tops_blouses,59.0,321419.9,0.7614,0.7614,A,5447.79,96425.97,224993.93,70.0
2,1212,Рубашка из тенсела женская розовый,tops_blouses,65.0,310482.0,0.7355,1.4968,A,4776.65,93144.6,217337.4,70.0
3,2067,Бомбер женский серый,outerwear,18.0,231280.0,0.5479,2.0447,A,12848.89,69384.0,161896.0,70.0
4,2070,Бомбер женский изумрудный в клетку,outerwear,17.0,226055.0,0.5355,2.5802,A,13297.35,67816.5,158238.5,70.0
5,2173,Пальто шерсятное двубортное с поясом тауп,outerwear,11.0,223125.0,0.5285,3.1087,A,20284.09,66937.5,156187.5,70.0
6,2308,Жакет прямого кроя с карманами сливочно-желтый,jackets_blazers,25.0,219180.0,0.5192,3.6279,A,8767.2,65754.0,153426.0,70.0
7,910,Джемпер Чешуйки двусторонний морская волна,knitwear,42.0,218624.0,0.5179,4.1458,A,5205.33,65587.2,153036.8,70.0
8,1210,Джемпер Незабудки женский шоколад с голубым,knitwear,39.0,209540.0,0.4964,4.6421,A,5372.82,62862.0,146678.0,70.0
9,1223,Рубашка женская из тенсела синий,tops_blouses,40.0,201479.0,0.4773,5.1194,A,5036.98,60443.7,141035.3,70.0
10,2435,Юбка трикотажная ажур Листочки ваниль,skirts,34.0,197106.0,0.4669,5.5863,A,5797.24,59131.8,137974.2,70.0
11,916,Тренч женский олива,outerwear,18.0,194480.0,0.4607,6.0469,A,10804.44,58344.0,136136.0,70.0
12,2283,Парка английская олива с принтом зебра,outerwear,18.0,193200.0,0.4576,6.5046,A,10733.33,57960.0,135240.0,70.0
13,2134,Пальто шерстяное двубортное с поясом серый,outerwear,9.0,179550.0,0.4253,6.9299,A,19950.0,53865.0,125685.0,70.0
14,1154,Джемпер Чешуйки оверсайз серо-розовый,knitwear,28.0,178210.0,0.4221,7.3521,A,6364.64,53463.0,124747.0,70.0
15,1224,Рубашка женская из тенсела молочный,tops_blouses,39.0,177100.0,0.4195,7.7716,A,4541.03,53130.0,123970.0,70.0
16,1171,Куртка стеганая женская олива,outerwear,24.0,170255.0,0.4033,8.1749,A,7093.96,51076.5,119178.5,70.0
17,2573,Бомбер женский серый с трикотажными резинками,outerwear,13.0,167820.0,0.3975,8.5724,A,12909.23,50346.0,117474.0,70.0
18,2637,Джемпер Авангард жаккард маренго-слива,knitwear,25.0,164906.0,0.3906,8.963,A,6596.24,49471.8,115434.2,70.0
19,992,Тренч женский лайм,outerwear,16.0,161280.0,0.382,9.345,A,10080.0,48384.0,112896.0,70.0
20,2099,Куртка стеганая женская графит,outerwear,21.0,159718.0,0.3783,9.7234,A,7605.62,47915.4,111802.6,70.0
21,2598,Пальто-жакет женский гусиная лапка хаки,outerwear,12.0,158984.0,0.3766,10.1,A,13248.67,47695.2,111288.8,70.0
22,911,Джемпер Чешуйки двусторонний розовый,knitwear,29.0,155912.0,0.3693,10.4693,A,5376.28,46773.6,109138.4,70.0
23,1132,Джемпер Сердечки розовый,knitwear,25.0,151140.0,0.358,10.8273,A,6045.6,45342.0,105798.0,70.0
24,2036,Рубашка женская из тенсела бежевая,tops_blouses,29.0,150860.0,0.3574,11.1847,A,5202.07,45258.0,105602.0,70.0
25,1211,Джемпер Незабудки женский беж,knitwear,27.0,150678.0,0.3569,11.5416,A,5580.67,45203.4,105474.6,70.0
26,2574,Бомбер женский тауп с трикотажными резинками,outerwear,11.0,146372.0,0.3467,11.8883,A,13306.55,43911.6,102460.4,70.0
27,2069,Бомбер женский морковный в клетку,outerwear,12.0,146064.0,0.346,12.2343,A,12172.0,43819.2,102244.8,70.0
28,984,Джемпер женский Грибочки лайм с маренго,knitwear,25.0,144860.0,0.3431,12.5775,A,5794.4,43458.0,101402.0,70.0
29,2324,Жилет трикотажный Бадминтон жемчужно-серый,knitwear,32.0,142460.0,0.3375,12.9149,A,4451.88,42738.0,99722.0,70.0
30,2332,Жакет прямого кроя с карманами эвкалипт,jackets_blazers,16.0,141620.0,0.3355,13.2504,A,8851.25,42486.0,99134.0,70.0
31,2228,Джемпер женский грибочки травяной,knitwear,23.0,138754.0,0.3287,13.5791,A,6032.78,41626.2,97127.8,70.0
32,1148,Джемпер Грибочки мужской маренго-лимон,knitwear,22.0,138134.0,0.3272,13.9063,A,6278.82,41440.2,96693.8,70.0
33,2102,Куртка стеганая женская шоколад,outerwear,17.0,131354.0,0.3111,14.2174,A,7726.71,39406.2,91947.8,70.0
34,891,Тренч женский серо-голубой,outerwear,12.0,131240.0,0.3109,14.5283,A,10936.67,39372.0,91868.0,70.0
35,1199,Джемпер Незабудки женский желтый,knitwear,24.0,130798.0,0.3098,14.8381,A,5449.92,39239.4,91558.6,70.0
36,1255,Юбка вискоза миди олива в цветок,skirts,43.0,126790.0,0.3003,15.1385,A,2948.6,38037.0,88753.0,70.0
37,1202,Рубашка женская из тенсела черная,tops_blouses,26.0,125596.0,0.2975,15.436,A,4830.62,37678.8,87917.2,70.0
38,1225,Рубашка женская из тенсела ириска,tops_blouses,27.0,123198.0,0.2918,15.7278,A,4562.89,36959.4,86238.6,70.0
39,2282,Джинсы-бананы графит,pants,21.0,123050.6,0.2915,16.0193,A,5859.55,36915.18,86135.42,70.0
40,2076,Кардиган Чешуйки жаккард черный,knitwear,19.0,122280.0,0.2897,16.3089,A,6435.79,36684.0,85596.0,70.0
41,1117,Куртка стеганая женская светлый беж,outerwear,17.0,121900.0,0.2888,16.5977,A,7170.59,36570.0,85330.0,70.0
42,986,Джемпер Грибочки травяной,knitwear,21.0,121180.0,0.287,16.8847,A,5770.48,36354.0,84826.0,70.0
43,2688,Джемпер Бантики изумруд-бургунди,knitwear,20.0,120960.0,0.2865,17.1713,A,6048.0,36288.0,84672.0,70.0
44,2353,Джемпер лютики голубой,knitwear,20.0,119050.0,0.282,17.4533,A,5952.5,35715.0,83335.0,70.0
45,1099,Пальто женское оверсайз желтый,outerwear,8.0,117192.0,0.2776,17.7309,A,14649.0,35157.6,82034.4,70.0
46,2072,Бомбер женский шоколадный в клетку,outerwear,9.0,117100.0,0.2774,18.0083,A,13011.11,35130.0,81970.0,70.0
47,2073,Бомбер женский песочный,outerwear,10.0,116340.0,0.2756,18.2838,A,11634.0,34902.0,81438.0,70.0
48,2281,Парка английская на меховой подкладке графит,outerwear,11.0,115360.0,0.2733,18.5571,A,10487.27,34608.0,80752.0,70.0
49,1253,Юбка вискоза миди бежевый в цветок,skirts,39.0,115287.0,0.2731,18.8302,A,2956.08,34586.1,80700.9,70.0
50,2321,Поло трикотажное светло-желтый,tops_blouses,33.0,114964.0,0.2723,19.1025,A,3483.76,34489.2,80474.8,70.0
51,2049,Рубашка женская из тенсела серо-голубая,tops_blouses,22.0,114706.0,0.2717,19.3742,A,5213.91,34411.8,80294.2,70.0
52,2331,Брюки классика вискоза сливочно-желтый,pants,21.0,114596.0,0.2715,19.6457,A,5456.95,34378.8,80217.2,70.0
53,1232,Джемпер Клубнички женский бежевый,knitwear,21.0,114390.0,0.271,19.9166,A,5447.14,34317.0,80073.0,70.0
54,2531,Джинсовка хлопковая кэмел,pants,14.0,113113.0,0.2679,20.1846,A,8079.5,33933.9,79179.1,70.0
55,2117,Пальто стеганое женское шоколад,outerwear,11.0,111584.0,0.2643,20.4489,A,10144.0,33475.2,78108.8,70.0
56,2584,Дождевик женский светлый беж,other,10.0,108904.0,0.258,20.7069,A,10890.4,32671.2,76232.8,70.0
57,1032,Тренч женский графит,outerwear,12.0,108360.0,0.2567,20.9635,A,9030.0,32508.0,75852.0,70.0
58,2068,Бомбер женский ореховый в клетку,outerwear,9.0,107780.0,0.2553,21.2189,A,11975.56,32334.0,75446.0,70.0
59,2354,Джемпер лютики кремовый,knitwear,18.0,107462.0,0.2546,21.4734,A,5970.11,32238.6,75223.4,70.0
60,2355,Поло трикотажное розовый с лаймом,tops_blouses,30.0,106706.0,0.2528,21.7262,A,3556.87,32011.8,74694.2,70.0
61,2310,Жилет костюмный сливочно-желтый,knitwear,19.0,106190.0,0.2515,21.9777,A,5588.95,31857.0,74333.0,70.0
62,2207,Брюки палаццо искусственный шелк шоколад,pants,23.0,103480.0,0.2451,22.2228,A,4499.13,31044.0,72436.0,70.0
63,2262,Джемпер мужской грибочки травяной,knitwear,14.0,103024.0,0.244,22.4669,A,7358.86,30907.2,72116.8,70.0
64,2445,Футболка трикотажная ажур Листочки ваниль,tshirts_longsleeves,18.0,101920.0,0.2414,22.7083,A,5662.22,30576.0,71344.0,70.0
65,1323,Шорты льняные тауп,pants,23.0,101890.0,0.2414,22.9497,A,4430.0,30567.0,71323.0,70.0
66,2229,Джемпер женский грибочки олива-оранжевый,knitwear,18.0,101850.0,0.2413,23.1909,A,5658.33,30555.0,71295.0,70.0
67,914,Футболка женская оверсайз с декором белая,tshirts_longsleeves,38.0,100703.0,0.2385,23.4295,A,2650.08,30210.9,70492.1,70.0
68,2084,Бомбер женский тауп,outerwear,9.0,100536.0,0.2381,23.6676,A,11170.67,30160.8,70375.2,70.0
69,2527,Сарафан на бретелях вискоза молочный,dresses,14.0,99610.0,0.236,23.9036,A,7115.0,29883.0,69727.0,70.0
70,926,Джемпер ромашки жемчужно-лимонный,knitwear,19.0,99555.0,0.2358,24.1394,A,5239.74,29866.5,69688.5,70.0
71,2457,Платье тонкое трикотажное Косичка макси тауп,dresses,17.0,99140.0,0.2348,24.3742,A,5831.76,29742.0,69398.0,70.0
72,2035,Рубашка женская из тенсела бронза,tops_blouses,19.0,98930.0,0.2343,24.6086,A,5206.84,29679.0,69251.0,70.0
73,2833,Джемпер Тюльпаны серо-голубой,knitwear,15.0,98078.0,0.2323,24.8409,A,6538.53,29423.4,68654.6,70.0
74,2832,Джемпер Подснежники светлый беж,knitwear,15.0,97932.0,0.232,25.0729,A,6528.8,29379.6,68552.4,70.0
75,2160,Свитер Кострома бургунди,knitwear,25.0,96230.0,0.2279,25.3008,A,3849.2,28869.0,67361.0,70.0
76,2734,Юбка Мерилин из тенсела сливовый,skirts,13.0,96186.0,0.2278,25.5287,A,7398.92,28855.8,67330.2,70.0
77,1193,Джемпер Чешуйки оверсайз байкал,knitwear,15.0,95790.0,0.2269,25.7556,A,6386.0,28737.0,67053.0,70.0
78,2100,Пальто женское оверсайз серое в клетку,outerwear,6.0,95760.0,0.2268,25.9824,A,15960.0,28728.0,67032.0,70.0
79,1147,Джемпер Джеки Нью интерлок ваниль,knitwear,19.0,94482.6,0.2238,26.2062,A,4972.77,28344.78,66137.82,70.0
80,2440,Юбка трикотажная ажур Листочки капучино,skirts,16.0,94120.0,0.2229,26.4292,A,5882.5,28236.0,65884.0,70.0
81,1165,Джемпер Грибочки мужской серо-голубой,knitwear,14.0,93992.0,0.2226,26.6518,A,6713.71,28197.6,65794.4,70.0
82,2055,Рубашка женская oversize фланель клетка ириска,tops_blouses,19.0,93760.0,0.2221,26.8739,A,4934.74,28128.0,65632.0,70.0
83,2298,Джемпер Сердечки алый,knitwear,16.0,93450.0,0.2214,27.0953,A,5840.62,28035.0,65415.0,70.0
84,2357,Брюки классика вискоза шоколадный,pants,17.0,92912.0,0.2201,27.3154,A,5465.41,27873.6,65038.4,70.0
85,1234,Джемпер Грибочки мужской оранжевый,knitwear,13.0,92840.0,0.2199,27.5353,A,7141.54,27852.0,64988.0,70.0
86,1152,Джемпер Чешуйки оверсайз лайм,knitwear,13.0,92400.0,0.2189,27.7541,A,7107.69,27720.0,64680.0,70.0
87,2569,Джемпер женский Софи брусника,knitwear,16.0,92380.0,0.2188,27.973,A,5773.75,27714.0,64666.0,70.0
88,2110,Пальто женское оверсайз тауп,outerwear,6.0,92140.0,0.2183,28.1912,A,15356.67,27642.0,64498.0,70.0
89,1015,Свитер базовый шерсть липа,knitwear,24.0,91980.0,0.2179,28.4091,A,3832.5,27594.0,64386.0,70.0
90,2516,Парка английская кэмел,outerwear,9.0,90970.0,0.2155,28.6246,A,10107.78,27291.0,63679.0,70.0
91,1229,Рубашка джинсовая женская бежевый,tops_blouses,19.0,90830.0,0.2152,28.8398,A,4780.53,27249.0,63581.0,70.0
92,2043,Рубашка женская из тенсела джинс,tops_blouses,18.0,90760.0,0.215,29.0547,A,5042.22,27228.0,63532.0,70.0
93,1158,Палантин трикотажный Листочки маренго-беж,accessories,29.0,90483.0,0.2143,29.2691,A,3120.1,27144.9,63338.1,70.0
94,2333,Брюки классика вискоза эвкалипт,pants,16.0,90480.0,0.2143,29.4834,A,5655.0,27144.0,63336.0,70.0
95,1014,Джемпер женский Грибочки маренго-лосось,knitwear,17.0,89640.0,0.2123,29.6957,A,5272.94,26892.0,62748.0,70.0
96,400,Шапка взрослая брусника,accessories,75.0,89256.0,0.2114,29.9072,A,1190.08,26776.8,62479.2,70.0
97,2079,Джемпер Чешуйки оверсайз синий,knitwear,13.0,89216.0,0.2113,30.1185,A,6862.77,26764.8,62451.2,70.0
98,1228,Рубашка джинсовая женская молочный,tops_blouses,19.0,88804.0,0.2104,30.3289,A,4673.89,26641.2,62162.8,70.0
99,1275,Футболка трикотажная косичка ваниль,tshirts_longsleeves,34.0,88078.0,0.2086,30.5375,A,2590.53,26423.4,61654.6,70.0
100,2415,Жакет прямого кроя с карманами шоколад,jackets_blazers,10.0,87216.0,0.2066,30.7441,A,8721.6,26164.8,61051.2,70.0
101,1201,Джемпер Листочки двусторонний оверсайз лайм,knitwear,13.0,86360.0,0.2046,30.9487,A,6643.08,25908.0,60452.0,70.0
102,685,Брюки палаццо льняные зеленый,pants,16.0,86326.0,0.2045,31.1532,A,5395.38,25897.8,60428.2,70.0
103,516,Брюки трикотаж маренго,pants,22.0,86016.0,0.2038,31.3569,A,3909.82,25804.8,60211.2,70.0
104,2146,Палантин трикотажный Листочки бургунди-капучино,accessories,24.0,85542.99,0.2026,31.5595,A,3564.29,25662.9,59880.09,70.0
105,1144,Жилет Сердечки розовый,knitwear,24.0,85270.02,0.202,31.7615,A,3552.92,25581.01,59689.01,70.0
106,2437,Юбка трикотажная ажур Листочки черный,skirts,14.0,84656.0,0.2005,31.9621,A,6046.86,25396.8,59259.2,70.0
107,2334,Джемпер мужской грибочки оранжевый,knitwear,13.0,84120.0,0.1993,32.1613,A,6470.77,25236.0,58884.0,70.0
108,1043,Свитер базовый шерсть голубой,knitwear,21.0,83550.0,0.1979,32.3592,A,3978.57,25065.0,58485.0,70.0
109,940,Джемпер Чешуйки двусторонний зефирно-мятный,knitwear,14.0,83489.5,0.1978,32.557,A,5963.54,25046.85,58442.65,70.0
110,2335,Джемпер женский грибочки лаванда-мята,knitwear,15.0,83222.0,0.1971,32.7541,A,5548.13,24966.6,58255.4,70.0
111,1153,Джемпер Сердечки чёрный,knitwear,14.0,83136.0,0.1969,32.9511,A,5938.29,24940.8,58195.2,70.0
112,1081,Джемпер Джеки интерлок тауп,knitwear,17.0,82409.0,0.1952,33.1463,A,4847.59,24722.7,57686.3,70.0
113,1157,Палантин трикотажный Листочки графит-байкал,accessories,26.0,82409.0,0.1952,33.3415,A,3169.58,24722.7,57686.3,70.0
114,1172,Джемпер Джаред оверсайз персик,knitwear,15.0,81333.0,0.1927,33.5341,A,5422.2,24399.9,56933.1,70.0
115,1231,Джемпер Клубнички женский голубой,knitwear,15.0,81314.0,0.1926,33.7268,A,5420.93,24394.2,56919.8,70.0
116,2450,Лонгслив трикотажный ажур Листочки ваниль,tshirts_longsleeves,14.0,81096.0,0.1921,33.9189,A,5792.57,24328.8,56767.2,70.0
117,1022,Тренч женский тауп,outerwear,9.0,80664.0,0.1911,34.1099,A,8962.67,24199.2,56464.8,70.0
118,679,Кардиган Leo жаккард лаванда,knitwear,15.0,80322.0,0.1903,34.3002,A,5354.8,24096.6,56225.4,70.0
119,2096,Пальто стеганое женское ежевика,outerwear,8.0,80231.0,0.19,34.4902,A,10028.88,24069.3,56161.7,70.0
120,2493,Блуза бохо из тенсела белая,tops_blouses,13.0,79960.0,0.1894,34.6796,A,6150.77,23988.0,55972.0,70.0
121,2627,Юбка трикотажная прямая сливовый макси,skirts,23.0,79872.2,0.1892,34.8688,A,3472.7,23961.66,55910.54,70.0
122,2606,Пальто шерстяное двубортное с поясом темный маренго,outerwear,5.0,79625.0,0.1886,35.0575,A,15925.0,23887.5,55737.5,70.0
123,2280,Парка английская на шерстяной подкладке графит,outerwear,8.0,78640.0,0.1863,35.2437,A,9830.0,23592.0,55048.0,70.0
124,983,Джемпер женский грибочки оранжевый-маренго,knitwear,14.0,77540.0,0.1837,35.4274,A,5538.57,23262.0,54278.0,70.0
125,2301,Поло трикотажное алый с розовой полосой,tops_blouses,23.0,76890.0,0.1821,35.6096,A,3343.04,23067.0,53823.0,70.0
126,2623,Джемпер Агата сливовый,knitwear,15.0,76734.0,0.1818,35.7913,A,5115.6,23020.2,53713.8,70.0
127,2539,Джинсы-бананы кэмел,pants,13.0,76672.0,0.1816,35.9729,A,5897.85,23001.6,53670.4,70.0
128,1183,Лонгслив трикотажный женский байкал,tshirts_longsleeves,39.0,75999.0,0.18,36.153,A,1948.69,22799.7,53199.3,70.0
129,1112,Брюки трикотаж тауп,pants,19.0,75890.0,0.1798,36.3327,A,3994.21,22767.0,53123.0,70.0
130,1254,Юбка вискоза миди небесно-голубая,skirts,26.0,75292.0,0.1784,36.5111,A,2895.85,22587.6,52704.4,70.0
131,2566,Джемпер женский Софи лимонный,knitwear,13.0,74626.0,0.1768,36.6879,A,5740.46,22387.8,52238.2,70.0
132,2554,Брюки Спортик женские синий,pants,13.0,74586.0,0.1767,36.8645,A,5737.38,22375.8,52210.2,70.0
133,1290,Джемпер Чешуйки оверсайз хаки-лиловый,knitwear,11.0,74444.0,0.1763,37.0409,A,6767.64,22333.2,52110.8,70.0
134,2034,Джемпер мужской Грибочки лайм-маренго,knitwear,11.0,73840.0,0.1749,37.2158,A,6712.73,22152.0,51688.0,70.0
135,714,Брюки палаццо вискоза черный,pants,17.0,73570.0,0.1743,37.3901,A,4327.65,22071.0,51499.0,70.0
136,928,Джемпер Листочки двусторонний светло-желтый,knitwear,13.0,73400.0,0.1739,37.5639,A,5646.15,22020.0,51380.0,70.0
137,2651,Пальто-жакет женский утепленный шоко,outerwear,5.0,73200.0,0.1734,37.7373,A,14640.0,21960.0,51240.0,70.0
138,1176,Джемпер Листочки двусторонний оверсайз розовый,knitwear,11.0,72920.0,0.1727,37.91,A,6629.09,21876.0,51044.0,70.0
139,2724,Юбка Мерилин из тенсела белый,skirts,10.0,72734.0,0.1723,38.0823,A,7273.4,21820.2,50913.8,70.0
140,892,Тренч женский светлый беж,outerwear,7.0,71990.0,0.1705,38.2529,A,10284.29,21597.0,50393.0,70.0
141,1090,Свитер базовый шерсть алый,knitwear,18.0,71920.0,0.1704,38.4232,A,3995.56,21576.0,50344.0,70.0
142,2642,Блуза с воротом стойка из тенсела винный,tops_blouses,12.0,71625.0,0.1697,38.5929,A,5968.75,21487.5,50137.5,70.0
143,1048,Свитер базовый мужской джинс,pants,17.0,71400.0,0.1691,38.762,A,4200.0,21420.0,49980.0,70.0
144,403,Шарф взрослый брусника,accessories,31.0,70288.0,0.1665,38.9285,A,2267.35,21086.4,49201.6,70.0
145,2206,Брюки палаццо искусственный шелк винный,pants,15.0,70240.0,0.1664,39.0949,A,4682.67,21072.0,49168.0,70.0
146,2605,Пальто шерсятяное двубортное с поясом шоколад,outerwear,4.0,69750.0,0.1652,39.2601,A,17437.5,20925.0,48825.0,70.0
147,521,Шапка взрослая алый,accessories,60.0,69300.0,0.1642,39.4243,A,1155.0,20790.0,48510.0,70.0
148,88,Брюки трикотаж графит,pants,20.0,69170.0,0.1638,39.5881,A,3458.5,20751.0,48419.0,70.0
149,2494,Сарафан на бретелях муслин черный,dresses,9.0,68790.0,0.1629,39.7511,A,7643.33,20637.0,48153.0,70.0
150,1288,Рубашка женская из тенсела нежно-голубая в цветок,tops_blouses,15.0,68680.0,0.1627,39.9138,A,4578.67,20604.0,48076.0,70.0
151,2150,Юбка трикотажная прямая бургунди миди,skirts,20.0,68460.0,0.1622,40.0759,A,3423.0,20538.0,47922.0,70.0
152,848,Джемпер ромашки голубой,knitwear,14.0,68045.0,0.1612,40.2371,A,4860.36,20413.5,47631.5,70.0
153,2029,Жилет льняной синий,knitwear,16.0,67500.0,0.1599,40.397,A,4218.75,20250.0,47250.0,70.0
154,2325,Джемпер Незабудки женский шоколад с розовым,knitwear,12.0,66700.0,0.158,40.555,A,5558.33,20010.0,46690.0,70.0
155,1195,Юбка трикотаж А-силуэта тауп кукурузка,skirts,22.0,66510.0,0.1575,40.7126,A,3023.18,19953.0,46557.0,70.0
156,1107,Свитер Кострома изумруд,knitwear,18.0,66212.0,0.1568,40.8694,A,3678.44,19863.6,46348.4,70.0
157,2105,Кардиган Чешуйки жаккард полынь,knitwear,11.0,65980.0,0.1563,41.0257,A,5998.18,19794.0,46186.0,70.0
158,2217,Жакет с поясом искусственный шелк шоколад,jackets_blazers,15.0,65761.0,0.1558,41.1815,A,4384.07,19728.3,46032.7,70.0
159,1295,Юбка миди атлас шоколад леопард,skirts,19.0,65690.0,0.1556,41.3371,A,3457.37,19707.0,45983.0,70.0
160,2464,Платье трикотажное ажур Колоски макси липа,dresses,8.0,65288.0,0.1547,41.4917,A,8161.0,19586.4,45701.6,70.0
161,1331,Жилет джинсовый графит,pants,16.0,65142.8,0.1543,41.646,A,4071.43,19542.84,45599.96,70.0
162,2199,Платье Ариэль макси искусственный шелк шоколад,dresses,11.0,64439.0,0.1526,41.7987,A,5858.09,19331.7,45107.3,70.0
163,1317,Рубашка женская из тенсела молочная в цветок,tops_blouses,13.0,64230.0,0.1521,41.9508,A,4940.77,19269.0,44961.0,70.0
164,1166,Жилет Сердечки черный,knitwear,18.0,63640.0,0.1507,42.1016,A,3535.56,19092.0,44548.0,70.0
165,1178,Худи женское с капюшоном коралл,tops_blouses,14.0,63450.0,0.1503,42.2519,A,4532.14,19035.0,44415.0,70.0
166,2863,Юбка Мерилин из тенсела розовый,skirts,8.0,63304.0,0.15,42.4018,A,7913.0,18991.2,44312.8,70.0
167,2864,Юбка Мерилин из тенсела салатовый,skirts,8.0,62580.0,0.1482,42.5501,A,7822.5,18774.0,43806.0,70.0
168,2246,Манишка на завязках с воротом шерсть горький шоколад,accessories,16.0,62446.0,0.1479,42.698,A,3902.88,18733.8,43712.2,70.0
169,2338,Поло трикотажное алый с розовым,tops_blouses,17.0,62230.0,0.1474,42.8454,A,3660.59,18669.0,43561.0,70.0
170,1333,Футболка трикотажная косичка шоколад,tshirts_longsleeves,25.0,62120.0,0.1471,42.9925,A,2484.8,18636.0,43484.0,70.0
171,2865,Юбка Мерилин из тенсела сливочно-желтый,skirts,8.0,62088.0,0.1471,43.1396,A,7761.0,18626.4,43461.6,70.0
172,1177,Джемпер Чешуйки оверсайз серо-голубой,knitwear,10.0,61980.0,0.1468,43.2864,A,6198.0,18594.0,43386.0,70.0
173,2088,Джемпер женский Грибочки фиолетовый-лайм,knitwear,10.0,61870.0,0.1466,43.433,A,6187.0,18561.0,43309.0,70.0
174,1184,Худи женское с капюшоном травяной,tops_blouses,14.0,61660.0,0.1461,43.579,A,4404.29,18498.0,43162.0,70.0
175,2305,Джинсы-бананы изумруд,pants,10.0,61440.0,0.1455,43.7246,A,6144.0,18432.0,43008.0,70.0
176,9,Рубашка женская oversize фланель клетка орех,tops_blouses,14.0,61140.0,0.1448,43.8694,A,4367.14,18342.0,42798.0,70.0
177,2063,Юбка макси атлас индиго,skirts,20.0,61065.5,0.1447,44.0141,A,3053.28,18319.65,42745.85,70.0
178,1069,Рубашка женская oversize фланель клетка молочный,tops_blouses,14.0,60990.0,0.1445,44.1585,A,4356.43,18297.0,42693.0,70.0
179,1285,Футболка трикотажная косичка молочный,tshirts_longsleeves,25.0,60954.0,0.1444,44.3029,A,2438.16,18286.2,42667.8,70.0
180,1106,Палантин трикотажный Листочки олива-хаки,accessories,19.0,60499.69,0.1433,44.4462,A,3184.19,18149.91,42349.78,70.0
181,2616,Юбка трикотажная Софи брусника макси,skirts,10.0,59812.0,0.1417,44.5879,A,5981.2,17943.6,41868.4,70.0
182,2185,Юбка трикотажная прямая маренго миди,skirts,18.0,59710.0,0.1414,44.7293,A,3317.22,17913.0,41797.0,70.0
183,2053,Кардиган Чешуйки жаккард васильковый,knitwear,10.0,59520.0,0.141,44.8703,A,5952.0,17856.0,41664.0,70.0
184,1322,Шорты льняные серо-голубой,pants,14.0,58928.0,0.1396,45.0099,A,4209.14,17678.4,41249.6,70.0
185,1205,Лонгслив трикотажный женский коралл,tshirts_longsleeves,33.0,58695.0,0.139,45.149,A,1778.64,17608.5,41086.5,70.0
186,1119,Джемпер Ромашки лайм,knitwear,11.0,58570.0,0.1387,45.2877,A,5324.55,17571.0,40999.0,70.0
187,2287,Рубашка хлопок белый,tops_blouses,12.0,58240.0,0.138,45.4257,A,4853.33,17472.0,40768.0,70.0
188,2643,Рубашка женская oversize фланель клетка шоколадно-молочный,tops_blouses,10.0,58058.0,0.1375,45.5632,A,5805.8,17417.4,40640.6,70.0
189,2162,Джемпер Джеки шерсть имбирь,knitwear,11.0,57970.0,0.1373,45.7005,A,5270.0,17391.0,40579.0,70.0
190,1052,Джемпер Джеки интерлок оранжевый,knitwear,10.0,57606.0,0.1365,45.837,A,5760.6,17281.8,40324.2,70.0
191,1252,Рубашка женская вискоза красная в цветок,tops_blouses,17.0,57240.0,0.1356,45.9725,A,3367.06,17172.0,40068.0,70.0
192,1111,Палантин трикотажный Листочки розово-лаймовый,accessories,18.0,57223.0,0.1355,46.1081,A,3179.06,17166.9,40056.1,70.0
193,1181,Лонгслив трикотажный женский лайм,tshirts_longsleeves,32.0,57220.0,0.1355,46.2436,A,1788.12,17166.0,40054.0,70.0
194,680,Кардиган Leo жаккард светлый беж,knitwear,12.0,57060.0,0.1352,46.3788,A,4755.0,17118.0,39942.0,70.0
195,2668,Кардиган Оверсайз интерлок ваниль,knitwear,8.0,56800.0,0.1345,46.5133,A,7100.0,17040.0,39760.0,70.0
196,2101,Куртка стеганая женская голубой,outerwear,11.0,56500.0,0.1338,46.6472,A,5136.36,16950.0,39550.0,70.0
197,2336,Жилет геометрия липа,knitwear,13.0,56248.0,0.1332,46.7804,A,4326.77,16874.4,39373.6,70.0
198,913,Футболка базовая белая,tshirts_longsleeves,34.0,56150.2,0.133,46.9134,A,1651.48,16845.06,39305.14,70.0
199,2221,Юбка трикотажная прямая тауп миди,skirts,16.0,56136.0,0.133,47.0464,A,3508.5,16840.8,39295.2,70.0
200,2549,Свитшот женский синий,tops_blouses,9.0,55964.0,0.1326,47.179,A,6218.22,16789.2,39174.8,70.0
201,2129,Пальто женское оверсайз шоколадное в клетку,outerwear,4.0,55690.0,0.1319,47.3109,A,13922.5,16707.0,38983.0,70.0
202,2915,Джемпер Подснежники оливковый,knitwear,9.0,55610.0,0.1317,47.4426,A,6178.89,16683.0,38927.0,70.0
203,987,Джемпер Листочки двусторонний голубой,knitwear,10.0,55300.0,0.131,47.5736,A,5530.0,16590.0,38710.0,70.0
204,2326,Джемпер женский Грибочки маренго-лосось,knitwear,10.0,55020.0,0.1303,47.7039,A,5502.0,16506.0,38514.0,70.0
205,2359,Поло трикотажное шоколадный с липовым,tops_blouses,16.0,55010.0,0.1303,47.8342,A,3438.12,16503.0,38507.0,70.0
206,2156,Юбка трикотажная прямая полынь миди,skirts,16.0,54904.0,0.1301,47.9643,A,3431.5,16471.2,38432.8,70.0
207,2078,Джемпер Чешуйки оверсайз шоколад,knitwear,9.0,54720.0,0.1296,48.0939,A,6080.0,16416.0,38304.0,70.0
208,1061,Брюки трикотаж изумруд,pants,16.0,54680.0,0.1295,48.2234,A,3417.5,16404.0,38276.0,70.0
209,777,Свитер Кострома графит,knitwear,15.0,54584.0,0.1293,48.3527,A,3638.93,16375.2,38208.8,70.0
210,2553,Брюки Спортик женские зеленый олива,pants,10.0,54468.0,0.129,48.4818,A,5446.8,16340.4,38127.6,70.0
211,857,Джемпер ромашки розовый,knitwear,11.0,54458.3,0.129,48.6108,A,4950.75,16337.49,38120.81,70.0
212,2468,Платье трикотажное ажур Колоски макси ваниль,dresses,7.0,54432.0,0.1289,48.7397,A,7776.0,16329.6,38102.4,70.0
213,2499,Платье Город синий графит,dresses,7.0,54320.0,0.1287,48.8684,A,7760.0,16296.0,38024.0,70.0
214,242,Шапка взрослая черный,accessories,47.0,54220.0,0.1284,48.9968,A,1153.62,16266.0,37954.0,70.0
215,2652,Брюки фланель широкие в клетку шоко с молочным,pants,10.0,54150.0,0.1283,49.1251,A,5415.0,16245.0,37905.0,70.0
216,2694,Блуза с воротом стойка из тенсела сливовый,tops_blouses,9.0,54145.0,0.1283,49.2533,A,6016.11,16243.5,37901.5,70.0
217,2328,Джинсы-бананы молочный,pants,9.0,54120.0,0.1282,49.3815,A,6013.33,16236.0,37884.0,70.0
218,1319,Юбка трикотажная в рубчик макси шоколад,skirts,18.0,54000.0,0.1279,49.5094,A,3000.0,16200.0,37800.0,70.0
219,1160,Джемпер Сердечки нефрит,knitwear,10.0,53876.0,0.1276,49.6371,A,5387.6,16162.8,37713.2,70.0
220,2654,Джемпер Рыбка маренго с серым стандарт,knitwear,9.0,53340.0,0.1264,49.7634,A,5926.67,16002.0,37338.0,70.0
221,1238,Джемпер в рубчик укороченный лимонный,knitwear,22.0,53258.5,0.1262,49.8896,A,2420.84,15977.55,37280.95,70.0
222,2121,Пальто стеганое женское голубое,outerwear,7.0,53240.0,0.1261,50.0157,A,7605.71,15972.0,37268.0,70.0
223,2188,Юбка трикотажная прямая шерсть миди бургунди,skirts,13.0,53108.0,0.1258,50.1415,A,4085.23,15932.4,37175.6,70.0
224,2677,Пальто шерстяное двубортное на пуговицах маренго,outerwear,3.0,52875.0,0.1252,50.2667,A,17625.0,15862.5,37012.5,70.0
225,1062,Свитер базовый мужской изумруд,knitwear,12.0,52740.0,0.1249,50.3917,A,4395.0,15822.0,36918.0,70.0
226,968,Брюки льняные широкие морская волна,pants,10.0,52609.0,0.1246,50.5163,A,5260.9,15782.7,36826.3,70.0
227,141,Джемпер Джеки интерлок байкал,knitwear,10.0,52476.0,0.1243,50.6406,A,5247.6,15742.8,36733.2,70.0
228,1327,Жилет льняной серо-голубой,knitwear,13.0,52388.0,0.1241,50.7647,A,4029.85,15716.4,36671.6,70.0
229,1214,Свитер базовый круглый ворот алый,knitwear,15.0,52370.0,0.1241,50.8887,A,3491.33,15711.0,36659.0,70.0
230,746,Пиджак вискоза черный,jackets_blazers,8.0,52268.0,0.1238,51.0125,A,6533.5,15680.4,36587.6,70.0
231,2638,Пальто шерстяное утепленное двубортное на пуговицах маренго,outerwear,2.0,52200.0,0.1237,51.1362,A,26100.0,15660.0,36540.0,70.0
232,2551,Свитшот женский зеленый олива,tops_blouses,9.0,51996.0,0.1232,51.2594,A,5777.33,15598.8,36397.2,70.0
233,2572,Джемпер женский Софи изумруд,knitwear,9.0,51770.0,0.1226,51.382,A,5752.22,15531.0,36239.0,70.0
234,2676,Платье Этника трикотажное жаккард макси маренго-брусника,dresses,4.0,51750.0,0.1226,51.5046,A,12937.5,15525.0,36225.0,70.0
235,981,Джемпер Листочки двусторонний маренго-беж,knitwear,9.0,51520.0,0.122,51.6266,A,5724.44,15456.0,36064.0,70.0
236,1274,Футболка трикотажная косичка персик,tshirts_longsleeves,20.0,51190.0,0.1213,51.7479,A,2559.5,15357.0,35833.0,70.0
237,917,Тренч женский корица,outerwear,6.0,51170.0,0.1212,51.8691,A,8528.33,15351.0,35819.0,70.0
238,2469,Брюки на завязках вискоза сливочно-желтый,pants,9.0,51040.0,0.1209,51.99,A,5671.11,15312.0,35728.0,70.0
239,2663,Кардиган Оверсайз интерлок сливовый,knitwear,7.0,50540.0,0.1197,52.1097,A,7220.0,15162.0,35378.0,70.0
240,2634,Джемпер Авангард жаккард оверсайз джинс с голубым,pants,9.0,50024.0,0.1185,52.2282,A,5558.22,15007.2,35016.8,70.0
241,1070,Юбка миди атласная нефрит,skirts,15.0,50018.0,0.1185,52.3467,A,3334.53,15005.4,35012.6,70.0
242,2358,Жилет костюмный шоколадный,knitwear,9.0,49654.0,0.1176,52.4643,A,5517.11,14896.2,34757.8,70.0
243,2231,Палантин трикотажный Листочки шерсть шоколадно-бежевый,accessories,11.0,49600.0,0.1175,52.5818,A,4509.09,14880.0,34720.0,70.0
244,2200,Платье Ариэль макси искусственный шелк винный,dresses,10.0,49525.0,0.1173,52.6991,A,4952.5,14857.5,34667.5,70.0
245,1149,Джемпер Джеки интерлок серый,knitwear,10.0,49180.0,0.1165,52.8156,A,4918.0,14754.0,34426.0,70.0
246,2116,Куртка стеганая женская шоколад круглый ворот,outerwear,9.0,48986.0,0.116,52.9316,A,5442.89,14695.8,34290.2,70.0
247,753,Джинсы-бананы голубые,pants,8.0,48960.0,0.116,53.0476,A,6120.0,14688.0,34272.0,70.0
248,954,Футболка женская оверсайз с декором черная,tshirts_longsleeves,19.0,48945.0,0.1159,53.1636,A,2576.05,14683.5,34261.5,70.0
249,2416,Юбка трикотажная ажур Бриз ваниль,skirts,10.0,48870.0,0.1158,53.2793,A,4887.0,14661.0,34209.0,70.0
250,2474,Юбка трикотажная А-силуэта шерсть черный,skirts,13.0,48856.0,0.1157,53.3951,A,3758.15,14656.8,34199.2,70.0
251,2693,Джемпер Авангард жаккард оверсайз шерсть суровый-тауп,knitwear,6.0,48790.0,0.1156,53.5106,A,8131.67,14637.0,34153.0,70.0
252,2656,Блуза с воротом стойка из тенсела темный беж,tops_blouses,8.0,48750.0,0.1155,53.6261,A,6093.75,14625.0,34125.0,70.0
253,551,Брюки трикотаж шоколад,pants,15.0,48624.0,0.1152,53.7413,A,3241.6,14587.2,34036.8,70.0
254,2285,Брюки из вискозы Цветы синий,pants,15.0,48552.0,0.115,53.8563,A,3236.8,14565.6,33986.4,70.0
255,2447,Платье трикотажное ажур Колоски макси молочный,dresses,6.0,48320.0,0.1145,53.9707,A,8053.33,14496.0,33824.0,70.0
256,2032,Шорты льняные синие,pants,11.0,48300.0,0.1144,54.0852,A,4390.91,14490.0,33810.0,70.0
257,1338,Футболка трикотажная косичка байкал,tshirts_longsleeves,20.0,48140.0,0.114,54.1992,A,2407.0,14442.0,33698.0,70.0
258,2176,Джемпер Алиса бургунди шерсть,knitwear,9.0,48050.0,0.1138,54.313,A,5338.89,14415.0,33635.0,70.0
259,2690,Джемпер Ирония судьбы изумруд с розовой полосой,knitwear,8.0,47926.0,0.1135,54.4265,A,5990.75,14377.8,33548.2,70.0
260,2167,Шапка взрослая бургунди,accessories,43.0,47921.6,0.1135,54.5401,A,1114.46,14376.48,33545.12,70.0
261,2277,Манишка на завязках с воротом шерсть бургунди,accessories,12.0,47880.0,0.1134,54.6535,A,3990.0,14364.0,33516.0,70.0
262,1241,Джемпер в рубчик укороченный жемчужный,knitwear,19.0,47818.0,0.1133,54.7667,A,2516.74,14345.4,33472.6,70.0
263,691,Брюки палаццо вискоза сирень,pants,13.0,47720.0,0.113,54.8798,A,3670.77,14316.0,33404.0,70.0
264,1124,Свитер Кострома тауп,knitwear,13.0,47710.0,0.113,54.9928,A,3670.0,14313.0,33397.0,70.0
265,2347,Поло трикотажное черный с полосой травяной,tops_blouses,15.0,47682.0,0.1129,55.1057,A,3178.8,14304.6,33377.4,70.0
266,2148,Юбка трикотажная прямая бургунди макси,skirts,14.0,47680.0,0.1129,55.2187,A,3405.71,14304.0,33376.0,70.0
267,975,Джемпер Джаред оверсайз молочный,knitwear,9.0,47399.0,0.1123,55.331,A,5266.56,14219.7,33179.3,70.0
268,2375,Юбка трикотажная прямая маренго макси,skirts,13.0,47196.0,0.1118,55.4428,A,3630.46,14158.8,33037.2,70.0
269,2239,Косынка трикотажная шерсть бежевый,accessories,17.0,46925.0,0.1112,55.5539,A,2760.29,14077.5,32847.5,70.0
270,2175,Юбка трикотажная прямая шерсть макси горький шоколад,skirts,11.0,46860.0,0.111,55.6649,A,4260.0,14058.0,32802.0,70.0
271,2543,Платье Город корица,dresses,6.0,46740.0,0.1107,55.7756,A,7790.0,14022.0,32718.0,70.0
272,2659,Юбка трикотажная прямая сливовый миди,skirts,13.0,46588.0,0.1104,55.886,A,3583.69,13976.4,32611.6,70.0
273,1336,Рубашка льняная серо-голубой,tops_blouses,9.0,46572.0,0.1103,55.9963,A,5174.67,13971.6,32600.4,70.0
274,1251,Футболка трикотажная мята oversize,tshirts_longsleeves,21.0,46262.0,0.1096,56.1059,A,2202.95,13878.6,32383.4,70.0
275,2436,Платье Одри макси полынь круглый ворот,dresses,7.0,46260.0,0.1096,56.2155,A,6608.57,13878.0,32382.0,70.0
276,1167,Юбка лапша тауп,skirts,16.0,46127.89,0.1093,56.3247,A,2882.99,13838.37,32289.52,70.0
277,219,Шапка взрослая шоколад,accessories,38.0,46076.0,0.1091,56.4339,A,1212.53,13822.8,32253.2,70.0
278,344,Шапка взрослая красный,accessories,43.0,45960.0,0.1089,56.5428,A,1068.84,13788.0,32172.0,70.0
279,1104,Палантин трикотажный Листочки красно-молочный,accessories,13.0,45788.0,0.1085,56.6512,A,3522.15,13736.4,32051.6,70.0
280,654,Тельняшка тонкая красный,tshirts_longsleeves,23.0,45463.95,0.1077,56.7589,A,1976.69,13639.18,31824.77,70.0
281,1170,Свитер с горлом брусника,knitwear,19.0,45460.0,0.1077,56.8666,A,2392.63,13638.0,31822.0,70.0
282,1248,Рубашка женская вискоза незабудки,tops_blouses,11.0,45289.98,0.1073,56.9739,A,4117.27,13586.99,31702.99,70.0
283,1059,Шапка взрослая байкал,accessories,40.0,45066.0,0.1068,57.0806,A,1126.65,13519.8,31546.2,70.0
284,2721,Палантин трикотажный Рыбка бургунди-капучино,accessories,11.0,44700.0,0.1059,57.1865,A,4063.64,13410.0,31290.0,70.0
285,2831,Джемпер Ромашки Нью серый меланж-светлый лайм,knitwear,6.0,44540.0,0.1055,57.292,A,7423.33,13362.0,31178.0,70.0
286,2370,Майка трикотажная V-вырез полынь,tops_blouses,21.0,44154.0,0.1046,57.3966,A,2102.57,13246.2,30907.8,70.0
287,1161,Юбка лапша олива,skirts,15.0,43900.0,0.104,57.5006,A,2926.67,13170.0,30730.0,70.0
288,2276,Манишка на завязках с воротом шерсть светлый беж,accessories,12.0,43775.4,0.1037,57.6043,A,3647.95,13132.62,30642.78,70.0
289,693,Кардиган Leo жаккард зеленый,knitwear,8.0,43700.0,0.1035,57.7078,A,5462.5,13110.0,30590.0,70.0
290,2113,Пальто женское оверсайз серое,outerwear,3.0,43600.0,0.1033,57.8111,A,14533.33,13080.0,30520.0,70.0
291,2646,Кардиган Зебра оверсайз жаккард брусника с маренго,knitwear,7.0,43560.0,0.1032,57.9143,A,6222.86,13068.0,30492.0,70.0
292,2596,Пальто-жакет женский серый,outerwear,3.0,43364.0,0.1027,58.017,A,14454.67,13009.2,30354.8,70.0
293,93,Топ в рубчик V-вырез белый,tops_blouses,29.0,43271.5,0.1025,58.1195,A,1492.12,12981.45,30290.05,70.0
294,2307,Юбка костюмная мини сливочно-желтый,skirts,11.0,43260.0,0.1025,58.222,A,3932.73,12978.0,30282.0,70.0
295,2444,Футболка трикотажная ажур Листочки черный,tshirts_longsleeves,7.0,43106.0,0.1021,58.3241,A,6158.0,12931.8,30174.2,70.0
296,950,Джемпер Джаред оверсайз черный,knitwear,8.0,43070.0,0.102,58.4261,A,5383.75,12921.0,30149.0,70.0
297,2074,Бомбер женский серый в клетку,outerwear,3.0,42920.0,0.1017,58.5278,A,14306.67,12876.0,30044.0,70.0
298,2641,Блуза с воротом стойка из тенсела беж,tops_blouses,7.0,42900.0,0.1016,58.6294,A,6128.57,12870.0,30030.0,70.0
299,1203,Блузка женская с рюшей из тенсела черный,tops_blouses,9.0,42860.0,0.1015,58.7309,A,4762.22,12858.0,30002.0,70.0
300,2810,Джемпер Кувшинки байкал-сирень,knitwear,7.0,42776.0,0.1013,58.8322,A,6110.86,12832.8,29943.2,70.0
301,365,Шапка Взрослая шерсть молочный,accessories,28.0,42720.0,0.1012,58.9334,A,1525.71,12816.0,29904.0,70.0
302,2441,Лонгслив трикотажный ажур Листочки капучино,tshirts_longsleeves,7.0,42560.0,0.1008,59.0342,A,6080.0,12768.0,29792.0,70.0
303,2537,Жилет Баба-Яга,knitwear,7.0,42560.0,0.1008,59.1351,A,6080.0,12768.0,29792.0,70.0
304,2210,Топ на широких бретелях искусственный шелк шоколад,tops_blouses,17.0,42440.0,0.1005,59.2356,A,2496.47,12732.0,29708.0,70.0
305,364,Шапка Взрослая шерсть черный,accessories,25.0,42400.0,0.1004,59.336,A,1696.0,12720.0,29680.0,70.0
306,912,Джемпер Чешуйки двусторонний мята,knitwear,8.0,42330.0,0.1003,59.4363,A,5291.25,12699.0,29631.0,70.0
307,2158,Юбка трикотажная прямая шоколад миди,skirts,12.0,42320.0,0.1002,59.5365,A,3526.67,12696.0,29624.0,70.0
308,873,Джемпер Ромашки желтый с мятным,knitwear,8.0,42320.0,0.1002,59.6368,A,5290.0,12696.0,29624.0,70.0
309,239,Шапка взрослая светлый беж,accessories,34.0,42280.0,0.1002,59.7369,A,1243.53,12684.0,29596.0,70.0
310,2393,Платье Одри макси джинс круглый ворот,dresses,6.0,42120.0,0.0998,59.8367,A,7020.0,12636.0,29484.0,70.0
311,2189,Кардиган Чешуйки жаккард тауп,knitwear,7.0,42100.0,0.0997,59.9364,A,6014.29,12630.0,29470.0,70.0
312,2128,Джемпер Джеки интерлок светлый беж,knitwear,8.0,41560.0,0.0984,60.0349,A,5195.0,12468.0,29092.0,70.0
313,2406,Жилет костюмный эвкалипт,knitwear,7.0,41478.0,0.0983,60.1331,A,5925.43,12443.4,29034.6,70.0
314,2503,Платье тонкое трикотажное Косичка макси брусника,dresses,8.0,41420.0,0.0981,60.2313,A,5177.5,12426.0,28994.0,70.0
315,1294,Юбка макси атлас шоколад леопард,skirts,12.0,41076.0,0.0973,60.3286,A,3423.0,12322.8,28753.2,70.0
316,2312,Парка английская на меховой подкладке молочный,outerwear,4.0,40656.0,0.0963,60.4249,A,10164.0,12196.8,28459.2,70.0
317,979,Юбка миди атласная беж,skirts,12.0,40580.0,0.0961,60.521,A,3381.67,12174.0,28406.0,70.0
318,2195,Юбка трикотажная прямая шерсть миди бежевый,skirts,10.0,40528.0,0.096,60.617,A,4052.8,12158.4,28369.6,70.0
319,2147,Парка английская на шерстяной подкладке изумрудный,outerwear,4.0,40356.0,0.0956,60.7126,A,10089.0,12106.8,28249.2,70.0
320,1179,Худи женское с капюшоном мята,tops_blouses,9.0,40350.0,0.0956,60.8082,A,4483.33,12105.0,28245.0,70.0
321,2077,Кардиган Чешуйки жаккард шоколад,knitwear,7.0,40300.0,0.0955,60.9036,A,5757.14,12090.0,28210.0,70.0
322,756,Брюки палаццо вискоза песочный,pants,11.0,40250.0,0.0953,60.999,A,3659.09,12075.0,28175.0,70.0
323,2031,Брюки палаццо льняные синие,pants,7.0,40020.0,0.0948,61.0938,A,5717.14,12006.0,28014.0,70.0
324,1116,Подарочный сертификат 10 000,gift_cards,4.0,40000.0,0.0948,61.1885,A,10000.0,12000.0,28000.0,70.0
325,2064,Юбка макси атлас горчица,skirts,13.0,39907.0,0.0945,61.283,A,3069.77,11972.1,27934.9,70.0
326,2480,Поло трикотажное морская волна с молочным,tops_blouses,12.0,39834.0,0.0944,61.3774,A,3319.5,11950.2,27883.8,70.0
327,2169,Джемпер Джеки шерсть бежевый,knitwear,7.0,39680.0,0.094,61.4714,A,5668.57,11904.0,27776.0,70.0
328,786,Шапка взрослая шерсть красный,accessories,26.0,39669.0,0.094,61.5654,A,1525.73,11900.7,27768.3,70.0
329,2636,Брюки прямые утепленные тауп,pants,11.0,39540.0,0.0937,61.659,A,3594.55,11862.0,27678.0,70.0
330,1083,Свитер Кострома джинс,pants,11.0,39280.0,0.093,61.7521,A,3570.91,11784.0,27496.0,70.0
331,1130,Джемперу двусторонний Конфетки нефрит,other,8.0,39008.5,0.0924,61.8445,A,4876.06,11702.55,27305.95,70.0
332,2691,Кардиган Оверсайз интерлок шерсть красный,knitwear,5.0,38958.0,0.0923,61.9368,A,7791.6,11687.4,27270.6,70.0
333,1311,Юбка трикотажная в рубчик макси хаки,skirts,14.0,38868.0,0.0921,62.0288,A,2776.29,11660.4,27207.6,70.0
334,2481,Футболка трикотажная косичка липа,tshirts_longsleeves,18.0,38808.0,0.0919,62.1208,A,2156.0,11642.4,27165.6,70.0
335,1217,Футболка женская оверсайз с декором олива,tshirts_longsleeves,15.0,38767.0,0.0918,62.2126,A,2584.47,11630.1,27136.9,70.0
336,694,Шорты льняные морская волна,pants,9.0,38760.0,0.0918,62.3044,A,4306.67,11628.0,27132.0,70.0
337,2041,Рубашка женская хлопок голубая орнамент,tops_blouses,9.0,38680.0,0.0916,62.396,A,4297.78,11604.0,27076.0,70.0
338,1325,Брюки женские вискоза листья бежевый,pants,10.0,38672.0,0.0916,62.4876,A,3867.2,11601.6,27070.4,70.0
339,2139,Свитер Кострома полынь,knitwear,11.0,38650.0,0.0916,62.5792,A,3513.64,11595.0,27055.0,70.0
340,1135,Футболка мужская белый,tshirts_longsleeves,22.0,38581.5,0.0914,62.6706,A,1753.7,11574.45,27007.05,70.0
341,223,Шапка взрослая зефир,accessories,34.0,38496.0,0.0912,62.7618,A,1132.24,11548.8,26947.2,70.0
342,1055,Свитер с горлом ежевика,knitwear,16.0,38472.72,0.0911,62.8529,A,2404.55,11541.82,26930.9,70.0
343,2473,Рубашка женская из тенсела серая акварель,tops_blouses,7.0,38396.0,0.091,62.9438,A,5485.14,11518.8,26877.2,70.0
344,1326,Жилет льняной тауп,knitwear,9.0,38372.0,0.0909,63.0347,A,4263.56,11511.6,26860.4,70.0
345,1250,Футболка трикотажная графит,tshirts_longsleeves,15.0,38142.8,0.0904,63.1251,A,2542.85,11442.84,26699.96,70.0
346,1259,Футболка трикотаж манго,tshirts_longsleeves,15.0,38130.0,0.0903,63.2154,A,2542.0,11439.0,26691.0,70.0
347,2409,Юбка трикотажная ажур Бриз тауп,skirts,8.0,38070.0,0.0902,63.3056,A,4758.75,11421.0,26649.0,70.0
348,217,Шапка взрослая маренго,accessories,32.0,38000.0,0.09,63.3956,A,1187.5,11400.0,26600.0,70.0
349,1072,Свитер базовый шерсть оливка,knitwear,11.0,37964.0,0.0899,63.4855,A,3451.27,11389.2,26574.8,70.0
350,1180,Худи женское с капюшоном серый,tops_blouses,8.0,37780.0,0.0895,63.575,A,4722.5,11334.0,26446.0,70.0
351,2341,Кардиган с воротником на пуговицах молочный,knitwear,9.0,37700.0,0.0893,63.6643,A,4188.89,11310.0,26390.0,70.0
352,1260,Футболка трикотаж молочный oversize,tshirts_longsleeves,16.0,37526.0,0.0889,63.7532,A,2345.38,11257.8,26268.2,70.0
353,236,Шапка взрослая джинс,accessories,32.0,37476.0,0.0888,63.842,A,1171.12,11242.8,26233.2,70.0
354,868,Джемпер детский Ромашки черный,knitwear,12.0,37380.0,0.0885,63.9305,A,3115.0,11214.0,26166.0,70.0
355,255,Шарф взрослый маренго,accessories,17.0,37345.0,0.0885,64.019,A,2196.76,11203.5,26141.5,70.0
356,949,Джемпер Джаред оверсайз светлый лайм,knitwear,7.0,37340.0,0.0885,64.1075,A,5334.29,11202.0,26138.0,70.0
357,2557,Юбка Город синий графит макси,skirts,6.0,37296.0,0.0883,64.1958,A,6216.0,11188.8,26107.2,70.0
358,978,Юбка атласная миди черный,skirts,11.0,37210.0,0.0881,64.2839,A,3382.73,11163.0,26047.0,70.0
359,2193,Джемпер Агата шерсть бежевый,knitwear,7.0,37200.0,0.0881,64.3721,A,5314.29,11160.0,26040.0,70.0
360,1339,Платье Ирис из вискозы в цветок,dresses,8.0,37090.0,0.0879,64.4599,A,4636.25,11127.0,25963.0,70.0
361,2260,Джемпер Чешуйки оверсайз тауп-беж,knitwear,6.0,36720.0,0.087,64.5469,A,6120.0,11016.0,25704.0,70.0
362,2736,Юбка Мерилин из тенсела шоколад,skirts,5.0,36680.0,0.0869,64.6338,A,7336.0,11004.0,25676.0,70.0
363,2198,Платье Ариэль макси искусственный шелк черный,dresses,7.0,36655.0,0.0868,64.7206,A,5236.43,10996.5,25658.5,70.0
364,2602,Кардиган Оверсайз интерлок маренго,knitwear,5.0,36632.0,0.0868,64.8074,A,7326.4,10989.6,25642.4,70.0
365,1150,Джемпер Лисичка лайм,knitwear,7.0,36620.0,0.0867,64.8941,A,5231.43,10986.0,25634.0,70.0
366,2304,Кардиган с воротником на пуговицах светло-серый,knitwear,9.0,36580.0,0.0866,64.9808,A,4064.44,10974.0,25606.0,70.0
367,2626,Джемпер Авангард жаккард маренго-брусника,knitwear,7.0,36544.0,0.0866,65.0673,A,5220.57,10963.2,25580.8,70.0
368,245,Шапка взрослая шерсть голубой,accessories,22.0,36449.0,0.0863,65.1537,A,1656.77,10934.7,25514.3,70.0
369,2521,Брюки женские вискоза какао,pants,8.0,36400.0,0.0862,65.2399,A,4550.0,10920.0,25480.0,70.0
370,747,Пиджак вискоза песочный,jackets_blazers,6.0,36375.0,0.0862,65.3261,A,6062.5,10912.5,25462.5,70.0
371,2346,Юбка джинсовая макси графит,skirts,6.0,36288.0,0.086,65.412,A,6048.0,10886.4,25401.6,70.0
372,870,Джемпер детский Ромашки лаванда,knitwear,11.0,36260.0,0.0859,65.4979,A,3296.36,10878.0,25382.0,70.0
373,2202,Платье Агата мини велюр лайм,dresses,7.0,36230.0,0.0858,65.5837,A,5175.71,10869.0,25361.0,70.0
374,2505,Поло мужское трикотажное бежевый,tops_blouses,6.0,36216.0,0.0858,65.6695,A,6036.0,10864.8,25351.2,70.0
375,579,Шапка взрослая апельсин,accessories,32.0,36196.0,0.0857,65.7553,A,1131.12,10858.8,25337.2,70.0
376,2086,Футболка трикотажная косичка черный,tshirts_longsleeves,14.0,36165.0,0.0857,65.8409,A,2583.21,10849.5,25315.5,70.0
377,831,Платье интерлок макси черный,dresses,6.0,36110.0,0.0855,65.9265,A,6018.33,10833.0,25277.0,70.0
378,2741,Джемпер Бантики сливовый с байкалом,knitwear,6.0,36054.0,0.0854,66.0119,A,6009.0,10816.2,25237.8,70.0
379,2187,Юбка трикотажная прямая шерсть макси бургунди,skirts,8.0,36000.0,0.0853,66.0972,A,4500.0,10800.0,25200.0,70.0
380,2777,Брюки женские флисовые красный,pants,9.0,35980.0,0.0852,66.1824,A,3997.78,10794.0,25186.0,70.0
381,2714,Юбка из тафты мини черная,skirts,9.0,35952.0,0.0852,66.2675,A,3994.67,10785.6,25166.4,70.0
382,2243,Платье Ариэль макси искусственный шелк серебро,dresses,7.0,35920.0,0.0851,66.3526,A,5131.43,10776.0,25144.0,70.0
383,2315,Рубашка хлопок полынь,tops_blouses,9.0,35920.0,0.0851,66.4377,A,3991.11,10776.0,25144.0,70.0
384,2090,Джемпер Грибочки мужской полынь-лимон,knitwear,5.0,35860.0,0.0849,66.5227,A,7172.0,10758.0,25102.0,70.0
385,2278,Джемпер Агата красный,knitwear,7.0,35859.92,0.0849,66.6076,A,5122.85,10757.98,25101.94,70.0
386,2443,Лонгслив трикотажный ажур Листочки черный,tshirts_longsleeves,6.0,35720.0,0.0846,66.6922,A,5953.33,10716.0,25004.0,70.0
387,2570,Джемпер женский Софи пудра,knitwear,6.0,35650.0,0.0844,66.7767,A,5941.67,10695.0,24955.0,70.0
388,1300,Юбка трикотажная в рубчик макси фуксия,skirts,13.0,35640.0,0.0844,66.8611,A,2741.54,10692.0,24948.0,70.0
389,2386,Рубашка хлопок персиковый,tops_blouses,9.0,35560.0,0.0842,66.9453,A,3951.11,10668.0,24892.0,70.0
390,221,Шапка взрослая манго,accessories,28.0,35413.0,0.0839,67.0292,A,1264.75,10623.9,24789.1,70.0
391,2356,Юбка джинсовая макси зебра оливковая,skirts,6.0,35392.0,0.0838,67.113,A,5898.67,10617.6,24774.4,70.0
392,2618,Кардиган Зебра оверсайз жаккард черный с белым,knitwear,7.0,35265.0,0.0835,67.1966,A,5037.86,10579.5,24685.5,70.0
393,2368,Поло трикотажное алый с шоколадной полосой,tops_blouses,11.0,35200.0,0.0834,67.28,A,3200.0,10560.0,24640.0,70.0
394,1301,Джемпер в рубчик укороченный хаки,knitwear,15.0,35079.0,0.0831,67.3631,A,2338.6,10523.7,24555.3,70.0
395,2168,Косынка трикотажная шерсть молочный,accessories,12.0,34940.0,0.0828,67.4458,A,2911.67,10482.0,24458.0,70.0
396,1041,Шапка взрослая тауп,accessories,32.0,34836.0,0.0825,67.5283,A,1088.62,10450.8,24385.2,70.0
397,2208,Брюки палаццо искусственный шелк изумруд,pants,9.0,34770.0,0.0824,67.6107,A,3863.33,10431.0,24339.0,70.0
398,2372,Майка трикотажная V-вырез молочный,tops_blouses,17.0,34758.0,0.0823,67.693,A,2044.59,10427.4,24330.6,70.0
399,531,Свитер Кострома маренго,knitwear,10.0,34748.0,0.0823,67.7753,A,3474.8,10424.4,24323.6,70.0
400,2323,Джемпер Незабудки женский серый,knitwear,6.0,34640.0,0.0821,67.8574,A,5773.33,10392.0,24248.0,70.0
401,751,Шапка взрослая оранжевый,accessories,33.0,34636.0,0.082,67.9394,A,1049.58,10390.8,24245.2,70.0
402,2343,Кардиган трикотажный на завязках светло-желтый,knitwear,7.0,34614.0,0.082,68.0214,A,4944.86,10384.2,24229.8,70.0
403,2290,Футболка трикотажная косичка бургунди,tshirts_longsleeves,15.0,34577.0,0.0819,68.1033,A,2305.13,10373.1,24203.9,70.0
404,2107,Брюки палаццо вискоза корица в полоску,pants,8.0,34550.0,0.0818,68.1852,A,4318.75,10365.0,24185.0,70.0
405,235,Шапка взрослая электрик синий,accessories,29.0,34512.0,0.0818,68.2669,A,1190.07,10353.6,24158.4,70.0
406,2251,Джемпер Джеки интерлок бургунди,knitwear,7.0,34500.0,0.0817,68.3487,A,4928.57,10350.0,24150.0,70.0
407,486,Топ в рубчик V-вырез черный,tops_blouses,27.0,34488.7,0.0817,68.4304,A,1277.36,10346.61,24142.09,70.0
408,2314,Рубашка хлопок пыльно-голубой,tops_blouses,8.0,34440.0,0.0816,68.5119,A,4305.0,10332.0,24108.0,70.0
409,2610,Джемпер Джеки Нью интерлок тауп,knitwear,6.0,34410.0,0.0815,68.5934,A,5735.0,10323.0,24087.0,70.0
410,1240,Джемпер в рубчик укороченный лайм,knitwear,14.0,34242.5,0.0811,68.6746,A,2445.89,10272.75,23969.75,70.0
411,1308,Юбка трикотажная в рубчик макси жемчужный,skirts,11.0,34240.0,0.0811,68.7557,A,3112.73,10272.0,23968.0,70.0
412,2467,Юбка трикотажная ажур Листочки темный шоколад,skirts,6.0,34100.0,0.0808,68.8364,A,5683.33,10230.0,23870.0,70.0
413,2085,Футболка трикотажная косичка полынь,tshirts_longsleeves,14.0,34080.0,0.0807,68.9172,A,2434.29,10224.0,23856.0,70.0
414,2194,Юбка трикотажная прямая шерсть макси бежевый,skirts,8.0,34080.0,0.0807,68.9979,A,4260.0,10224.0,23856.0,70.0
415,1025,Джемпер Джаред оверсайз Байкал,knitwear,6.0,33774.0,0.08,69.0779,A,5629.0,10132.2,23641.8,70.0
416,254,Шарф взрослый красный,accessories,15.0,33774.0,0.08,69.1579,A,2251.6,10132.2,23641.8,70.0
417,2144,Джемпер Чешуйки оверсайз полынь,knitwear,5.0,33760.0,0.08,69.2379,A,6752.0,10128.0,23632.0,70.0
418,1159,Джемпер Сердечки лайм,knitwear,7.0,33666.0,0.0797,69.3176,A,4809.43,10099.8,23566.2,70.0
419,1341,Брюки палаццо льняные тауп,pants,6.0,32944.0,0.078,69.3957,A,5490.67,9883.2,23060.8,70.0
420,2390,Рубашка с коротким рукавом бежевая с незабудками,tops_blouses,8.0,32692.4,0.0774,69.4731,A,4086.55,9807.72,22884.68,70.0
421,2219,Жакет с поясом искусственный шелк винный,jackets_blazers,7.0,32670.0,0.0774,69.5505,A,4667.14,9801.0,22869.0,70.0
422,2115,Куртка стеганая женская фуксия круглый ворот,outerwear,6.0,32600.0,0.0772,69.6277,A,5433.33,9780.0,22820.0,70.0
423,642,Тельняшка тонкая фуксия,tshirts_longsleeves,31.0,32500.0,0.077,69.7047,A,1048.39,9750.0,22750.0,70.0
424,2220,Юбка трикотажная прямая тауп макси,skirts,9.0,32470.0,0.0769,69.7816,A,3607.78,9741.0,22729.0,70.0
425,2245,Юбка трикотажная прямая шерсть миди имбирь,skirts,8.0,32350.0,0.0766,69.8582,A,4043.75,9705.0,22645.0,70.0
426,2744,Джемпер Джеки Нью интерлок шерсть суровый,knitwear,5.0,32256.0,0.0764,69.9346,A,6451.2,9676.8,22579.2,70.0
427,2470,Брюки на завязках хлопок небесно-голубой,pants,6.0,32190.0,0.0763,70.0109,A,5365.0,9657.0,22533.0,70.0
428,2218,Жакет с поясом искусственный шелк изумруд,jackets_blazers,7.0,32130.0,0.0761,70.087,A,4590.0,9639.0,22491.0,70.0
429,543,Свитер Кострома шоколад,knitwear,10.0,32084.0,0.076,70.163,A,3208.4,9625.2,22458.8,70.0
430,2667,Джемпер Авангард жаккард оверсайз серо-голубой c синим,knitwear,5.0,31820.0,0.0754,70.2384,A,6364.0,9546.0,22274.0,70.0
431,2024,Платье лапшаV-вырез one size молочный,dresses,8.0,31710.0,0.0751,70.3135,A,3963.75,9513.0,22197.0,70.0
432,985,Джемпер женский Грибочки хаки-лайм,knitwear,6.0,31640.0,0.0749,70.3884,A,5273.33,9492.0,22148.0,70.0
433,2163,Платье интерлок макси джинс,dresses,5.0,31560.0,0.0748,70.4632,A,6312.0,9468.0,22092.0,70.0
434,2460,Майка трикотажная V-вырез светло-желтый,tops_blouses,15.0,31460.0,0.0745,70.5377,A,2097.33,9438.0,22022.0,70.0
435,2535,Палантин Баба-Яга,accessories,6.0,31430.0,0.0745,70.6122,A,5238.33,9429.0,22001.0,70.0
436,2475,Жилет джинсовый молочный леопард,pants,8.0,31332.0,0.0742,70.6864,A,3916.5,9399.6,21932.4,70.0
437,2479,Поло трикотажное горький шоколад с липовым,tops_blouses,9.0,31320.0,0.0742,70.7606,A,3480.0,9396.0,21924.0,70.0
438,678,Кардиган Leo жаккард розовый,knitwear,6.0,31280.0,0.0741,70.8347,A,5213.33,9384.0,21896.0,70.0
439,1182,Лонгслив трикотажный женский лосось,tshirts_longsleeves,17.0,31270.0,0.0741,70.9088,A,1839.41,9381.0,21889.0,70.0
440,1029,Шапка взрослая шерсть олива,accessories,19.0,31092.31,0.0737,70.9824,A,1636.44,9327.69,21764.62,70.0
441,2256,Брюки трикотаж шерсть горький шоколад,pants,6.0,31080.0,0.0736,71.056,A,5180.0,9324.0,21756.0,70.0
442,2082,Юбка лапша черный макси,skirts,9.0,30960.0,0.0733,71.1294,A,3440.0,9288.0,21672.0,70.0
443,2371,Майка трикотажная V-вырез серо-лавандовый,tops_blouses,15.0,30930.0,0.0733,71.2026,A,2062.0,9279.0,21651.0,70.0
444,525,Свитер Кострома орех,knitwear,9.0,30874.0,0.0731,71.2758,A,3430.44,9262.2,21611.8,70.0
445,874,Джемпер Ромашки маренго,knitwear,6.0,30810.0,0.073,71.3487,A,5135.0,9243.0,21567.0,70.0
446,791,Платье комбинация искуственный шелк голубой шк,dresses,8.0,30740.0,0.0728,71.4216,A,3842.5,9222.0,21518.0,70.0
447,68,Топ в рубчик V-вырез беж,tops_blouses,23.0,30664.0,0.0726,71.4942,A,1333.22,9199.2,21464.8,70.0
448,1227,Джемпер Чешуйки оверсайз джинс-байкал,pants,5.0,30660.0,0.0726,71.5668,A,6132.0,9198.0,21462.0,70.0
449,2631,Шапка взрослая сливовый,accessories,27.0,30640.0,0.0726,71.6394,A,1134.81,9192.0,21448.0,70.0
450,2081,Юбка лапша графит макси,skirts,9.0,30590.0,0.0725,71.7119,A,3398.89,9177.0,21413.0,70.0
451,688,Пиджак вискоза голубой,jackets_blazers,7.0,30498.0,0.0722,71.7841,A,4356.86,9149.4,21348.6,70.0
452,2302,Юбка плиссе трикотажная мини алый,skirts,11.0,30496.0,0.0722,71.8563,A,2772.36,9148.8,21347.2,70.0
453,1298,Джемпер Джаред оверсайз мятный,knitwear,6.0,30420.0,0.0721,71.9284,A,5070.0,9126.0,21294.0,70.0
454,2555,Лонгслив женский банановый,tshirts_longsleeves,9.0,30420.0,0.0721,72.0005,A,3380.0,9126.0,21294.0,70.0
455,869,Джемпер детский Ромашки зеленый,knitwear,11.0,30420.0,0.0721,72.0725,A,2765.45,9126.0,21294.0,70.0
456,2087,Футболка трикотажная косичка тауп,tshirts_longsleeves,13.0,30360.0,0.0719,72.1444,A,2335.38,9108.0,21252.0,70.0
457,931,Джемпер Листочки двусторонний розово-оранжевый,knitwear,6.0,30360.0,0.0719,72.2164,A,5060.0,9108.0,21252.0,70.0
458,237,Шапка взрослая серо-голубой,accessories,27.0,30290.0,0.0718,72.2881,A,1121.85,9087.0,21203.0,70.0
459,1337,Брюки палаццо льняные серо-голубой,pants,6.0,30276.0,0.0717,72.3598,A,5046.0,9082.8,21193.2,70.0
460,1276,Футболка трикотажная косичка олива,tshirts_longsleeves,12.0,30258.0,0.0717,72.4315,A,2521.5,9077.4,21180.6,70.0
461,2695,Блуза с воротом стойка из тенсела белый,tops_blouses,5.0,30225.0,0.0716,72.5031,A,6045.0,9067.5,21157.5,70.0
462,1140,Футболка мужская олива,tshirts_longsleeves,18.0,30134.9,0.0714,72.5745,A,1674.16,9040.47,21094.43,70.0
463,929,Джемпер Листочки двусторонний розово-серый,knitwear,6.0,30126.0,0.0714,72.6458,A,5021.0,9037.8,21088.2,70.0
464,2020,Свитер базовый шерсть орех,knitwear,7.0,29984.0,0.071,72.7169,A,4283.43,8995.2,20988.8,70.0
465,2528,Сарафан на бретелях вискоза какао,dresses,4.0,29880.0,0.0708,72.7876,A,7470.0,8964.0,20916.0,70.0
466,2159,Шарф взрослый бургунди,accessories,14.0,29780.0,0.0705,72.8582,A,2127.14,8934.0,20846.0,70.0
467,1305,Юбка трикотажная в рубчик макси черный,skirts,11.0,29730.0,0.0704,72.9286,A,2702.73,8919.0,20811.0,70.0
468,655,Тельняшка тонкая небесно-голубой,tshirts_longsleeves,17.0,29710.0,0.0704,72.999,A,1747.65,8913.0,20797.0,70.0
469,772,Кардиган Leo жаккард фиолет,knitwear,5.0,29680.0,0.0703,73.0693,A,5936.0,8904.0,20776.0,70.0
470,1330,Платье Ирис льняное зеленый,dresses,4.0,29605.0,0.0701,73.1394,A,7401.25,8881.5,20723.5,70.0
471,2313,Парка английская шерсть ореховая в клетку,outerwear,2.0,29600.0,0.0701,73.2095,A,14800.0,8880.0,20720.0,70.0
472,1258,Футболка трикотажная лайм oversize,tshirts_longsleeves,16.0,29598.0,0.0701,73.2796,A,1849.88,8879.4,20718.6,70.0
473,2756,Джемпер с конем бежевый,knitwear,5.0,29512.0,0.0699,73.3495,A,5902.4,8853.6,20658.4,70.0
474,2140,Юбка трикотажная прямая шерсть макси шоколад,skirts,7.0,29380.0,0.0696,73.4191,A,4197.14,8814.0,20566.0,70.0
475,1078,Джемпер Лайт шерсть голубой,knitwear,10.0,29200.0,0.0692,73.4883,A,2920.0,8760.0,20440.0,70.0
476,2728,Кардиган Авангард жаккард маренго-слива,knitwear,4.0,29170.0,0.0691,73.5574,A,7292.5,8751.0,20419.0,70.0
477,2247,Манишка на завязках с воротом шерсть фрезия,accessories,9.0,29110.0,0.069,73.6264,A,3234.44,8733.0,20377.0,70.0
478,2040,Рубашка женская вискоза в голубой цветок,tops_blouses,8.0,29060.0,0.0688,73.6952,A,3632.5,8718.0,20342.0,70.0
479,234,Шапка взрослая травяной,accessories,26.0,29036.0,0.0688,73.764,A,1116.77,8710.8,20325.2,70.0
480,1219,Лонгслив трикотажный женский алый,tshirts_longsleeves,15.0,29030.0,0.0688,73.8327,A,1935.33,8709.0,20321.0,70.0
481,2225,Жакет с поясом велюр шоколад,jackets_blazers,6.0,28900.0,0.0685,73.9012,A,4816.67,8670.0,20230.0,70.0
482,2123,Бомбер женский серо-голубой,outerwear,2.0,28860.0,0.0684,73.9696,A,14430.0,8658.0,20202.0,70.0
483,2523,Футболка трикотажная косичка капучино,tshirts_longsleeves,12.0,28780.0,0.0682,74.0377,A,2398.33,8634.0,20146.0,70.0
484,1129,Джемпер двусторонний Конфетки розовый0,knitwear,6.0,28550.0,0.0676,74.1054,A,4758.33,8565.0,19985.0,70.0
485,495,Джемпер Лайт шерсть молочный,knitwear,9.0,28378.0,0.0672,74.1726,A,3153.11,8513.4,19864.6,70.0
486,2720,Джемпер Бантики сливовый с пудрой,knitwear,5.0,28210.0,0.0668,74.2394,A,5642.0,8463.0,19747.0,70.0
487,649,Тельняшка тонкая зеленый,tshirts_longsleeves,22.0,28210.0,0.0668,74.3062,A,1282.27,8463.0,19747.0,70.0
488,2340,Кардиган с воротником на пуговицах алый,knitwear,6.0,28170.0,0.0667,74.373,A,4695.0,8451.0,19719.0,70.0
489,930,Джемпер Листочки двусторонний жемчужно-зеленый,knitwear,5.0,28100.0,0.0666,74.4395,A,5620.0,8430.0,19670.0,70.0
490,1194,Юбка трикотаж А-силуэта олива кукурузка,skirts,11.0,28060.0,0.0665,74.506,A,2550.91,8418.0,19642.0,70.0
491,497,Свитер с горлом лиловый,knitwear,13.0,27991.02,0.0663,74.5723,A,2153.16,8397.31,19593.71,70.0
492,2065,Юбка макси атлас графит,skirts,8.0,27740.0,0.0657,74.638,A,3467.5,8322.0,19418.0,70.0
493,1296,Джемпер детский Ромашки морская волна - молочным,knitwear,8.0,27732.0,0.0657,74.7037,A,3466.5,8319.6,19412.4,70.0
494,2633,Костюм домашний женский Хоум розовый меланж,suits,8.0,27720.0,0.0657,74.7694,A,3465.0,8316.0,19404.0,70.0
495,2205,Платье Агата мини искусственный шелк черный,dresses,6.0,27620.0,0.0654,74.8348,A,4603.33,8286.0,19334.0,70.0
496,2824,Джемпер Кувшинки серый меланж-мята,knitwear,5.0,27620.0,0.0654,74.9002,A,5524.0,8286.0,19334.0,70.0
497,1030,Шапка взрослая шерсть орех,accessories,18.0,27560.0,0.0653,74.9655,A,1531.11,8268.0,19292.0,70.0
498,1239,Джемпер в рубчик укороченный лиловый,knitwear,11.0,27515.0,0.0652,75.0307,A,2501.36,8254.5,19260.5,70.0
499,1309,Юбка трикотажная в рубчик макси лимонный,skirts,9.0,27460.0,0.065,75.0957,A,3051.11,8238.0,19222.0,70.0
500,2723,Палантин трикотажный Рыбка горький шоколад с капучино,accessories,7.0,27450.0,0.065,75.1607,A,3921.43,8235.0,19215.0,70.0
501,2509,Брюки Лето женские вискоза синий с молочным,pants,7.0,27364.0,0.0648,75.2256,A,3909.14,8209.2,19154.8,70.0
502,1222,Джемпер Джаред оверсайз лайм,knitwear,5.0,27180.0,0.0644,75.2899,A,5436.0,8154.0,19026.0,70.0
503,2594,Пальто-жакет женский морковный в клетку,outerwear,2.0,27084.0,0.0642,75.3541,A,13542.0,8125.2,18958.8,70.0
504,73,Топ в рубчик V-вырез хаки,tops_blouses,19.0,27076.7,0.0641,75.4182,A,1425.09,8123.01,18953.69,70.0
505,2389,Платье Одри макси черный ворот стойка,dresses,4.0,27000.0,0.064,75.4822,A,6750.0,8100.0,18900.0,70.0
506,2632,Костюм домашний женский Хоум голубой меланж,suits,8.0,27000.0,0.064,75.5462,A,3375.0,8100.0,18900.0,70.0
507,1237,Джемпер в рубчик укороченный мята,knitwear,11.0,26933.0,0.0638,75.61,A,2448.45,8079.9,18853.1,70.0
508,2244,Юбка трикотажная прямая шерсть макси имбирь,skirts,7.0,26860.0,0.0636,75.6736,A,3837.14,8058.0,18802.0,70.0
509,2758,Джемпер с конем черный,knitwear,5.0,26840.0,0.0636,75.7372,A,5368.0,8052.0,18788.0,70.0
510,977,Юбка миди атласная медь,skirts,8.0,26750.0,0.0634,75.8005,A,3343.75,8025.0,18725.0,70.0
511,2170,Джемпер Алиса шерсть горький шоколад,knitwear,5.0,26660.0,0.0632,75.8637,A,5332.0,7998.0,18662.0,70.0
512,2192,Джемпер Агата шерсть темный маренго,knitwear,5.0,26660.0,0.0632,75.9268,A,5332.0,7998.0,18662.0,70.0
513,2491,Блуза бохо из тенсела горох молочно-ореховый,tops_blouses,5.0,26650.0,0.0631,75.99,A,5330.0,7995.0,18655.0,70.0
514,1265,Тельняшка тонкая розово-красный,tshirts_longsleeves,15.0,26600.0,0.063,76.053,A,1773.33,7980.0,18620.0,70.0
515,224,Шапка взрослая пудра,accessories,23.0,26600.0,0.063,76.116,A,1156.52,7980.0,18620.0,70.0
516,2028,Брюки женские вискоза серо-голубые,pants,7.0,26550.0,0.0629,76.1789,A,3792.86,7965.0,18585.0,70.0
517,2316,Свитер базовый мужской маренго,knitwear,6.0,26490.0,0.0627,76.2416,A,4415.0,7947.0,18543.0,70.0
518,802,Шарф взрослый алый,accessories,12.0,26420.0,0.0626,76.3042,A,2201.67,7926.0,18494.0,70.0
519,220,Шапка взрослая горчица,accessories,20.0,26260.0,0.0622,76.3664,A,1313.0,7878.0,18382.0,70.0
520,230,Шапка взрослая олива,accessories,23.0,26080.0,0.0618,76.4282,A,1133.91,7824.0,18256.0,70.0
521,1242,Брюки палаццо вискоза красный,pants,7.0,26030.36,0.0617,76.4898,A,3718.62,7809.11,18221.25,70.0
522,1047,Шарф взрослый шерсть орех,accessories,9.0,25860.0,0.0613,76.5511,A,2873.33,7758.0,18102.0,70.0
523,2149,Джемпер Aлиса с круглым воротом бургунди,knitwear,5.0,25800.0,0.0611,76.6122,A,5160.0,7740.0,18060.0,70.0
524,2490,Брюки женские вискоза тауп,pants,6.0,25800.0,0.0611,76.6733,A,4300.0,7740.0,18060.0,70.0
525,2236,Шарф взрослый шерсть бежевый,accessories,8.0,25768.0,0.061,76.7344,A,3221.0,7730.4,18037.6,70.0
526,919,Пиджак вискоза красный,jackets_blazers,5.0,25670.0,0.0608,76.7952,A,5134.0,7701.0,17969.0,70.0
527,167,Джемпер Джеки интерлок травяной,knitwear,5.0,25640.0,0.0607,76.8559,A,5128.0,7692.0,17948.0,70.0
528,2515,Поло мужское трикотажное темный шоколад,tops_blouses,4.0,25600.0,0.0606,76.9165,A,6400.0,7680.0,17920.0,70.0
529,1073,Свитер базовый шерсть черный,knitwear,8.0,25450.0,0.0603,76.9768,A,3181.25,7635.0,17815.0,70.0
530,2152,Юбка трикотажная прямая черный макси,skirts,7.0,25450.0,0.0603,77.0371,A,3635.71,7635.0,17815.0,70.0
531,2106,Кардиган Чешуйки жаккард апельсин,knitwear,4.0,25440.0,0.0603,77.0974,A,6360.0,7632.0,17808.0,70.0
532,1335,Рубашка льняная тауп,tops_blouses,5.0,25405.0,0.0602,77.1576,A,5081.0,7621.5,17783.5,70.0
533,2603,Джемпер Агата тауп,knitwear,5.0,25380.0,0.0601,77.2177,A,5076.0,7614.0,17766.0,70.0
534,2486,Шорты молочный леопард,pants,5.0,25316.6,0.06,77.2776,A,5063.32,7594.98,17721.62,70.0
535,2095,Юбка атласная макси черный,skirts,9.0,25307.0,0.0599,77.3376,A,2811.89,7592.1,17714.9,70.0
536,2186,Платье интерлок макси маренго,dresses,4.0,25236.0,0.0598,77.3974,A,6309.0,7570.8,17665.2,70.0
537,246,Шапка взрослая фуксия,accessories,23.0,25196.0,0.0597,77.4571,A,1095.48,7558.8,17637.2,70.0
538,1328,Жилет льняной морская волна,knitwear,6.0,25080.0,0.0594,77.5165,A,4180.0,7524.0,17556.0,70.0
539,1114,Подарочный сертификат 5000,gift_cards,5.0,25000.0,0.0592,77.5757,A,5000.0,7500.0,17500.0,70.0
540,2092,Палантин трикотажный Листочки лосось,accessories,8.0,24955.0,0.0591,77.6348,A,3119.38,7486.5,17468.5,70.0
541,2174,Платье интерлок шерсть макси горький шоколад,dresses,3.0,24920.0,0.059,77.6938,A,8306.67,7476.0,17444.0,70.0
542,46,Джемпер Лайт шерсть олива,knitwear,9.0,24860.0,0.0589,77.7527,A,2762.22,7458.0,17402.0,70.0
543,2463,Юбка трикотажная ажур Бриз липа,skirts,5.0,24840.0,0.0588,77.8116,A,4968.0,7452.0,17388.0,70.0
544,2511,Рубашка Лето женская вискоза синий с молочным,tops_blouses,7.0,24678.0,0.0585,77.87,A,3525.43,7403.4,17274.6,70.0
545,326,Шапка взрослая графит,accessories,20.0,24654.0,0.0584,77.9284,A,1232.7,7396.2,17257.8,70.0
546,2639,Пальто шерстяное утепленное двубортное на пуговицах шоколад,outerwear,1.0,24650.0,0.0584,77.9868,A,24650.0,7395.0,17255.0,70.0
547,2379,Юбка костюмная миди сливочно-желтый,skirts,4.0,24490.0,0.058,78.0448,A,6122.5,7347.0,17143.0,70.0
548,492,Шапка Взрослая фиолетовый,accessories,21.0,24368.0,0.0577,78.1025,A,1160.38,7310.4,17057.6,70.0
549,2362,Кардиган трикотажный на завязках серо-лавандовый,knitwear,5.0,24336.0,0.0576,78.1602,A,4867.2,7300.8,17035.2,70.0
550,2023,Платье лапша V-вырез one size шоколад,dresses,7.0,24220.0,0.0574,78.2176,A,3460.0,7266.0,16954.0,70.0
551,1085,Свитер Кострома V-вырез лайм,knitwear,7.0,24140.0,0.0572,78.2747,A,3448.57,7242.0,16898.0,70.0
552,1289,Джемпер сердечки детский черный,knitwear,6.0,24120.0,0.0571,78.3319,A,4020.0,7236.0,16884.0,70.0
553,2111,Юбка лапша синий,skirts,8.0,24100.0,0.0571,78.389,A,3012.5,7230.0,16870.0,70.0
554,750,Шапка взрослая лайм,accessories,21.0,24100.0,0.0571,78.446,A,1147.62,7230.0,16870.0,70.0
555,2733,Жилет удлиненный из тафты черный,knitwear,4.0,24090.0,0.0571,78.5031,A,6022.5,7227.0,16863.0,70.0
556,2172,Шарф взрослый шерсть бургунди,accessories,8.0,24020.0,0.0569,78.56,A,3002.5,7206.0,16814.0,70.0
557,2197,Юбка трикотажная прямая шерсть макси темный маренго,skirts,6.0,24000.0,0.0569,78.6169,A,4000.0,7200.0,16800.0,70.0
558,1067,Рубашка женская oversize фланель клетка шоколад,tops_blouses,6.0,23940.0,0.0567,78.6736,A,3990.0,7182.0,16758.0,70.0
559,2273,Джемпер Джеки интерлок джинс,pants,4.0,23870.0,0.0565,78.7301,A,5967.5,7161.0,16709.0,70.0
560,2571,Джемпер женский Софи апельсин,knitwear,4.0,23870.0,0.0565,78.7867,A,5967.5,7161.0,16709.0,70.0
561,1137,Футболка женская базовая черный,tshirts_longsleeves,15.0,23854.5,0.0565,78.8432,A,1590.3,7156.35,16698.15,70.0
562,1127,Свитер Кострома V-вырез голубой меланж,knitwear,7.0,23820.0,0.0564,78.8996,A,3402.86,7146.0,16674.0,70.0
563,1053,Джемпер Джеки интерлок лайм,knitwear,5.0,23760.0,0.0563,78.9559,A,4752.0,7128.0,16632.0,70.0
564,2232,Манишка на завязках с воротом шерсть терракот,accessories,6.0,23730.0,0.0562,79.0121,A,3955.0,7119.0,16611.0,70.0
565,363,Шапка Взрослая серый меланж,accessories,21.0,23712.0,0.0562,79.0682,A,1129.14,7113.6,16598.4,70.0
566,593,Свитер Кострома олива,knitwear,7.0,23710.0,0.0562,79.1244,A,3387.14,7113.0,16597.0,70.0
567,2682,Рубашка женская из тенсела винный,tops_blouses,4.0,23705.0,0.0562,79.1806,A,5926.25,7111.5,16593.5,70.0
568,2367,Кардиган трикотажный на завязках лимонный,knitwear,5.0,23660.0,0.056,79.2366,A,4732.0,7098.0,16562.0,70.0
569,229,Шапка взрослая хаки,accessories,20.0,23650.0,0.056,79.2926,A,1182.5,7095.0,16555.0,70.0
570,2496,Поло трикотажное ваниль с шоколадом,tops_blouses,7.0,23630.0,0.056,79.3486,A,3375.71,7089.0,16541.0,70.0
571,2411,Юбка трикотажная А-силуэта серый,skirts,7.0,23540.0,0.0558,79.4044,A,3362.86,7062.0,16478.0,70.0
572,2448,Платье трикотажное ажур Колоски макси серо-лавандовый,dresses,3.0,23520.0,0.0557,79.4601,A,7840.0,7056.0,16464.0,70.0
573,932,Джемпер Листочки двусторонний молочно-ореховый,knitwear,4.0,23460.0,0.0556,79.5156,A,5865.0,7038.0,16422.0,70.0
574,1307,Юбка трикотажная в рубчик миди жемчужный,skirts,8.0,23406.0,0.0554,79.5711,A,2925.75,7021.8,16384.2,70.0
575,2647,Блуза с воротом стойка из тенсела горчица,tops_blouses,4.0,23400.0,0.0554,79.6265,A,5850.0,7020.0,16380.0,70.0
576,2508,Брюки Лето женские вискоза лайм с молочным,pants,6.0,23394.0,0.0554,79.6819,A,3899.0,7018.2,16375.8,70.0
577,2230,Джемпер Агата шерсть горький шоколад,knitwear,4.0,23380.0,0.0554,79.7373,A,5845.0,7014.0,16366.0,70.0
578,1244,Топ с горлом в рубчик джинс,tops_blouses,12.0,23300.0,0.0552,79.7925,A,1941.67,6990.0,16310.0,70.0
579,2807,Джемпер Ромашки Нью лимон-лаванда,knitwear,4.0,23300.0,0.0552,79.8477,A,5825.0,6990.0,16310.0,70.0
580,322,Шапка взрослая шерсть терракот,accessories,15.0,23296.0,0.0552,79.9029,A,1553.07,6988.8,16307.2,70.0
581,1247,Джемпер сердечки детский розовый,knitwear,6.0,23280.0,0.0551,79.958,A,3880.0,6984.0,16296.0,70.0
582,2471,Лонгслив трикотажный ажур Листочки темный шоколад,tshirts_longsleeves,4.0,23250.0,0.0551,80.0131,A,5812.5,6975.0,16275.0,70.0
583,2666,Джемпер Авангард жаккард оверсайз шерсть суровый-кофейный,knitwear,3.0,23206.0,0.055,80.0681,B,7735.33,6961.8,16244.2,70.0
584,861,Джемпер Ромашки жемчужно-зефирный,knitwear,5.0,23085.0,0.0547,80.1228,B,4617.0,6925.5,16159.5,70.0
585,250,Шарф взрослый лимонный,accessories,10.0,23060.0,0.0546,80.1774,B,2306.0,6918.0,16142.0,70.0
586,2143,Юбка трикотажная прямая шерсть макси серый меланж,skirts,6.0,23020.0,0.0545,80.2319,B,3836.67,6906.0,16114.0,70.0
587,231,Шапка взрослая светлый лайм,accessories,20.0,23014.0,0.0545,80.2864,B,1150.7,6904.2,16109.8,70.0
588,1098,Пальто женское оверсайз лайм,outerwear,2.0,23000.0,0.0545,80.3409,B,11500.0,6900.0,16100.0,70.0
589,2184,Юбка трикотажная прямая шерсть миди горький шоколад,skirts,6.0,23000.0,0.0545,80.3954,B,3833.33,6900.0,16100.0,70.0
590,2735,Юбка Мерилин из тенсела черный,skirts,3.0,22960.0,0.0544,80.4498,B,7653.33,6888.0,16072.0,70.0
591,2729,Джемпер Бантики бургунди с розовым,knitwear,4.0,22940.0,0.0543,80.5041,B,5735.0,6882.0,16058.0,70.0
592,902,Юбка вискоза миди синяя,skirts,8.0,22895.0,0.0542,80.5583,B,2861.88,6868.5,16026.5,70.0
593,1068,Рубашка мужская oversize фланель шоколад,tops_blouses,6.0,22830.0,0.0541,80.6124,B,3805.0,6849.0,15981.0,70.0
594,493,Шапка Взрослая горчица,accessories,20.0,22760.0,0.0539,80.6663,B,1138.0,6828.0,15932.0,70.0
595,258,Шарф взрослый джинс,accessories,11.0,22752.0,0.0539,80.7202,B,2068.36,6825.6,15926.4,70.0
596,2345,Юбка плиссе трикотажная мини черный,skirts,11.0,22728.0,0.0538,80.7741,B,2066.18,6818.4,15909.6,70.0
597,2510,Рубашка Лето женская вискоза лайм с молочным,tops_blouses,6.0,22700.0,0.0538,80.8278,B,3783.33,6810.0,15890.0,70.0
598,2629,Капор шерсть маренго,accessories,8.0,22692.0,0.0538,80.8816,B,2836.5,6807.6,15884.4,70.0
599,2227,Джемпер Джеки шерсть липа,knitwear,4.0,22684.0,0.0537,80.9353,B,5671.0,6805.2,15878.8,70.0
600,1286,Свитер с горлом голубой Меланж,knitwear,12.0,22620.0,0.0536,80.9889,B,1885.0,6786.0,15834.0,70.0
601,2297,Рубашка хлопок трюфель,tops_blouses,5.0,22596.0,0.0535,81.0424,B,4519.2,6778.8,15817.2,70.0
602,560,Шапка взрослая лимонный,accessories,20.0,22596.0,0.0535,81.096,B,1129.8,6778.8,15817.2,70.0
603,257,Шарф взрослый олива,accessories,12.0,22590.0,0.0535,81.1495,B,1882.5,6777.0,15813.0,70.0
604,1302,Джемпер в рубчик укороченный яркая фуксия,knitwear,10.0,22533.0,0.0534,81.2028,B,2253.3,6759.9,15773.1,70.0
605,2242,Шапка взрослая шерсть голубой меланж,accessories,13.0,22528.0,0.0534,81.2562,B,1732.92,6758.4,15769.6,70.0
606,1118,Шапка взрослая шерсть ванильно-розовый,accessories,14.0,22440.0,0.0532,81.3094,B,1602.86,6732.0,15708.0,70.0
607,515,Брюки трикотаж серо-льняной,pants,6.0,22400.0,0.0531,81.3624,B,3733.33,6720.0,15680.0,70.0
608,2203,Платье Агата мини велюр шоколад,dresses,4.0,22340.0,0.0529,81.4153,B,5585.0,6702.0,15638.0,70.0
609,2604,Кардиган Оверсайз интерлок зеленая полынь,knitwear,3.0,22268.0,0.0527,81.4681,B,7422.67,6680.4,15587.6,70.0
610,228,Шапка взрослая изумруд,accessories,20.0,22260.0,0.0527,81.5208,B,1113.0,6678.0,15582.0,70.0
611,2216,Шапка взрослая шерсть синий меланж,accessories,14.0,22232.0,0.0527,81.5735,B,1588.0,6669.6,15562.4,70.0
612,2806,Джемпер Ромашки Нью лаванда-лимон,knitwear,3.0,22192.0,0.0526,81.6261,B,7397.33,6657.6,15534.4,70.0
613,1046,Шарф взрослый шерсть голубой,accessories,8.0,22100.0,0.0524,81.6784,B,2762.5,6630.0,15470.0,70.0
614,2311,Шорты зебра оливковые,pants,4.0,22040.0,0.0522,81.7306,B,5510.0,6612.0,15428.0,70.0
615,974,Брюки палаццо льняные бирюза,pants,4.0,21924.0,0.0519,81.7825,B,5481.0,6577.2,15346.8,70.0
616,826,Джемпер Джеки шерсть лазурный,knitwear,4.0,21860.0,0.0518,81.8343,B,5465.0,6558.0,15302.0,70.0
617,1065,Юбка макси атласная нефрит,skirts,6.0,21800.0,0.0516,81.886,B,3633.33,6540.0,15260.0,70.0
618,906,Жилет ромашки зеленый,knitwear,7.0,21700.0,0.0514,81.9374,B,3100.0,6510.0,15190.0,70.0
619,2787,Косынка трикотажная шерсть красный,accessories,8.0,21607.0,0.0512,81.9886,B,2700.88,6482.1,15124.9,70.0
620,2033,Джемпер мужской Грибочки травяной,knitwear,3.0,21600.0,0.0512,82.0397,B,7200.0,6480.0,15120.0,70.0
621,2671,Шарф взрослый сливовый,accessories,9.0,21580.0,0.0511,82.0908,B,2397.78,6474.0,15106.0,70.0
622,2687,Жилет стеганый двусторонний с карманами олива,knitwear,4.0,21460.0,0.0508,82.1417,B,5365.0,6438.0,15022.0,70.0
623,2030,Рубашка льняная синяя,tops_blouses,4.0,21420.0,0.0507,82.1924,B,5355.0,6426.0,14994.0,70.0
624,2635,Костюм домашний женский Хоум серый меланж,suits,6.0,21420.0,0.0507,82.2431,B,3570.0,6426.0,14994.0,70.0
625,469,Шарф взрослый лайм,accessories,10.0,21418.0,0.0507,82.2939,B,2141.8,6425.4,14992.6,70.0
626,2678,Пальто шерстяное двубортное на пуговицах шоколад,outerwear,1.0,21375.0,0.0506,82.3445,B,21375.0,6412.5,14962.5,70.0
627,1264,Тельняшка тонкая лимонно-травяной,tshirts_longsleeves,15.0,21320.0,0.0505,82.395,B,1421.33,6396.0,14924.0,70.0
628,2685,Юбка Этника трикотажная жаккард макси маренго-брусника,skirts,3.0,21240.0,0.0503,82.4453,B,7080.0,6372.0,14868.0,70.0
629,238,Шапка взрослая молочный,accessories,15.0,21230.0,0.0503,82.4956,B,1415.33,6369.0,14861.0,70.0
630,2578,Свитер женский Релакс круглый ворот манго,knitwear,4.0,21174.0,0.0502,82.5458,B,5293.5,6352.2,14821.8,70.0
631,2658,Костюм домашний женский Хоум брусника,suits,3.0,21060.0,0.0499,82.5957,B,7020.0,6318.0,14742.0,70.0
632,72,Топ в рубчик V-вырез яркая фуксия,tops_blouses,16.0,20988.5,0.0497,82.6454,B,1311.78,6296.55,14691.95,70.0
633,2609,Палантин трикотажный в полоску полынь-горчица,accessories,5.0,20930.0,0.0496,82.695,B,4186.0,6279.0,14651.0,70.0
634,2745,Платье интерлок шерсть суровый макси,dresses,3.0,20930.0,0.0496,82.7445,B,6976.67,6279.0,14651.0,70.0
635,2223,Юбка трикотажная прямая графит миди,skirts,6.0,20900.0,0.0495,82.794,B,3483.33,6270.0,14630.0,70.0
636,2330,Джемпер мужской грибочки маренго-лосось,knitwear,3.0,20900.0,0.0495,82.8436,B,6966.67,6270.0,14630.0,70.0
637,2816,Джемпер Монпансье липа-зефирный,knitwear,3.0,20900.0,0.0495,82.8931,B,6966.67,6270.0,14630.0,70.0
638,2613,Джемпер Агата бежевый,knitwear,4.0,20790.0,0.0492,82.9423,B,5197.5,6237.0,14553.0,70.0
639,211,Джемпер Джеки интерлок лаванда,knitwear,4.0,20780.0,0.0492,82.9915,B,5195.0,6234.0,14546.0,70.0
640,2145,Свитер Арлекино травяной с розовым,knitwear,4.0,20770.0,0.0492,83.0407,B,5192.5,6231.0,14539.0,70.0
641,1139,Футболка базовая олива,tshirts_longsleeves,16.0,20739.7,0.0491,83.0899,B,1296.23,6221.91,14517.79,70.0
642,2209,Топ на широких бретелях искусственный шелк винный,tops_blouses,8.0,20700.0,0.049,83.1389,B,2587.5,6210.0,14490.0,70.0
643,2755,Джемпер Грибочки мужской Нью маренго-лимон,knitwear,3.0,20700.0,0.049,83.1879,B,6900.0,6210.0,14490.0,70.0
644,2404,Юбка трикотажная ажур Бриз хаки,skirts,4.0,20690.0,0.049,83.2369,B,5172.5,6207.0,14483.0,70.0
645,2607,Джемпер Агата маренго,knitwear,4.0,20682.0,0.049,83.2859,B,5170.5,6204.6,14477.4,70.0
646,2039,Жилет льняной лимонный,knitwear,5.0,20680.0,0.049,83.3349,B,4136.0,6204.0,14476.0,70.0
647,2692,Джемпер Джеки Нью интерлок шерсть красный,knitwear,3.0,20664.0,0.0489,83.3839,B,6888.0,6199.2,14464.8,70.0
648,1115,Подарочный сертификат 7000,gift_cards,3.0,20650.0,0.0489,83.4328,B,6883.33,6195.0,14455.0,70.0
649,1287,Жилет ромашки оранжево-молочный,knitwear,7.0,20640.0,0.0489,83.4817,B,2948.57,6192.0,14448.0,70.0
650,1220,Юбка миди атласная голубой,skirts,6.0,20600.0,0.0488,83.5305,B,3433.33,6180.0,14420.0,70.0
651,899,Юбка вискоза миди красная в цветок,skirts,7.0,20455.0,0.0485,83.5789,B,2922.14,6136.5,14318.5,70.0
652,2048,Рубашка джинсовая мужская хаки,tops_blouses,3.0,20400.0,0.0483,83.6272,B,6800.0,6120.0,14280.0,70.0
653,2625,Юбка трикотажная А-силуэта шерсть терракот,skirts,5.0,20340.0,0.0482,83.6754,B,4068.0,6102.0,14238.0,70.0
654,2649,Джемпер Авангард жаккард оверсайз молочный-терракот,knitwear,3.0,20340.0,0.0482,83.7236,B,6780.0,6102.0,14238.0,70.0
655,2182,Шапка взрослая шерсть горький шоколад,accessories,14.0,20240.0,0.0479,83.7715,B,1445.71,6072.0,14168.0,70.0
656,971,Рубашка лен удлиненная бирюза,tops_blouses,5.0,20200.0,0.0478,83.8194,B,4040.0,6060.0,14140.0,70.0
657,2686,Юбка трикотажная прямая шерсть макси суровый,skirts,5.0,20160.0,0.0478,83.8672,B,4032.0,6048.0,14112.0,70.0
658,1257,Худи мужское с капюшоном графит,tops_blouses,4.0,20140.0,0.0477,83.9149,B,5035.0,6042.0,14098.0,70.0
659,2042,Жилет льняной зеленый,knitwear,5.0,20140.0,0.0477,83.9626,B,4028.0,6042.0,14098.0,70.0
660,327,Шапка взрослая яркая фуксия,accessories,17.0,20100.0,0.0476,84.0102,B,1182.35,6030.0,14070.0,70.0
661,2303,Кардиган с воротником на пуговицах черный,knitwear,5.0,20072.0,0.0475,84.0577,B,4014.4,6021.6,14050.4,70.0
662,789,Платье комбинация искуственный шелк черный,dresses,6.0,20060.0,0.0475,84.1052,B,3343.33,6018.0,14042.0,70.0
663,1221,Юбка макси атласная медь,skirts,6.0,20050.0,0.0475,84.1527,B,3341.67,6015.0,14035.0,70.0
664,1034,Шарф взрослый апельсин,accessories,10.0,19978.0,0.0473,84.2001,B,1997.8,5993.4,13984.6,70.0
665,1121,Свитер Кострома V-вырез лосось,knitwear,6.0,19960.0,0.0473,84.2473,B,3326.67,5988.0,13972.0,70.0
666,2151,Юбка трикотажная прямая черный миди,skirts,6.0,19940.0,0.0472,84.2946,B,3323.33,5982.0,13958.0,70.0
667,2296,Жилет джинсовый зебра оливковый,pants,5.0,19932.0,0.0472,84.3418,B,3986.4,5979.6,13952.4,70.0
668,769,Шапка взрослая шерсть винный,accessories,12.0,19920.0,0.0472,84.389,B,1660.0,5976.0,13944.0,70.0
669,1293,Футболка базовая желтый,tshirts_longsleeves,13.0,19911.7,0.0472,84.4361,B,1531.67,5973.51,13938.19,70.0
670,2329,Жилет джинсовый молочный,pants,5.0,19800.0,0.0469,84.483,B,3960.0,5940.0,13860.0,70.0
671,988,Пиджак льняной морская волна,jackets_blazers,3.0,19800.0,0.0469,84.5299,B,6600.0,5940.0,13860.0,70.0
672,834,Свитер с горлом тауп,knitwear,8.0,19740.0,0.0468,84.5767,B,2467.5,5922.0,13818.0,70.0
673,660,Тельняшка тонкая черный,tshirts_longsleeves,17.0,19700.0,0.0467,84.6234,B,1158.82,5910.0,13790.0,70.0
674,2351,Палантин трикотажный Листочки бруснично-шоколадный,accessories,5.0,19600.0,0.0464,84.6698,B,3920.0,5880.0,13720.0,70.0
675,2295,Кардиган с воротником на пуговицах светлый лайм,knitwear,4.0,19552.0,0.0463,84.7161,B,4888.0,5865.6,13686.4,70.0
676,51,Джемпер Джеки молочный,knitwear,4.0,19440.0,0.046,84.7622,B,4860.0,5832.0,13608.0,70.0
677,871,Джемпер детский Ромашки лаванда-фуксия,knitwear,7.0,19400.0,0.046,84.8081,B,2771.43,5820.0,13580.0,70.0
678,980,Юбка миди атласная мокко,skirts,6.0,19380.0,0.0459,84.854,B,3230.0,5814.0,13566.0,70.0
679,1142,Шарф взрослый байкал,accessories,9.0,19264.0,0.0456,84.8997,B,2140.44,5779.2,13484.8,70.0
680,2318,Манишка на завязках с воротом шерсть молочный,accessories,6.0,19260.0,0.0456,84.9453,B,3210.0,5778.0,13482.0,70.0
681,256,Шарф взрослый черный,accessories,9.0,19240.0,0.0456,84.9909,B,2137.78,5772.0,13468.0,70.0
682,2348,Палантин трикотажный Листочки маренго-лимон,accessories,5.0,19230.0,0.0456,85.0364,B,3846.0,5769.0,13461.0,70.0
683,2180,Шапка взрослая шерсть бежевый,accessories,12.0,19200.0,0.0455,85.0819,B,1600.0,5760.0,13440.0,70.0
684,1263,Тельняшка тонкая лиловый,tshirts_longsleeves,14.0,19120.0,0.0453,85.1272,B,1365.71,5736.0,13384.0,70.0
685,2764,Джемпер Кружево травяной,knitwear,3.0,19040.0,0.0451,85.1723,B,6346.67,5712.0,13328.0,70.0
686,227,Шапка взрослая розовый,accessories,16.0,19020.0,0.0451,85.2173,B,1188.75,5706.0,13314.0,70.0
687,1082,Свитер Кострома лайм,knitwear,6.0,18970.0,0.0449,85.2623,B,3161.67,5691.0,13279.0,70.0
688,2154,Юбка трикотажная прямая синий макси,skirts,5.0,18950.0,0.0449,85.3072,B,3790.0,5685.0,13265.0,70.0
689,508,Топ в рубчик голубой,tops_blouses,12.0,18931.5,0.0448,85.352,B,1577.62,5679.45,13252.05,70.0
690,2196,Юбка трикотажная прямая шерсть миди темный маренго,skirts,5.0,18890.0,0.0447,85.3967,B,3778.0,5667.0,13223.0,70.0
691,818,Брюки палаццо вискоза синий джинс,pants,4.0,18884.0,0.0447,85.4415,B,4721.0,5665.2,13218.8,70.0
692,1303,Юбка трикотажная в рубчик макси мята,skirts,6.0,18847.0,0.0446,85.4861,B,3141.17,5654.1,13192.9,70.0
693,2124,Юбка лапша шоколад макси,skirts,6.0,18820.0,0.0446,85.5307,B,3136.67,5646.0,13174.0,70.0
694,1186,Джемпер базовый укороченный голубой,knitwear,6.0,18720.0,0.0443,85.575,B,3120.0,5616.0,13104.0,70.0
695,2563,Джемпер Грибочки мужской изумруд,knitwear,3.0,18720.0,0.0443,85.6194,B,6240.0,5616.0,13104.0,70.0
696,967,Рубашка удлиненная хлопок в полоску,tops_blouses,5.0,18660.0,0.0442,85.6636,B,3732.0,5598.0,13062.0,70.0
697,2612,Джемпер Джеки Нью интерлок маренго,knitwear,3.0,18600.0,0.0441,85.7076,B,6200.0,5580.0,13020.0,70.0
698,2373,Джинсовка хлопковая голубой,pants,3.0,18560.0,0.044,85.7516,B,6186.67,5568.0,12992.0,70.0
699,1136,Футболка мужская черный,tshirts_longsleeves,11.0,18519.0,0.0439,85.7955,B,1683.55,5555.7,12963.3,70.0
700,2083,Рубашка мужская oversize фланель клетка ириска,tops_blouses,4.0,18480.0,0.0438,85.8393,B,4620.0,5544.0,12936.0,70.0
701,2171,Шапка взрослая шерсть бургунди,accessories,13.0,18480.0,0.0438,85.883,B,1421.54,5544.0,12936.0,70.0
702,2369,Майка трикотажная V-вырез коралл,tops_blouses,9.0,18456.0,0.0437,85.9267,B,2050.67,5536.8,12919.2,70.0
703,905,Жилет ромашки коралл-мята,knitwear,5.0,18400.0,0.0436,85.9703,B,3680.0,5520.0,12880.0,70.0
704,226,Шапка взрослая коралл,accessories,16.0,18380.0,0.0435,86.0139,B,1148.75,5514.0,12866.0,70.0
705,274,Шапка взрослая орех,accessories,16.0,18360.0,0.0435,86.0574,B,1147.5,5508.0,12852.0,70.0
706,2215,Платье Ариэль макси искусственный шелк изумруд,dresses,3.0,18285.0,0.0433,86.1007,B,6095.0,5485.5,12799.5,70.0
707,2054,Топ с горлом в рубчик бирюза,tops_blouses,13.0,18232.81,0.0432,86.1439,B,1402.52,5469.84,12762.97,70.0
708,2060,Джемпер детский грибочки ежевика,knitwear,4.0,18212.0,0.0431,86.187,B,4553.0,5463.6,12748.4,70.0
709,2536,Шарф Баба-Яга,accessories,4.0,18170.0,0.043,86.23,B,4542.5,5451.0,12719.0,70.0
710,920,Юбка вискоза миди геометрия,skirts,7.0,18110.0,0.0429,86.2729,B,2587.14,5433.0,12677.0,70.0
711,1334,Топ в рубчик V-вырез шоколад,tops_blouses,13.0,18059.2,0.0428,86.3157,B,1389.17,5417.76,12641.44,70.0
712,854,Тельняшка тонкая персик,tshirts_longsleeves,8.0,18015.0,0.0427,86.3584,B,2251.88,5404.5,12610.5,70.0
713,2562,Джемпер женский Грибочки мята-желтый,knitwear,3.0,17980.0,0.0426,86.401,B,5993.33,5394.0,12586.0,70.0
714,422,Шарф взрослый серый меланж,accessories,9.0,17855.0,0.0423,86.4433,B,1983.89,5356.5,12498.5,70.0
715,2240,Косынка трикотажная шерсть гроза,accessories,6.0,17825.0,0.0422,86.4855,B,2970.83,5347.5,12477.5,70.0
716,943,Юбка вискоза миди розовая в ромашку,skirts,6.0,17800.0,0.0422,86.5277,B,2966.67,5340.0,12460.0,70.0
717,2615,Юбка трикотажная Софи изумруд макси,skirts,3.0,17794.0,0.0422,86.5698,B,5931.33,5338.2,12455.8,70.0
718,2710,Джемпер Ирония судьбы розовый с изумрудной полосой,knitwear,3.0,17760.0,0.0421,86.6119,B,5920.0,5328.0,12432.0,70.0
719,2701,Блуза с воротом стойка из тенсела голубой,tops_blouses,3.0,17745.0,0.042,86.6539,B,5915.0,5323.5,12421.5,70.0
720,2213,Топ на широких бретелях искусственный шелк изумруд,tops_blouses,8.0,17705.0,0.0419,86.6959,B,2213.12,5311.5,12393.5,70.0
721,2438,Рубашка джинсовая женская изумруд,tops_blouses,3.0,17670.0,0.0419,86.7377,B,5890.0,5301.0,12369.0,70.0
722,225,Шапка взрослая сирень,accessories,15.0,17650.0,0.0418,86.7795,B,1176.67,5295.0,12355.0,70.0
723,903,Юбка вискоза миди синяя в цветок,skirts,7.0,17600.0,0.0417,86.8212,B,2514.29,5280.0,12320.0,70.0
724,380,Шапка взрослая лаванда,accessories,15.0,17526.0,0.0415,86.8627,B,1168.4,5257.8,12268.2,70.0
725,1040,Шапка взрослая ежевика,accessories,16.0,17508.0,0.0415,86.9042,B,1094.25,5252.4,12255.6,70.0
726,1033,Шапка взрослая шерсть лавандово-голубой,accessories,11.0,17496.0,0.0414,86.9457,B,1590.55,5248.8,12247.2,70.0
727,1026,Шарф взрослый шоколад,accessories,8.0,17428.0,0.0413,86.9869,B,2178.5,5228.4,12199.6,70.0
728,2489,Юбка трикотажная Косичка макси а-силуэт горький шоколад,skirts,4.0,17383.3,0.0412,87.0281,B,4345.82,5214.99,12168.31,70.0
729,2439,Футболка трикотажная ажур Листочки капучино,tshirts_longsleeves,3.0,17360.0,0.0411,87.0692,B,5786.67,5208.0,12152.0,70.0
730,2522,Поло мужское трикотажное полынь,tops_blouses,3.0,17360.0,0.0411,87.1104,B,5786.67,5208.0,12152.0,70.0
731,559,шапка взрослая лосось,accessories,16.0,17310.0,0.041,87.1514,B,1081.88,5193.0,12117.0,70.0
732,2506,Платье тонкое трикотажное Косичка макси синий,dresses,3.0,17252.0,0.0409,87.1922,B,5750.67,5175.6,12076.4,70.0
733,2153,Юбка трикотажная прямая полынь макси,skirts,5.0,17240.0,0.0408,87.2331,B,3448.0,5172.0,12068.0,70.0
734,2576,Свитер женский Релакс круглый ворот горчица,knitwear,3.0,17174.0,0.0407,87.2737,B,5724.67,5152.2,12021.8,70.0
735,599,Шапка взрослая ваниль,accessories,16.0,17128.0,0.0406,87.3143,B,1070.5,5138.4,11989.6,70.0
736,2917,Юбка прямая жатая с кружевом миди бежевый,skirts,3.0,17050.0,0.0404,87.3547,B,5683.33,5115.0,11935.0,70.0
737,2204,Платье Агата мини искусственный шелк алый,dresses,4.0,17000.0,0.0403,87.395,B,4250.0,5100.0,11900.0,70.0
738,990,Футболка базовая графит,tshirts_longsleeves,11.0,16933.5,0.0401,87.4351,B,1539.41,5080.05,11853.45,70.0
739,2424,Поло трикотажное ажур Ананас липовый,tops_blouses,3.0,16730.0,0.0396,87.4747,B,5576.67,5019.0,11711.0,70.0
740,2352,Палантин трикотажный Листочки серо-розовый,accessories,4.0,16618.0,0.0394,87.5141,B,4154.5,4985.4,11632.6,70.0
741,2141,Брюки классика вискоза корица в полоску,pants,5.0,16600.0,0.0393,87.5534,B,3320.0,4980.0,11620.0,70.0
742,2045,Жилет льняной алый,knitwear,4.0,16598.0,0.0393,87.5927,B,4149.5,4979.4,11618.6,70.0
743,2640,Капор шерсть шоколад,accessories,6.0,16585.0,0.0393,87.632,B,2764.17,4975.5,11609.5,70.0
744,1312,Юбка трикотажная в рубчик миди хаки,skirts,5.0,16580.0,0.0393,87.6713,B,3316.0,4974.0,11606.0,70.0
745,1175,Топ с горлом в рубчик черный,tops_blouses,9.0,16560.0,0.0392,87.7105,B,1840.0,4968.0,11592.0,70.0
746,1064,Шарф взрослый шерсть молочный,accessories,6.0,16550.0,0.0392,87.7497,B,2758.33,4965.0,11585.0,70.0
747,898,Жилет ромашки розово-белый,knitwear,5.0,16490.0,0.0391,87.7888,B,3298.0,4947.0,11543.0,70.0
748,748,Шапка взрослая капучино,accessories,12.0,16440.0,0.0389,87.8277,B,1370.0,4932.0,11508.0,70.0
749,2037,Шорты льняные лимонный,pants,4.0,16330.0,0.0387,87.8664,B,4082.5,4899.0,11431.0,70.0
750,2286,Топ на бретелях атлас молочный,tops_blouses,11.0,16280.0,0.0386,87.905,B,1480.0,4884.0,11396.0,70.0
751,2233,Шапка взрослая шерсть темный маренго,accessories,11.0,16216.0,0.0384,87.9434,B,1474.18,4864.8,11351.2,70.0
752,1243,Брюки палаццо вискоза темно-синий,pants,4.0,16200.0,0.0384,87.9817,B,4050.0,4860.0,11340.0,70.0
753,2394,Юбка сливочно-желлтая XL,skirts,2.0,16200.0,0.0384,88.0201,B,8100.0,4860.0,11340.0,70.0
754,2817,Джемпер Монпансье лайм-яркая фуксия,knitwear,3.0,16200.0,0.0384,88.0585,B,5400.0,4860.0,11340.0,70.0
755,830,Платье интерлок миди черный,dresses,3.0,16200.0,0.0384,88.0969,B,5400.0,4860.0,11340.0,70.0
756,262,Шарф взрослый светлый беж,accessories,7.0,16190.0,0.0384,88.1352,B,2312.86,4857.0,11333.0,70.0
757,1197,Платье женское на запах олива,dresses,4.0,16160.0,0.0383,88.1735,B,4040.0,4848.0,11312.0,70.0
758,942,Юбка вискоза миди травяная,skirts,6.0,16160.0,0.0383,88.2118,B,2693.33,4848.0,11312.0,70.0
759,509,Шапка Взрослая морская волна,accessories,14.0,16114.0,0.0382,88.2499,B,1151.0,4834.2,11279.8,70.0
760,687,Брюки палаццо льняные терракот,pants,3.0,15950.0,0.0378,88.2877,B,5316.67,4785.0,11165.0,70.0
761,849,Джемпер ромашки зелено-желтый,knitwear,3.0,15900.0,0.0377,88.3254,B,5300.0,4770.0,11130.0,70.0
762,1209,Топ с горлом в рубчик изумруд,tops_blouses,9.0,15880.0,0.0376,88.363,B,1764.44,4764.0,11116.0,70.0
763,1284,Топ укороченный на бретелях белый,tops_blouses,22.0,15805.0,0.0374,88.4004,B,718.41,4741.5,11063.5,70.0
764,689,Брюки палаццо вискоза голубой,pants,3.0,15730.0,0.0373,88.4377,B,5243.33,4719.0,11011.0,70.0
765,2263,Джемпер Агата шерсть бургунди,knitwear,3.0,15686.0,0.0372,88.4749,B,5228.67,4705.8,10980.2,70.0
766,2091,Джемпер женский Грибочки полынь-лимон,knitwear,3.0,15680.0,0.0371,88.512,B,5226.67,4704.0,10976.0,70.0
767,2080,Юбка лапша полынь макси,skirts,5.0,15660.06,0.0371,88.5491,B,3132.01,4698.02,10962.04,70.0
768,2462,Футболка трикотажная косичка светло-желтый,tshirts_longsleeves,7.0,15600.0,0.037,88.5861,B,2228.57,4680.0,10920.0,70.0
769,2530,Сарафан на завязках миди тенсел синий с голубым,dresses,2.0,15580.0,0.0369,88.623,B,7790.0,4674.0,10906.0,70.0
770,2779,Брюки женские флисовые бежевый,pants,3.0,15570.0,0.0369,88.6598,B,5190.0,4671.0,10899.0,70.0
771,1299,Юбка трикотажная в рубчик миди фуксия,skirts,6.0,15540.0,0.0368,88.6967,B,2590.0,4662.0,10878.0,70.0
772,2288,Свитер Кострома V-вырез бургунди,knitwear,4.0,15540.0,0.0368,88.7335,B,3885.0,4662.0,10878.0,70.0
773,2250,Палантин трикотажный Листочки маренго-байкал,accessories,4.0,15530.0,0.0368,88.7703,B,3882.5,4659.0,10871.0,70.0
774,2492,Блуза бохо из тенсела горох молочно-синий,tops_blouses,3.0,15530.0,0.0368,88.807,B,5176.67,4659.0,10871.0,70.0
775,939,Тельняшка тонкая бежевый шоколад,tshirts_longsleeves,6.0,15505.0,0.0367,88.8438,B,2584.17,4651.5,10853.5,70.0
776,1076,Платье комбинация макси нефрит,dresses,4.0,15504.0,0.0367,88.8805,B,3876.0,4651.2,10852.8,70.0
777,345,Снуд черный,accessories,33.0,15465.0,0.0366,88.9171,B,468.64,4639.5,10825.5,70.0
778,397,Шапка взрослая шерсть серый меланж,accessories,10.0,15420.0,0.0365,88.9537,B,1542.0,4626.0,10794.0,70.0
779,2525,Топ на широких бретелях вискоза какао,tops_blouses,5.0,15360.0,0.0364,88.99,B,3072.0,4608.0,10752.0,70.0
780,2541,Кардиган на пуговицах голубой меланж,knitwear,7.0,15300.0,0.0362,89.0263,B,2185.71,4590.0,10710.0,70.0
781,2597,Лонгслив женский хаки,tshirts_longsleeves,5.0,15300.0,0.0362,89.0625,B,3060.0,4590.0,10710.0,70.0
782,2342,Рубашка джинсовая женская зебра,tops_blouses,3.0,15260.0,0.0361,89.0987,B,5086.67,4578.0,10682.0,70.0
783,2841,Анорак женский флисовый красный,outerwear,4.0,15205.0,0.036,89.1347,B,3801.25,4561.5,10643.5,70.0
784,2800,Платье туника с разрезом макси пудра,dresses,2.0,15200.0,0.036,89.1707,B,7600.0,4560.0,10640.0,70.0
785,2883,Юбка трикотажная прямая серо-голубой миди,skirts,4.0,15200.0,0.036,89.2067,B,3800.0,4560.0,10640.0,70.0
786,1246,Джемпер сердечки детский желто-оранжевый,knitwear,4.0,15120.0,0.0358,89.2425,B,3780.0,4536.0,10584.0,70.0
787,2419,Юбка трикотажная ажур Бриз хаки,skirts,3.0,15120.0,0.0358,89.2783,B,5040.0,4536.0,10584.0,70.0
788,2446,Платье трикотажное ажур Колоски макси синий,dresses,2.0,15120.0,0.0358,89.3141,B,7560.0,4536.0,10584.0,70.0
789,271,Шарф взрослый изумруд,accessories,7.0,15110.0,0.0358,89.3499,B,2158.57,4533.0,10577.0,70.0
790,2395,Футболка трикотажная шерсть серый меланж,tshirts_longsleeves,5.0,15100.0,0.0358,89.3857,B,3020.0,4530.0,10570.0,70.0
791,909,Юбка вискоза макси черная,skirts,6.0,15040.0,0.0356,89.4213,B,2506.67,4512.0,10528.0,70.0
792,1261,Топ с горлом в рубчик фуксия,tops_blouses,9.0,15030.0,0.0356,89.4569,B,1670.0,4509.0,10521.0,70.0
793,2339,Юбка плиссе трикотажная мини серый,skirts,6.0,14940.0,0.0354,89.4923,B,2490.0,4482.0,10458.0,70.0
794,2349,Шапка взрослая сливочно-желтый,accessories,13.0,14924.0,0.0354,89.5277,B,1148.0,4477.2,10446.8,70.0
795,481,Брюки трикотаж хаки,pants,4.0,14900.0,0.0353,89.563,B,3725.0,4470.0,10430.0,70.0
796,57,Свитер с горлом зеленый,knitwear,6.0,14890.0,0.0353,89.5982,B,2481.67,4467.0,10423.0,70.0
797,850,Свитер Арлекино розово-голубой,knitwear,3.0,14880.0,0.0352,89.6335,B,4960.0,4464.0,10416.0,70.0
798,2534,Рубашка Лето женская вискоза молочный,tops_blouses,4.0,14820.0,0.0351,89.6686,B,3705.0,4446.0,10374.0,70.0
799,2751,Платье интерлок макси графит,dresses,2.0,14820.0,0.0351,89.7037,B,7410.0,4446.0,10374.0,70.0
800,526,Свитер Кострома черный,knitwear,4.0,14806.0,0.0351,89.7388,B,3701.5,4441.8,10364.2,70.0
801,1095,Топ на бретелях в пайетках черный,tops_blouses,10.0,14800.02,0.0351,89.7738,B,1480.0,4440.01,10360.01,70.0
802,1087,Шарф взрослый морская волна,accessories,6.0,14800.0,0.0351,89.8089,B,2466.67,4440.0,10360.0,70.0
803,2071,Бомбер женский желтый,outerwear,1.0,14800.0,0.0351,89.8439,B,14800.0,4440.0,10360.0,70.0
804,1128,Свитер Кострома Vвырез байкал,knitwear,5.0,14760.0,0.035,89.8789,B,2952.0,4428.0,10332.0,70.0
805,2133,Джемпер Алиса винный шерсть,knitwear,3.0,14756.0,0.035,89.9139,B,4918.67,4426.8,10329.2,70.0
806,2465,Топ трикотажный ажур Волна светло-желтый,tops_blouses,4.0,14746.0,0.0349,89.9488,B,3686.5,4423.8,10322.2,70.0
807,2046,Шорты льняные алый,pants,3.0,14718.0,0.0349,89.9837,B,4906.0,4415.4,10302.6,70.0
808,2161,Свитер Кострома синий,knitwear,4.0,14640.0,0.0347,90.0183,B,3660.0,4392.0,10248.0,70.0
809,2089,Джемпер Грибочки мужской фиолетовый,knitwear,2.0,14620.0,0.0346,90.053,B,7310.0,4386.0,10234.0,70.0
810,2252,Джемпер Лайт шерсть пудра-лаванда,knitwear,5.0,14600.0,0.0346,90.0876,B,2920.0,4380.0,10220.0,70.0
811,2905,Лонгслив трикотажный ваниль,tshirts_longsleeves,4.0,14580.0,0.0345,90.1221,B,3645.0,4374.0,10206.0,70.0
812,1143,Шарф взрослый зефир,accessories,7.0,14538.0,0.0344,90.1565,B,2076.86,4361.4,10176.6,70.0
813,2377,Майка трикотажная V-вырез серый меланж,tops_blouses,7.0,14454.0,0.0342,90.1908,B,2064.86,4336.2,10117.8,70.0
814,2378,Кардиган трикотажный на завязках зеленая полынь,knitwear,3.0,14420.0,0.0342,90.2249,B,4806.67,4326.0,10094.0,70.0
815,2759,Джемпер Грибочки Нью мужской изумруд,knitwear,2.0,14400.0,0.0341,90.259,B,7200.0,4320.0,10080.0,70.0
816,2748,Юбка Мерилин из тенсела голубой,skirts,2.0,14350.0,0.034,90.293,B,7175.0,4305.0,10045.0,70.0
817,2588,Юбка трикотажная прямая серо-лавандовый миди,skirts,4.0,14250.0,0.0338,90.3268,B,3562.5,4275.0,9975.0,70.0
818,2319,Кардиган трикотажный на завязках лайм,knitwear,3.0,14196.0,0.0336,90.3604,B,4732.0,4258.8,9937.2,70.0
819,2059,Юбка трикотажная в рубчик макси темно-синий,skirts,5.0,14148.0,0.0335,90.3939,B,2829.6,4244.4,9903.6,70.0
820,2224,Манишка на завязках с воротом шерсть серый меланж,accessories,4.0,14112.0,0.0334,90.4273,B,3528.0,4233.6,9878.4,70.0
821,2211,Топ на широких бретелях искусственный шелк черный,tops_blouses,5.0,14016.0,0.0332,90.4605,B,2803.2,4204.8,9811.2,70.0
822,58,Свитер с горлом черный,knitwear,5.0,13920.0,0.033,90.4935,B,2784.0,4176.0,9744.0,70.0
823,2488,Футболка трикотажная косичка трава,tshirts_longsleeves,7.0,13900.0,0.0329,90.5264,B,1985.71,4170.0,9730.0,70.0
824,659,Тельняшка тонкая мятно-травяной,tshirts_longsleeves,9.0,13820.0,0.0327,90.5592,B,1535.56,4146.0,9674.0,70.0
825,527,Свитер Кострома серо-льняной,knitwear,4.0,13760.0,0.0326,90.5918,B,3440.0,4128.0,9632.0,70.0
826,2237,Шарф взрослый шерсть горький шоколад,accessories,5.0,13740.0,0.0325,90.6243,B,2748.0,4122.0,9618.0,70.0
827,1123,Свитер Кострома байкал,knitwear,4.0,13694.0,0.0324,90.6568,B,3423.5,4108.2,9585.8,70.0
828,2532,Шорты вискоза молочный,pants,4.0,13680.0,0.0324,90.6892,B,3420.0,4104.0,9576.0,70.0
829,2601,Платье Одри макси шоколад круглый ворот,dresses,2.0,13680.0,0.0324,90.7216,B,6840.0,4104.0,9576.0,70.0
830,2792,Платье Одри макси полынь ворот стойка,dresses,2.0,13680.0,0.0324,90.754,B,6840.0,4104.0,9576.0,70.0
831,686,Пиджак льняной терракот,jackets_blazers,2.0,13680.0,0.0324,90.7864,B,6840.0,4104.0,9576.0,70.0
832,2157,Юбка трикотажная прямая синий миди,skirts,4.0,13608.0,0.0322,90.8186,B,3402.0,4082.4,9525.6,70.0
833,2299,Рубашка хлопок изумруд,tops_blouses,3.0,13580.0,0.0322,90.8508,B,4526.67,4074.0,9506.0,70.0
834,2487,Футболка трикотажная косичка синий,tshirts_longsleeves,7.0,13580.0,0.0322,90.883,B,1940.0,4074.0,9506.0,70.0
835,2138,Джемпер Джеки шерсть серый меланж,knitwear,3.0,13560.0,0.0321,90.9151,B,4520.0,4068.0,9492.0,70.0
836,2177,Платье интерлок макси полынь,dresses,2.0,13500.0,0.032,90.9471,B,6750.0,4050.0,9450.0,70.0
837,2498,Футболка трикотажная косичка серо-голубой,tshirts_longsleeves,6.0,13480.0,0.0319,90.979,B,2246.67,4044.0,9436.0,70.0
838,2708,Юбка трикотажная прямая шерсть миди суровый,skirts,3.0,13440.0,0.0318,91.0108,B,4480.0,4032.0,9408.0,70.0
839,2254,Палантин трикотажный Листочки тауп-бежевый,accessories,4.0,13428.0,0.0318,91.0426,B,3357.0,4028.4,9399.6,70.0
840,2644,Кардиган Зебра Оверсайз жаккард шерсть хаки-бежевый,knitwear,2.0,13400.0,0.0317,91.0744,B,6700.0,4020.0,9380.0,70.0
841,2391,Платье Одри макси черный круглый ворот,dresses,2.0,13320.0,0.0316,91.1059,B,6660.0,3996.0,9324.0,70.0
842,2899,Пальто-жакет женский утепленный маренго,outerwear,1.0,13300.0,0.0315,91.1374,B,13300.0,3990.0,9310.0,70.0
843,81,Брюки трикотаж черный,pants,4.0,13300.0,0.0315,91.1689,B,3325.0,3990.0,9310.0,70.0
844,1079,Джемпер Лайт шерсть орех,knitwear,5.0,13200.0,0.0313,91.2002,B,2640.0,3960.0,9240.0,70.0
845,2125,Джемпер Джеки маренго,knitwear,3.0,13120.0,0.0311,91.2313,B,4373.33,3936.0,9184.0,70.0
846,2361,Кардиган трикотажный на завязках коралл,knitwear,3.0,13100.0,0.031,91.2623,B,4366.67,3930.0,9170.0,70.0
847,2344,Жилет джинсовый изумруд,pants,3.0,13068.0,0.031,91.2933,B,4356.0,3920.4,9147.6,70.0
848,1320,Джемпер в рубчик укороченный черный,knitwear,6.0,13060.1,0.0309,91.3242,B,2176.68,3918.03,9142.07,70.0
849,1173,Свитер Кострома серый,knitwear,4.0,12965.0,0.0307,91.3549,B,3241.25,3889.5,9075.5,70.0
850,1314,Юбка трикотажная в рубчик макси лиловый,skirts,4.0,12960.0,0.0307,91.3856,B,3240.0,3888.0,9072.0,70.0
851,2556,Юбка Город корица макси,skirts,2.0,12960.0,0.0307,91.4163,B,6480.0,3888.0,9072.0,70.0
852,1273,Футболка трикотажная косичка голубой,tshirts_longsleeves,5.0,12940.0,0.0307,91.447,B,2588.0,3882.0,9058.0,70.0
853,2119,Пальто женское оверсайз песочный,outerwear,1.0,12900.0,0.0306,91.4775,B,12900.0,3870.0,9030.0,70.0
854,2235,Шапка взрослая шерсть хаки,accessories,8.0,12850.0,0.0304,91.508,B,1606.25,3855.0,8995.0,70.0
855,249,Шарф взрослый горчица,accessories,6.0,12825.0,0.0304,91.5383,B,2137.5,3847.5,8977.5,70.0
856,1024,Шапка мужская бини хаки,accessories,14.0,12820.0,0.0304,91.5687,B,915.71,3846.0,8974.0,70.0
857,2364,Жилет джинсовый голубой,pants,3.0,12760.0,0.0302,91.5989,B,4253.33,3828.0,8932.0,70.0
858,1103,Свитер базовый мужской черный,knitwear,3.0,12720.0,0.0301,91.6291,B,4240.0,3816.0,8904.0,70.0
859,2058,Топ с горлом в рубчик капучино,tops_blouses,7.0,12720.0,0.0301,91.6592,B,1817.14,3816.0,8904.0,70.0
860,1027,Шапка взрослая шерсть липа,accessories,8.0,12680.0,0.03,91.6892,B,1585.0,3804.0,8876.0,70.0
861,2704,Блуза с воротом стойка из тенсела черный,tops_blouses,2.0,12675.0,0.03,91.7193,B,6337.5,3802.5,8872.5,70.0
862,1306,Юбка трикотажная в рубчик миди черный,skirts,4.0,12660.0,0.03,91.7492,B,3165.0,3798.0,8862.0,70.0
863,824,Водолазка шерсть молочный,knitwear,4.0,12655.2,0.03,91.7792,B,3163.8,3796.56,8858.64,70.0
864,2253,Палантин трикотажный Листочки черно-бежевый,accessories,4.0,12600.0,0.0298,91.8091,B,3150.0,3780.0,8820.0,70.0
865,2765,Джемпер Кружево персик,knitwear,2.0,12580.0,0.0298,91.8389,B,6290.0,3774.0,8806.0,70.0
866,1044,Шарф взрослый шерсть черный,accessories,4.0,12500.0,0.0296,91.8685,B,3125.0,3750.0,8750.0,70.0
867,991,Футболка базовая хаки,tshirts_longsleeves,8.0,12490.2,0.0296,91.8981,B,1561.28,3747.06,8743.14,70.0
868,483,Шапка Взрослая васильковый,accessories,11.0,12480.0,0.0296,91.9276,B,1134.55,3744.0,8736.0,70.0
869,392,Шарф взрослый тауп светлый,accessories,6.0,12466.0,0.0295,91.9572,B,2077.67,3739.8,8726.2,70.0
870,2766,Кардиган стандарт интерлок бургунди,knitwear,2.0,12440.0,0.0295,91.9866,B,6220.0,3732.0,8708.0,70.0
871,2564,Джемпер женский Грибочки лиловый-зеленый,knitwear,2.0,12400.0,0.0294,92.016,B,6200.0,3720.0,8680.0,70.0
872,2611,Джемпер Джеки Нью интерлок полынь зеленая,knitwear,2.0,12400.0,0.0294,92.0454,B,6200.0,3720.0,8680.0,70.0
873,2867,Юбка Город в горох шоколад макси,skirts,2.0,12240.0,0.029,92.0744,B,6120.0,3672.0,8568.0,70.0
874,394,Шарф взрослый классический розовый,accessories,5.0,12200.0,0.0289,92.1033,B,2440.0,3660.0,8540.0,70.0
875,1191,Рюша для рубашки в ассортименте,other,28.0,12182.5,0.0289,92.1321,B,435.09,3654.75,8527.75,70.0
876,2384,Футболка трикотажная шерсть пудра-лаванда,tshirts_longsleeves,4.0,12144.0,0.0288,92.1609,B,3036.0,3643.2,8500.8,70.0
877,2709,Шапка взрослая шерсть гроза,accessories,9.0,12020.0,0.0285,92.1894,B,1335.56,3606.0,8414.0,70.0
878,2118,Пальто стеганое женское олива,outerwear,1.0,12000.0,0.0284,92.2178,B,12000.0,3600.0,8400.0,70.0
879,2577,Свитер женский Релакс круглый ворот жемчужный,knitwear,2.0,12000.0,0.0284,92.2462,B,6000.0,3600.0,8400.0,70.0
880,374,Шапка взрослая синий,accessories,10.0,11948.0,0.0283,92.2745,B,1194.8,3584.4,8363.6,70.0
881,1051,Платье комбинация макси медь,dresses,3.0,11920.0,0.0282,92.3027,B,3973.33,3576.0,8344.0,70.0
882,55,Свитер с горлом серый,knitwear,6.0,11900.0,0.0282,92.3309,B,1983.33,3570.0,8330.0,70.0
883,2472,Жилет джинсовый небесно-голубой,pants,3.0,11880.0,0.0281,92.3591,B,3960.0,3564.0,8316.0,70.0
884,253,Шарф взрослый пудра,accessories,6.0,11840.0,0.028,92.3871,B,1973.33,3552.0,8288.0,70.0
885,2595,Пальто-жакет женский тауп,outerwear,1.0,11840.0,0.028,92.4152,B,11840.0,3552.0,8288.0,70.0
886,2653,Шапка взрослая горький шоколад,accessories,11.0,11836.0,0.028,92.4432,B,1076.0,3550.8,8285.2,70.0
887,240,Шапка взрослая теплый беж,accessories,11.0,11800.0,0.028,92.4712,B,1072.73,3540.0,8260.0,70.0
888,2567,Джемпер женский Софи сливочная ириска,knitwear,2.0,11780.0,0.0279,92.4991,B,5890.0,3534.0,8246.0,70.0
889,2502,Шопер трикотажный в полоску Полимаркет полынь,accessories,3.0,11700.0,0.0277,92.5268,B,3900.0,3510.0,8190.0,70.0
890,2568,Юбка трикотажная Софи ириска макси,skirts,2.0,11700.0,0.0277,92.5545,B,5850.0,3510.0,8190.0,70.0
891,1050,Джемпер Джеки шерсть алый,knitwear,2.0,11680.0,0.0277,92.5822,B,5840.0,3504.0,8176.0,70.0
892,801,Шарф взрослый бордо,accessories,6.0,11670.0,0.0276,92.6098,B,1945.0,3501.0,8169.0,70.0
893,872,Джемпер детский Ромашки морская волна,knitwear,3.0,11640.0,0.0276,92.6374,B,3880.0,3492.0,8148.0,70.0
894,1155,Юбка в пайетках серебро,skirts,4.0,11620.0,0.0275,92.6649,B,2905.0,3486.0,8134.0,70.0
895,2399,Поло трикотажное ажур Ананас лосось,tops_blouses,2.0,11600.0,0.0275,92.6924,B,5800.0,3480.0,8120.0,70.0
896,2839,Жилет стеганый двусторонний с карманами графит,knitwear,2.0,11600.0,0.0275,92.7199,B,5800.0,3480.0,8120.0,70.0
897,562,Шарф взрослый молочный,accessories,5.0,11490.0,0.0272,92.7471,B,2298.0,3447.0,8043.0,70.0
898,2778,Зипка флисовая красный,tops_blouses,3.0,11475.0,0.0272,92.7743,B,3825.0,3442.5,8032.5,70.0
899,2181,Шапка взрослая шерсть какао,accessories,7.0,11440.0,0.0271,92.8014,B,1634.29,3432.0,8008.0,70.0
900,2454,Топ трикотажный ажур Волна молочный,tops_blouses,3.0,11440.0,0.0271,92.8285,B,3813.33,3432.0,8008.0,70.0
901,2388,Футболка трикотажная шерсть черный,tshirts_longsleeves,3.0,11400.0,0.027,92.8555,B,3800.0,3420.0,7980.0,70.0
902,839,Рубашка хлопок корица,tops_blouses,4.0,11400.0,0.027,92.8825,B,2850.0,3420.0,7980.0,70.0
903,1091,Свитер Кострома нефрит,knitwear,3.0,11300.0,0.0268,92.9092,B,3766.67,3390.0,7910.0,70.0
904,2112,Куртка стеганая женская голубой круглый ворот,outerwear,2.0,11300.0,0.0268,92.936,B,5650.0,3390.0,7910.0,70.0
905,2026,Платье лапша V-вырез one size беж,dresses,3.0,11280.0,0.0267,92.9627,B,3760.0,3384.0,7896.0,70.0
906,1131,Шапка взрослая розово-лимонный,accessories,9.0,11260.0,0.0267,92.9894,B,1251.11,3378.0,7882.0,70.0
907,2455,Топ трикотажный ажур Волна манго,tops_blouses,3.0,11250.0,0.0266,93.016,B,3750.0,3375.0,7875.0,70.0
908,1028,Шапка взрослая шерсть пудра-лаванда,accessories,6.0,11240.0,0.0266,93.0427,B,1873.33,3372.0,7868.0,70.0
909,2284,Свитер Кострома молочный,knitwear,4.0,11224.41,0.0266,93.0692,B,2806.1,3367.32,7857.09,70.0
910,2164,Шапка взрослая манго шерсть,accessories,6.0,11220.0,0.0266,93.0958,B,1870.0,3366.0,7854.0,70.0
911,2120,Шапка взрослая темный беж,accessories,7.0,11200.0,0.0265,93.1224,B,1600.0,3360.0,7840.0,70.0
912,2592,Палантин Полимаркет в полоску полынь-горчица,accessories,2.0,11200.0,0.0265,93.1489,B,5600.0,3360.0,7840.0,70.0
913,2382,Джемпер Агата шерсть липа,knitwear,2.0,11160.0,0.0264,93.1753,B,5580.0,3348.0,7812.0,70.0
914,825,Джемпер Джеки шерсть шоколад,knitwear,2.0,11160.0,0.0264,93.2018,B,5580.0,3348.0,7812.0,70.0
915,82,Брюки трикотаж орех,pants,3.0,11102.0,0.0263,93.2281,B,3700.67,3330.6,7771.4,70.0
916,2484,Футболка трикотажная ажур Листочки темный шоколад,tshirts_longsleeves,2.0,11036.0,0.0261,93.2542,B,5518.0,3310.8,7725.2,70.0
917,2258,Шапка взрослая шерсть серый,accessories,9.0,11035.98,0.0261,93.2803,B,1226.22,3310.79,7725.19,70.0
918,1292,Худи мужское с капюшоном хаки,tops_blouses,2.0,11020.0,0.0261,93.3064,B,5510.0,3306.0,7714.0,70.0
919,2044,Брюки палаццо льняные алый,pants,2.0,11020.0,0.0261,93.3325,B,5510.0,3306.0,7714.0,70.0
920,2222,Юбка трикотажная прямая графит макси,skirts,3.0,11020.0,0.0261,93.3587,B,3673.33,3306.0,7714.0,70.0
921,1321,Плед трикотажный травяной,accessories,2.0,11000.0,0.0261,93.3847,B,5500.0,3300.0,7700.0,70.0
922,590,Снуд алый,accessories,23.0,11000.0,0.0261,93.4108,B,478.26,3300.0,7700.0,70.0
923,222,Шапка взрослая желтый,accessories,10.0,10980.0,0.026,93.4368,B,1098.0,3294.0,7686.0,70.0
924,1208,Юбка макси атлас бежевый,skirts,3.0,10820.0,0.0256,93.4624,B,3606.67,3246.0,7574.0,70.0
925,1110,Снуд шоколад,accessories,21.0,10805.0,0.0256,93.488,B,514.52,3241.5,7563.5,70.0
926,2461,Топ на широких бретелях искусственный шелк молочный,tops_blouses,5.0,10760.0,0.0255,93.5135,B,2152.0,3228.0,7532.0,70.0
927,2797,Брюки на завязках вискоза шоколадный,pants,2.0,10744.0,0.0255,93.5389,B,5372.0,3223.2,7520.8,70.0
928,1023,Шапка мужская бини коричневый,accessories,12.0,10740.0,0.0254,93.5644,B,895.0,3222.0,7518.0,70.0
929,1164,Почта России,other,20.0,10657.8,0.0252,93.5896,B,532.89,3197.34,7460.46,70.0
930,2860,Футболка из тенсела шоколад,tshirts_longsleeves,3.0,10620.0,0.0252,93.6148,B,3540.0,3186.0,7434.0,70.0
931,2645,Кардиган Зебра Оверсайз жаккард шерсть горчица-бежевый,knitwear,2.0,10535.0,0.025,93.6397,B,5267.5,3160.5,7374.5,70.0
932,2621,Юбка трикотажная прямая светлый беж миди,skirts,3.0,10450.0,0.0248,93.6645,B,3483.33,3135.0,7315.0,70.0
933,2425,Поло трикотажное ажур Ананас коралл,tops_blouses,2.0,10400.0,0.0246,93.6891,B,5200.0,3120.0,7280.0,70.0
934,2452,Кардиган трикотажный на завязках полынь,knitwear,2.0,10400.0,0.0246,93.7138,B,5200.0,3120.0,7280.0,70.0
935,865,Джемпер Ромашки морская волна,knitwear,2.0,10400.0,0.0246,93.7384,B,5200.0,3120.0,7280.0,70.0
936,1060,Снуд байкал,accessories,19.0,10385.0,0.0246,93.763,B,546.58,3115.5,7269.5,70.0
937,264,Шарф взрослый орех,accessories,5.0,10360.0,0.0245,93.7875,B,2072.0,3108.0,7252.0,70.0
938,1122,Свитер Кострома голубой-меланж,knitwear,3.0,10310.0,0.0244,93.812,B,3436.67,3093.0,7217.0,70.0
939,788,Шапка взрослая меринос яркая фуксия,accessories,4.0,10280.0,0.0244,93.8363,B,2570.0,3084.0,7196.0,70.0
940,1329,Платье Ирис из вискозы черное,dresses,2.0,10260.0,0.0243,93.8606,B,5130.0,3078.0,7182.0,70.0
941,2392,Футболка трикотажная шерсть синий,tshirts_longsleeves,3.0,10260.0,0.0243,93.8849,B,3420.0,3078.0,7182.0,70.0
942,2846,Лонгслив трикотажный Ромашки светлая олива,tshirts_longsleeves,3.0,10260.0,0.0243,93.9092,B,3420.0,3078.0,7182.0,70.0
943,2665,Джемпер Алиса шерсть терракот,knitwear,2.0,10230.0,0.0242,93.9335,B,5115.0,3069.0,7161.0,70.0
944,2789,Рубашка женская из тенсела слива,tops_blouses,2.0,10230.0,0.0242,93.9577,B,5115.0,3069.0,7161.0,70.0
945,1192,Джемпер женский грибочки серо-голубой,knitwear,2.0,10200.0,0.0242,93.9818,B,5100.0,3060.0,7140.0,70.0
946,2561,Джемпер женский Грибочки лайм-розовый,knitwear,2.0,10100.0,0.0239,94.0058,B,5050.0,3030.0,7070.0,70.0
947,2672,Джемпер Агата шерсть горячий шоколад,knitwear,2.0,10044.0,0.0238,94.0296,B,5022.0,3013.2,7030.8,70.0
948,1340,Футболка женская с декором желтая,tshirts_longsleeves,4.0,9990.0,0.0237,94.0532,B,2497.5,2997.0,6993.0,70.0
949,2038,Рубашка льняная лимонная,tops_blouses,2.0,9990.0,0.0237,94.0769,B,4995.0,2997.0,6993.0,70.0
950,1057,Платье интерлок макси олива,dresses,2.0,9980.0,0.0236,94.1005,B,4990.0,2994.0,6986.0,70.0
951,2808,Джемпер Кувшинки горчица-зефирный,knitwear,2.0,9972.0,0.0236,94.1242,B,4986.0,2991.6,6980.4,70.0
952,2383,Джемпер Агата шерсть лазурный,knitwear,2.0,9920.0,0.0235,94.1476,B,4960.0,2976.0,6944.0,70.0
953,2238,Шарф взрослый шерсть маренго светлый,accessories,3.0,9900.0,0.0235,94.1711,B,3300.0,2970.0,6930.0,70.0
954,2142,Шапка взрослая белый,accessories,7.0,9880.0,0.0234,94.1945,B,1411.43,2964.0,6916.0,70.0
955,430,Шарф взрослый лаванда,accessories,5.0,9868.0,0.0234,94.2179,B,1973.6,2960.4,6907.6,70.0
956,2387,Шапка взрослая полынь зеленая,accessories,9.0,9844.0,0.0233,94.2412,B,1093.78,2953.2,6890.8,70.0
957,588,Шапка взрослая травяной-пудра,accessories,7.0,9840.0,0.0233,94.2645,B,1405.71,2952.0,6888.0,70.0
958,2381,Джемпер Агата шерсть шампань,knitwear,2.0,9610.0,0.0228,94.2873,B,4805.0,2883.0,6727.0,70.0
959,61,Кардиган на пуговицах беж,knitwear,3.0,9610.0,0.0228,94.31,B,3203.33,2883.0,6727.0,70.0
960,1120,Свитер Кострома лосось,knitwear,3.0,9600.0,0.0227,94.3328,B,3200.0,2880.0,6720.0,70.0
961,1277,Плед лайм,accessories,2.0,9600.0,0.0227,94.3555,B,4800.0,2880.0,6720.0,70.0
962,740,Свитер с горлом бежевый,knitwear,3.0,9600.0,0.0227,94.3783,B,3200.0,2880.0,6720.0,70.0
963,1198,Платье женское на запах корица,dresses,3.0,9580.0,0.0227,94.4009,B,3193.33,2874.0,6706.0,70.0
964,2683,Рубашка женская из тенсела голубая,tops_blouses,2.0,9570.0,0.0227,94.4236,B,4785.0,2871.0,6699.0,70.0
965,1187,Джемпер базовый укороченный черный,knitwear,4.0,9540.0,0.0226,94.4462,B,2385.0,2862.0,6678.0,70.0
966,1297,Худи женское с капюшоном бежевый,tops_blouses,2.0,9540.0,0.0226,94.4688,B,4770.0,2862.0,6678.0,70.0
967,2524,Футболка трикотажная косичка тауп L-XL,tshirts_longsleeves,3.0,9504.0,0.0225,94.4913,B,3168.0,2851.2,6652.8,70.0
968,268,Шарф взрослый травяной,accessories,4.0,9440.0,0.0224,94.5137,B,2360.0,2832.0,6608.0,70.0
969,946,Рубашка вискоза голубая,tops_blouses,3.0,9440.0,0.0224,94.536,B,3146.67,2832.0,6608.0,70.0
970,1038,Свитер базовый круглый ворот молочный,knitwear,3.0,9430.0,0.0223,94.5584,B,3143.33,2829.0,6601.0,70.0
971,1226,Шапка взрослая алый оранжевый,accessories,8.0,9400.0,0.0223,94.5807,B,1175.0,2820.0,6580.0,70.0
972,1304,Юбка трикотажная в рубчик миди мята,skirts,3.0,9324.0,0.0221,94.6027,B,3108.0,2797.2,6526.8,70.0
973,1213,Футболка женская оверсайз с декором бахрома черная,tshirts_longsleeves,4.0,9285.0,0.022,94.6247,B,2321.25,2785.5,6499.5,70.0
974,2108,Шарф взрослый лосось,accessories,4.0,9260.0,0.0219,94.6467,B,2315.0,2778.0,6482.0,70.0
975,2264,Джемпер Агата серо-лавандовый,knitwear,2.0,9234.0,0.0219,94.6685,B,4617.0,2770.2,6463.8,70.0
976,1018,Шапка мужская бини джинс,accessories,10.0,9205.0,0.0218,94.6903,B,920.5,2761.5,6443.5,70.0
977,1206,Топ с горлом в рубчик лайм,tops_blouses,4.0,9200.0,0.0218,94.7121,B,2300.0,2760.0,6440.0,70.0
978,311,Снуд манго,accessories,18.0,9200.0,0.0218,94.7339,B,511.11,2760.0,6440.0,70.0
979,305,Снуд синий джинс,accessories,18.0,9190.0,0.0218,94.7557,B,510.56,2757.0,6433.0,70.0
980,2380,жилет двусторонний стеганый (ежевика),knitwear,2.0,9180.0,0.0217,94.7774,B,4590.0,2754.0,6426.0,70.0
981,2234,Шапка взрослая шерсть маренго светлый,accessories,7.0,9160.0,0.0217,94.7991,B,1308.57,2748.0,6412.0,70.0
982,307,Снуд хаки,accessories,19.0,9050.0,0.0214,94.8206,B,476.32,2715.0,6335.0,70.0
983,1324,Джемпер в рубчик укороченный шоколад,knitwear,4.0,9040.0,0.0214,94.842,B,2260.0,2712.0,6328.0,70.0
984,252,Шарф взрослый фуксия,accessories,4.0,9020.0,0.0214,94.8634,B,2255.0,2706.0,6314.0,70.0
985,880,Джемпер Ромашки зелено-белые,knitwear,2.0,9000.0,0.0213,94.8847,B,4500.0,2700.0,6300.0,70.0
986,803,Снуд брусника,accessories,19.0,8999.0,0.0213,94.906,B,473.63,2699.7,6299.3,70.0
987,519,Брюки трикотаж голубой,pants,3.0,8980.0,0.0213,94.9273,B,2993.33,2694.0,6286.0,70.0
988,822,Водолазка шерсть черный,knitwear,3.0,8855.2,0.021,94.9482,B,2951.73,2656.56,6198.64,70.0
989,303,Снуд маренго,accessories,19.0,8765.0,0.0208,94.969,B,461.32,2629.5,6135.5,70.0
990,2132,Юбка трикотажная прямая шерсть макси винный,skirts,2.0,8740.0,0.0207,94.9897,B,4370.0,2622.0,6118.0,70.0
991,2131,Свитер базовый с горлом шерсть голубой,knitwear,2.0,8700.0,0.0206,95.0103,B,4350.0,2610.0,6090.0,70.0
992,2707,Джемпер Агата шерсть суровый,knitwear,2.0,8680.0,0.0206,95.0309,C,4340.0,2604.0,6076.0,70.0
993,318,Снуд пудра,accessories,18.0,8632.0,0.0204,95.0513,C,479.56,2589.6,6042.4,70.0
994,263,Шарф взрослый синий электрик,accessories,4.0,8600.0,0.0204,95.0717,C,2150.0,2580.0,6020.0,70.0
995,2255,Свеча в стеклянной баночке в ассортименте,other,11.0,8540.0,0.0202,95.0919,C,776.36,2562.0,5978.0,70.0
996,1054,Свитер с горлом светло-серый,knitwear,3.0,8430.0,0.02,95.1119,C,2810.0,2529.0,5901.0,70.0
997,2093,Топ с горлом в рубчик шоколад,tops_blouses,7.0,8400.0,0.0199,95.1318,C,1200.0,2520.0,5880.0,70.0
998,2306,Юбка джинсовая мини зебра оливковая,skirts,2.0,8400.0,0.0199,95.1517,C,4200.0,2520.0,5880.0,70.0
999,2402,Платье трикотажное ажур Колоски макси бургунди,dresses,1.0,8400.0,0.0199,95.1716,C,8400.0,2520.0,5880.0,70.0
1000,1108,Шарф взрослый шерсть красный,accessories,3.0,8380.0,0.0199,95.1914,C,2793.33,2514.0,5866.0,70.0
1001,1019,Шапка мужская бини изумруд,accessories,9.0,8365.0,0.0198,95.2113,C,929.44,2509.5,5855.5,70.0
1002,2781,Брюки женские флисовые серый,pants,2.0,8325.0,0.0197,95.231,C,4162.5,2497.5,5827.5,70.0
1003,241,Шапка взрослая полынь,accessories,7.0,8320.0,0.0197,95.2507,C,1188.57,2496.0,5824.0,70.0
1004,1100,Шарф взрослый шерсть пудра-лаванда,accessories,3.0,8300.0,0.0197,95.2703,C,2766.67,2490.0,5810.0,70.0
1005,2405,Брюки слив заказные 54,pants,1.0,8300.0,0.0197,95.29,C,8300.0,2490.0,5810.0,70.0
1006,248,Шарф взрослый манго,accessories,4.0,8212.0,0.0195,95.3095,C,2053.0,2463.6,5748.4,70.0
1007,1016,Шапка мужская бини черный,accessories,9.0,8200.0,0.0194,95.3289,C,911.11,2460.0,5740.0,70.0
1008,1268,Жилет ромашки лавандово-белый,knitwear,2.0,8200.0,0.0194,95.3483,C,4100.0,2460.0,5740.0,70.0
1009,1021,Шапка мужская бини оранж,accessories,9.0,8185.0,0.0194,95.3677,C,909.44,2455.5,5729.5,70.0
1010,866,Тренч женский розовый,outerwear,1.0,8160.0,0.0193,95.387,C,8160.0,2448.0,5712.0,70.0
1011,2843,Анорак женский флисовый бежевый,outerwear,2.0,8150.0,0.0193,95.4063,C,4075.0,2445.0,5705.0,70.0
1012,1185,Джемпер базовый укороченный желтый,knitwear,4.0,8136.0,0.0193,95.4256,C,2034.0,2440.8,5695.2,70.0
1013,737,Шапка взрослая шерсть бирюза,accessories,5.0,8120.0,0.0192,95.4448,C,1624.0,2436.0,5684.0,70.0
1014,924,Юбка вискоза миди черная,skirts,3.0,8120.0,0.0192,95.4641,C,2706.67,2436.0,5684.0,70.0
1015,2565,Джемпер Грибочки мужской васильковый,knitwear,2.0,8100.0,0.0192,95.4833,C,4050.0,2430.0,5670.0,70.0
1016,2782,Анорак женский флисовый серый,outerwear,2.0,8100.0,0.0192,95.5024,C,4050.0,2430.0,5670.0,70.0
1017,1196,Платье женское на запах сирень,dresses,2.0,8060.0,0.0191,95.5215,C,4030.0,2418.0,5642.0,70.0
1018,853,Тельняшка тонкая лайм-лаванда,tshirts_longsleeves,4.0,8025.0,0.019,95.5405,C,2006.25,2407.5,5617.5,70.0
1019,1163,Шапка взрослая лайм-лаванда,accessories,6.0,8000.0,0.019,95.5595,C,1333.33,2400.0,5600.0,70.0
1020,2599,Свитер Кострома V-вырез изумруд,knitwear,2.0,7980.0,0.0189,95.5784,C,3990.0,2394.0,5586.0,70.0
1021,1031,Шарф взрослый ежевика,accessories,4.0,7970.0,0.0189,95.5973,C,1992.5,2391.0,5579.0,70.0
1022,1145,Шапка взрослая серо-розовый,accessories,7.0,7880.0,0.0187,95.6159,C,1125.71,2364.0,5516.0,70.0
1023,1133,Топ на бретелях атлас черный,tops_blouses,5.0,7860.0,0.0186,95.6346,C,1572.0,2358.0,5502.0,70.0
1024,969,Брюки хлопок широкие в полоску,pants,3.0,7820.0,0.0185,95.6531,C,2606.67,2346.0,5474.0,70.0
1025,2130,Куртка стеганая женская графит круглый ворот,outerwear,1.0,7800.0,0.0185,95.6716,C,7800.0,2340.0,5460.0,70.0
1026,2178,Платье интерлок макси пудра,dresses,1.0,7800.0,0.0185,95.69,C,7800.0,2340.0,5460.0,70.0
1027,251,Шарф взрослый сирень,accessories,4.0,7800.0,0.0185,95.7085,C,1950.0,2340.0,5460.0,70.0
1028,2757,Платье интерлок макси светлый беж,dresses,1.0,7800.0,0.0185,95.727,C,7800.0,2340.0,5460.0,70.0
1029,841,Шапка детская травяной,accessories,8.0,7781.4,0.0184,95.7454,C,972.67,2334.42,5446.98,70.0
1030,1245,Джемпер сердечки детский желтый,knitwear,2.0,7770.0,0.0184,95.7638,C,3885.0,2331.0,5439.0,70.0
1031,1189,Шапка взрослая серо-сизый,accessories,7.0,7740.0,0.0183,95.7822,C,1105.71,2322.0,5418.0,70.0
1032,643,Тельняшка тонкая оранжевый,tshirts_longsleeves,5.0,7700.0,0.0182,95.8004,C,1540.0,2310.0,5390.0,70.0
1033,2385,Юбка джинсовая мини графит,skirts,2.0,7686.0,0.0182,95.8186,C,3843.0,2305.8,5380.2,70.0
1034,1071,Топ на бретелях атлас нефрит,tops_blouses,5.0,7670.0,0.0182,95.8368,C,1534.0,2301.0,5369.0,70.0
1035,1017,Шапка мужская бини серый,accessories,8.0,7610.0,0.018,95.8548,C,951.25,2283.0,5327.0,70.0
1036,2122,Свитер с горлом джинс,pants,2.0,7600.0,0.018,95.8728,C,3800.0,2280.0,5320.0,70.0
1037,2680,Кардиган Оверсайз интерлок черный,knitwear,1.0,7600.0,0.018,95.8908,C,7600.0,2280.0,5320.0,70.0
1038,2882,Юбка трикотажная прямая серо-голубой макси,skirts,2.0,7600.0,0.018,95.9088,C,3800.0,2280.0,5320.0,70.0
1039,1218,Футболка женская оверсайз с декором терракот,tshirts_longsleeves,3.0,7506.0,0.0178,95.9266,C,2502.0,2251.8,5254.2,70.0
1040,63,Топ в рубчик V-вырез черный,tops_blouses,6.0,7470.0,0.0177,95.9443,C,1245.0,2241.0,5229.0,70.0
1041,2190,Шапка взрослая шерсть шампань,accessories,5.0,7460.0,0.0177,95.962,C,1492.0,2238.0,5222.0,70.0
1042,1291,Худи женское с капюшоном темно-серый,tops_blouses,2.0,7440.0,0.0176,95.9796,C,3720.0,2232.0,5208.0,70.0
1043,2660,Юбка фланель мини в клетку шоко с молочным,skirts,2.0,7410.0,0.0176,95.9971,C,3705.0,2223.0,5187.0,70.0
1044,2700,Юбка лапша бургунди миди,skirts,2.0,7410.0,0.0176,96.0147,C,3705.0,2223.0,5187.0,70.0
1045,2529,Сарафан на завязках мини тенсел горох синий,dresses,1.0,7400.0,0.0175,96.0322,C,7400.0,2220.0,5180.0,70.0
1046,31,Кардиган фуксия,knitwear,3.0,7400.0,0.0175,96.0497,C,2466.67,2220.0,5180.0,70.0
1047,2495,Сарафан на бретелях муслин шоколад,dresses,1.0,7380.0,0.0175,96.0672,C,7380.0,2214.0,5166.0,70.0
1048,2542,Сарафан на бретелях муслин морская волна,dresses,1.0,7380.0,0.0175,96.0847,C,7380.0,2214.0,5166.0,70.0
1049,2754,Джемпер мужской грибочки Нью оранжевый,knitwear,1.0,7380.0,0.0175,96.1022,C,7380.0,2214.0,5166.0,70.0
1050,1200,Топ укороченный на бретелях чёрный,tops_blouses,10.0,7355.0,0.0174,96.1196,C,735.5,2206.5,5148.5,70.0
1051,272,Шарф взрослый синий,accessories,3.0,7300.0,0.0173,96.1369,C,2433.33,2190.0,5110.0,70.0
1052,2483,Шорты вискоза синий темно-синий,pants,4.0,7220.0,0.0171,96.154,C,1805.0,2166.0,5054.0,70.0
1053,2608,Юбка трикотажная А-силуэта тауп,skirts,2.0,7220.0,0.0171,96.1711,C,3610.0,2166.0,5054.0,70.0
1054,2622,Юбка трикотажная А-силуэта сливовый,skirts,2.0,7220.0,0.0171,96.1882,C,3610.0,2166.0,5054.0,70.0
1055,2740,Юбка трикотажная прямая серо-лавандовый макси,skirts,2.0,7220.0,0.0171,96.2053,C,3610.0,2166.0,5054.0,70.0
1056,2829,Джемпер Монпансье оранжевый-красный,knitwear,1.0,7220.0,0.0171,96.2224,C,7220.0,2166.0,5054.0,70.0
1057,1042,Джемпер Чешуйки оверсайз джинс,pants,1.0,7200.0,0.0171,96.2395,C,7200.0,2160.0,5040.0,70.0
1058,2363,Платье интерлок миди олива,dresses,1.0,7200.0,0.0171,96.2565,C,7200.0,2160.0,5040.0,70.0
1059,2650,Платье Одри макси тауп ворот стойка,dresses,1.0,7200.0,0.0171,96.2736,C,7200.0,2160.0,5040.0,70.0
1060,2730,Джемпер Вспышка изумруд-слива,knitwear,1.0,7200.0,0.0171,96.2906,C,7200.0,2160.0,5040.0,70.0
1061,578,Шапка взрослая мятный,accessories,6.0,7160.0,0.017,96.3076,C,1193.33,2148.0,5012.0,70.0
1062,956,Футболка женская оверсайз терракот,tshirts_longsleeves,5.0,7113.0,0.0168,96.3244,C,1422.6,2133.9,4979.1,70.0
1063,2155,Юбка трикотажная прямая шоколад макси,skirts,2.0,7030.0,0.0167,96.3411,C,3515.0,2109.0,4921.0,70.0
1064,1156,Юбка в пайетках черный,skirts,3.0,7000.0,0.0166,96.3577,C,2333.33,2100.0,4900.0,70.0
1065,2191,Шарф взрослый шерсть шампань,accessories,2.0,7000.0,0.0166,96.3743,C,3500.0,2100.0,4900.0,70.0
1066,2662,Подарочный сертификат 7000,gift_cards,1.0,7000.0,0.0166,96.3908,C,7000.0,2100.0,4900.0,70.0
1067,33,Кардиган средней длины манго,knitwear,3.0,7000.0,0.0166,96.4074,C,2333.33,2100.0,4900.0,70.0
1068,732,Шарф взрослый капучино,accessories,3.0,7000.0,0.0166,96.424,C,2333.33,2100.0,4900.0,70.0
1069,2291,Топ на бретелях атлас леопард,tops_blouses,5.0,6960.0,0.0165,96.4405,C,1392.0,2088.0,4872.0,70.0
1070,383,Снуд светлый беж,accessories,15.0,6950.0,0.0165,96.457,C,463.33,2085.0,4865.0,70.0
1071,666,Рубашка хлопок мокко,tops_blouses,2.0,6948.0,0.0165,96.4734,C,3474.0,2084.4,4863.6,70.0
1072,2500,Шопер трикотажный в полоску Полимаркет серо-голубой,accessories,2.0,6910.0,0.0164,96.4898,C,3455.0,2073.0,4837.0,70.0
1073,2135,Юбка трикотажная в рубчик миди полынь,skirts,3.0,6900.0,0.0163,96.5061,C,2300.0,2070.0,4830.0,70.0
1074,2501,Плед трикотажный Полимаркет в полоску,accessories,1.0,6900.0,0.0163,96.5225,C,6900.0,2070.0,4830.0,70.0
1075,2742,Шарф взрослый шерсть липа,accessories,3.0,6900.0,0.0163,96.5388,C,2300.0,2070.0,4830.0,70.0
1076,393,Шарф взрослый коралл,accessories,3.0,6895.0,0.0163,96.5552,C,2298.33,2068.5,4826.5,70.0
1077,218,Шапка взрослая светло-серый,accessories,6.0,6886.0,0.0163,96.5715,C,1147.67,2065.8,4820.2,70.0
1078,2317,Шапка взрослая липа,accessories,6.0,6880.0,0.0163,96.5878,C,1146.67,2064.0,4816.0,70.0
1079,1036,Снуд капучино,accessories,13.0,6875.0,0.0163,96.604,C,528.85,2062.5,4812.5,70.0
1080,1045,Шарф взрослый шерсть оливка,accessories,3.0,6860.0,0.0162,96.6203,C,2286.67,2058.0,4802.0,70.0
1081,2732,Джемпер Джеки Нью интерлок шерсть зеленое яблоко,knitwear,1.0,6840.0,0.0162,96.6365,C,6840.0,2052.0,4788.0,70.0
1082,2809,Джемпер Монпансье ваниль-ириска,knitwear,1.0,6840.0,0.0162,96.6527,C,6840.0,2052.0,4788.0,70.0
1083,2812,Джемпер Кувшинки слива-персик,knitwear,1.0,6840.0,0.0162,96.6689,C,6840.0,2052.0,4788.0,70.0
1084,2815,Джемпер Кувшинки джинс-молочный,pants,1.0,6840.0,0.0162,96.6851,C,6840.0,2052.0,4788.0,70.0
1085,2550,Свитшот женский лаванда,tops_blouses,1.0,6800.0,0.0161,96.7012,C,6800.0,2040.0,4760.0,70.0
1086,436,Платье интерлок беж,dresses,1.0,6800.0,0.0161,96.7173,C,6800.0,2040.0,4760.0,70.0
1087,498,Платье интерлок пудра,dresses,1.0,6800.0,0.0161,96.7334,C,6800.0,2040.0,4760.0,70.0
1088,896,Жилет ромашки серо-лавандовый,knitwear,2.0,6800.0,0.0161,96.7495,C,3400.0,2040.0,4760.0,70.0
1089,2061,Джемпер в рубчик укороченный темно-синий,knitwear,3.0,6670.0,0.0158,96.7653,C,2223.33,2001.0,4669.0,70.0
1090,2214,Топ на широких бретелях пайетки черный,tops_blouses,4.0,6606.0,0.0156,96.781,C,1651.5,1981.8,4624.2,70.0
1091,2813,Джемпер Кувшинки красный-персик,knitwear,1.0,6600.0,0.0156,96.7966,C,6600.0,1980.0,4620.0,70.0
1092,346,Шапка Взрослая лиловый,accessories,6.0,6574.0,0.0156,96.8122,C,1095.67,1972.2,4601.8,70.0
1093,2114,Снуд шерсть олива,accessories,9.0,6560.0,0.0155,96.8277,C,728.89,1968.0,4592.0,70.0
1094,2738,Плед трикотажный Бантики бургунди-розовый,accessories,1.0,6555.0,0.0155,96.8433,C,6555.0,1966.5,4588.5,70.0
1095,1105,Палантин трикотажный Листочки орех-молочный,accessories,2.0,6520.0,0.0154,96.8587,C,3260.0,1956.0,4564.0,70.0
1096,2268,Снуд шерсть молочный,accessories,9.0,6520.0,0.0154,96.8741,C,724.44,1956.0,4564.0,70.0
1097,701,Платье на запах муслин черный,dresses,2.0,6500.0,0.0154,96.8895,C,3250.0,1950.0,4550.0,70.0
1098,1235,Пальто женское укороченное лайм,outerwear,1.0,6491.3,0.0154,96.9049,C,6491.3,1947.39,4543.91,70.0
1099,1126,Футболка женская оверсайз белая,tshirts_longsleeves,4.0,6480.0,0.0153,96.9203,C,1620.0,1944.0,4536.0,70.0
1100,2261,Джемпер Чешуйки оверсайз шоко-байкал,knitwear,1.0,6480.0,0.0153,96.9356,C,6480.0,1944.0,4536.0,70.0
1101,2795,Джемпер Ромашки Нью изумруд-яркая фуксия,knitwear,1.0,6480.0,0.0153,96.951,C,6480.0,1944.0,4536.0,70.0
1102,2814,Джемпер Кувшинки темно-синий-молочный,knitwear,1.0,6480.0,0.0153,96.9663,C,6480.0,1944.0,4536.0,70.0
1103,2866,Юбка Город в горох ваниль макси,skirts,1.0,6480.0,0.0153,96.9817,C,6480.0,1944.0,4536.0,70.0
1104,2583,Свитер мужской Релакс круглый ворот маренго,knitwear,1.0,6460.0,0.0153,96.997,C,6460.0,1938.0,4522.0,70.0
1105,1084,Свитер Кострома V-вырез джинс,pants,2.0,6430.0,0.0152,97.0122,C,3215.0,1929.0,4501.0,70.0
1106,609,Свитер Кострома V-вырез бежевый,knitwear,2.0,6420.0,0.0152,97.0274,C,3210.0,1926.0,4494.0,70.0
1107,2504,Комбинация вискоза бежевый,other,5.0,6400.0,0.0152,97.0426,C,1280.0,1920.0,4480.0,70.0
1108,959,Рубашка вискоза лайм,tops_blouses,2.0,6400.0,0.0152,97.0577,C,3200.0,1920.0,4480.0,70.0
1109,2713,Костюм женский Жасмин,suits,1.0,6324.0,0.015,97.0727,C,6324.0,1897.2,4426.8,70.0
1110,2408,Футболка трикотажная шерсть алый,tshirts_longsleeves,2.0,6300.0,0.0149,97.0876,C,3150.0,1890.0,4410.0,70.0
1111,2458,Футболка трикотажная шерсть орех,tshirts_longsleeves,2.0,6300.0,0.0149,97.1026,C,3150.0,1890.0,4410.0,70.0
1112,900,Юбка вискоза миди розовая,skirts,2.0,6300.0,0.0149,97.1175,C,3150.0,1890.0,4410.0,70.0
1113,935,Футболка базовая беж,tshirts_longsleeves,4.0,6280.5,0.0149,97.1324,C,1570.12,1884.15,4396.35,70.0
1114,644,Тельняшка тонкая синий,tshirts_longsleeves,3.0,6270.0,0.0149,97.1472,C,2090.0,1881.0,4389.0,70.0
1115,960,Рубашка вискоза травяной,tops_blouses,2.0,6240.0,0.0148,97.162,C,3120.0,1872.0,4368.0,70.0
1116,1141,Футболка женская оверсайз олива,tshirts_longsleeves,4.0,6226.0,0.0147,97.1767,C,1556.5,1867.8,4358.2,70.0
1117,2581,Свитер мужской Релакс круглый ворот черный,knitwear,1.0,6200.0,0.0147,97.1914,C,6200.0,1860.0,4340.0,70.0
1118,2614,Джемпер Агата шерсть имбирь,knitwear,1.0,6200.0,0.0147,97.2061,C,6200.0,1860.0,4340.0,70.0
1119,2717,Джемпер Агата шерсть красный,knitwear,1.0,6200.0,0.0147,97.2208,C,6200.0,1860.0,4340.0,70.0
1120,856,Свитер с горлом олива,knitwear,3.0,6200.0,0.0147,97.2355,C,2066.67,1860.0,4340.0,70.0
1121,976,Джемпер Джаред оверсайз розовый,knitwear,1.0,6200.0,0.0147,97.2502,C,6200.0,1860.0,4340.0,70.0
1122,1020,Шапка мужская бини синий,accessories,7.0,6150.0,0.0146,97.2647,C,878.57,1845.0,4305.0,70.0
1123,2476,Брюки трикотажные ажур Бриз ваниль,pants,1.0,6150.0,0.0146,97.2793,C,6150.0,1845.0,4305.0,70.0
1124,948,Топ на бретелях муслин белый,tops_blouses,4.0,6141.0,0.0145,97.2939,C,1535.25,1842.3,4298.7,70.0
1125,2267,Платье интерлок шерсть миди горький шоколад,dresses,1.0,6120.0,0.0145,97.3083,C,6120.0,1836.0,4284.0,70.0
1126,2579,Свитер мужской Релакс круглый ворот графит,knitwear,1.0,6120.0,0.0145,97.3228,C,6120.0,1836.0,4284.0,70.0
1127,2726,Джемпер Авангард жаккард слива-ириска,knitwear,1.0,6120.0,0.0145,97.3373,C,6120.0,1836.0,4284.0,70.0
1128,757,Костюм Кострома Хаки,suits,1.0,6120.0,0.0145,97.3518,C,6120.0,1836.0,4284.0,70.0
1129,270,Шарф взрослый мята,accessories,3.0,6090.0,0.0144,97.3663,C,2030.0,1827.0,4263.0,70.0
1130,232,Шапка взрослая зеленый,accessories,5.0,6088.0,0.0144,97.3807,C,1217.6,1826.4,4261.6,70.0
1131,2507,Топ на широких бретелях вискоза тауп,tops_blouses,2.0,6080.0,0.0144,97.3951,C,3040.0,1824.0,4256.0,70.0
1132,1109,Шапка мужская бини красный,accessories,7.0,6075.0,0.0144,97.4095,C,867.86,1822.5,4252.5,70.0
1133,2057,Топ с горлом в рубчик шоко,tops_blouses,4.0,6000.0,0.0142,97.4237,C,1500.0,1800.0,4200.0,70.0
1134,2126,Шапка взрослая персик,accessories,5.0,6000.0,0.0142,97.4379,C,1200.0,1800.0,4200.0,70.0
1135,2497,Футболка трикотажная косичка васильковый,tshirts_longsleeves,4.0,6000.0,0.0142,97.4521,C,1500.0,1800.0,4200.0,70.0
1136,809,Шапка взрослая шерсть маренго,accessories,4.0,6000.0,0.0142,97.4663,C,1500.0,1800.0,4200.0,70.0
1137,1066,Рубашка мужская oversize фланель орех,tops_blouses,1.0,5900.0,0.014,97.4803,C,5900.0,1770.0,4130.0,70.0
1138,2021,Топ в рубчик V-вырез фуксия,tops_blouses,6.0,5890.0,0.014,97.4943,C,981.67,1767.0,4123.0,70.0
1139,2360,Джемпер лютики жемчужный с розовым,knitwear,1.0,5890.0,0.014,97.5082,C,5890.0,1767.0,4123.0,70.0
1140,2794,Косынка трикотажная шерсть горький шоколад,accessories,2.0,5890.0,0.014,97.5222,C,2945.0,1767.0,4123.0,70.0
1141,745,Пиджак вискоза синий,jackets_blazers,1.0,5865.0,0.0139,97.5361,C,5865.0,1759.5,4105.5,70.0
1142,558,Шапка взрослая мята-лайм,accessories,5.0,5860.0,0.0139,97.5499,C,1172.0,1758.0,4102.0,70.0
1143,2892,Юбка трикотажная мини А-силуэта светлый беж,skirts,2.0,5856.0,0.0139,97.5638,C,2928.0,1756.8,4099.2,70.0
1144,333,Шапка детская джинс,accessories,6.0,5851.0,0.0139,97.5777,C,975.17,1755.3,4095.7,70.0
1145,1094,Брюки палаццо в пайетках черный,pants,2.0,5800.0,0.0137,97.5914,C,2900.0,1740.0,4060.0,70.0
1146,2047,Рубашка льняная алый,tops_blouses,1.0,5800.0,0.0137,97.6051,C,5800.0,1740.0,4060.0,70.0
1147,2773,Жилет стеганый двусторонний с карманами голубой,knitwear,1.0,5800.0,0.0137,97.6189,C,5800.0,1740.0,4060.0,70.0
1148,2747,Джемпер Авангард жаккард горький шоколад-капучино,knitwear,1.0,5760.0,0.0136,97.6325,C,5760.0,1728.0,4032.0,70.0
1149,2798,Платье туника с разрезом макси горький шоколад,dresses,1.0,5760.0,0.0136,97.6462,C,5760.0,1728.0,4032.0,70.0
1150,736,Снуд тауп,accessories,12.0,5750.0,0.0136,97.6598,C,479.17,1725.0,4025.0,70.0
1151,2477,Брюки трикотажные ажур Волна ваниль,pants,1.0,5740.0,0.0136,97.6734,C,5740.0,1722.0,4018.0,70.0
1152,966,Рубашка хлопок в полоску,tops_blouses,2.0,5688.0,0.0135,97.6869,C,2844.0,1706.4,3981.6,70.0
1153,2289,Топ на бретелях вискоза бежевый в цветок,tops_blouses,4.0,5640.0,0.0134,97.7002,C,1410.0,1692.0,3948.0,70.0
1154,2593,Палантин Полимаркет в полоску полынь-голубой,accessories,1.0,5600.0,0.0133,97.7135,C,5600.0,1680.0,3920.0,70.0
1155,2400,Юбка трикотажная ажур Листочки полынь,skirts,1.0,5580.0,0.0132,97.7267,C,5580.0,1674.0,3906.0,70.0
1156,2560,Джемпер женский Грибочки персик-желтый,knitwear,1.0,5580.0,0.0132,97.7399,C,5580.0,1674.0,3906.0,70.0
1157,1162,Юбка трикотаж серый,skirts,2.0,5510.0,0.0131,97.753,C,2755.0,1653.0,3857.0,70.0
1158,1204,Шапка взрослая маренго-беж,accessories,5.0,5420.0,0.0128,97.7658,C,1084.0,1626.0,3794.0,70.0
1159,1075,Джемпер Джеки шерсть орех,knitwear,1.0,5400.0,0.0128,97.7786,C,5400.0,1620.0,3780.0,70.0
1160,2109,Шарф взрослый оранжевый,accessories,2.0,5400.0,0.0128,97.7914,C,2700.0,1620.0,3780.0,70.0
1161,2265,Джемпер коралл маренго,knitwear,1.0,5400.0,0.0128,97.8042,C,5400.0,1620.0,3780.0,70.0
1162,2420,Юбка трикотажная ажур Бриз синий,skirts,1.0,5400.0,0.0128,97.817,C,5400.0,1620.0,3780.0,70.0
1163,2422,Юбка трикотажная ажур Бриз графит,skirts,1.0,5400.0,0.0128,97.8298,C,5400.0,1620.0,3780.0,70.0
1164,2426,Поло трикотажное ажур Ананас яркая фуксия,tops_blouses,1.0,5400.0,0.0128,97.8426,C,5400.0,1620.0,3780.0,70.0
1165,2427,Поло трикотажное ажур Ананас светло-желтый,tops_blouses,1.0,5400.0,0.0128,97.8554,C,5400.0,1620.0,3780.0,70.0
1166,2430,Поло трикотажное ажур Ананас голубой,tops_blouses,1.0,5400.0,0.0128,97.8681,C,5400.0,1620.0,3780.0,70.0
1167,2431,Поло трикотажное ажур Ананас лиловый,tops_blouses,1.0,5400.0,0.0128,97.8809,C,5400.0,1620.0,3780.0,70.0
1168,461,Платье комбинация искуственный шелк мокко,dresses,2.0,5400.0,0.0128,97.8937,C,2700.0,1620.0,3780.0,70.0
1169,2673,Джемпер Алиса шерсть горячий шоколад,knitwear,1.0,5394.0,0.0128,97.9065,C,5394.0,1618.2,3775.8,70.0
1170,706,Рубашка лен морская волна,tops_blouses,1.0,5394.0,0.0128,97.9193,C,5394.0,1618.2,3775.8,70.0
1171,1037,Свитер базовый круглый ворот нефрит,knitwear,2.0,5365.0,0.0127,97.932,C,2682.5,1609.5,3755.5,70.0
1172,2136,Джемпер в рубчик укороченный полынь,knitwear,2.0,5365.0,0.0127,97.9447,C,2682.5,1609.5,3755.5,70.0
1173,844,снуд оранжевый,accessories,9.0,5365.0,0.0127,97.9574,C,596.11,1609.5,3755.5,70.0
1174,2429,Поло трикотажное ажур Ананас желтый,tops_blouses,1.0,5240.0,0.0124,97.9698,C,5240.0,1572.0,3668.0,70.0
1175,2274,Джемпер Джеки шерсть интерлок шампань,knitwear,1.0,5238.0,0.0124,97.9822,C,5238.0,1571.4,3666.6,70.0
1176,2051,Рубашка льняная зеленая,tops_blouses,1.0,5220.0,0.0124,97.9946,C,5220.0,1566.0,3654.0,70.0
1177,1230,Джемпер Клубнички женский желтый,knitwear,1.0,5200.0,0.0123,98.0069,C,5200.0,1560.0,3640.0,70.0
1178,2337,Жилет геометрия розово-голубой,knitwear,1.0,5200.0,0.0123,98.0192,C,5200.0,1560.0,3640.0,70.0
1179,2350,Шарф взрослый сливочно-желтый,accessories,2.0,5200.0,0.0123,98.0315,C,2600.0,1560.0,3640.0,70.0
1180,860,Джемпер Ромашки черный,knitwear,1.0,5200.0,0.0123,98.0439,C,5200.0,1560.0,3640.0,70.0
1181,312,Снуд горчица,accessories,11.0,5150.0,0.0122,98.0561,C,468.18,1545.0,3605.0,70.0
1182,2418,Юбка трикотажная ажур Бриз фиолетовый,skirts,1.0,5130.0,0.0122,98.0682,C,5130.0,1539.0,3591.0,70.0
1183,794,Шапка взрослая меринос серебро,accessories,2.0,5040.0,0.0119,98.0802,C,2520.0,1512.0,3528.0,70.0
1184,382,Снуд серый меланж,accessories,11.0,5025.0,0.0119,98.0921,C,456.82,1507.5,3517.5,70.0
1185,2062,Футболка мужская хаки,tshirts_longsleeves,3.0,5001.0,0.0118,98.1039,C,1667.0,1500.3,3500.7,70.0
1186,2586,Подарочный сертификат 5000,gift_cards,1.0,5000.0,0.0118,98.1157,C,5000.0,1500.0,3500.0,70.0
1187,429,Снуд зефир,accessories,10.0,5000.0,0.0118,98.1276,C,500.0,1500.0,3500.0,70.0
1188,893,Шапка взрослая нефритово-лиловый,accessories,4.0,5000.0,0.0118,98.1394,C,1250.0,1500.0,3500.0,70.0
1189,2259,Джемпер Джеки интерлок черный,knitwear,1.0,4860.0,0.0115,98.1509,C,4860.0,1458.0,3402.0,70.0
1190,963,Рубашка льняная бирюза,tops_blouses,1.0,4860.0,0.0115,98.1625,C,4860.0,1458.0,3402.0,70.0
1191,340,Шапка детская манго,accessories,5.0,4851.0,0.0115,98.174,C,970.2,1455.3,3395.7,70.0
1192,1278,Плед трикотажный зефир,accessories,1.0,4800.0,0.0114,98.1853,C,4800.0,1440.0,3360.0,70.0
1193,1279,Плед жаккардовый клечатый,accessories,1.0,4800.0,0.0114,98.1967,C,4800.0,1440.0,3360.0,70.0
1194,2127,Шарф взрослый персик,accessories,2.0,4800.0,0.0114,98.2081,C,2400.0,1440.0,3360.0,70.0
1195,941,Футболка женская оверсайз корица,tshirts_longsleeves,3.0,4770.0,0.0113,98.2194,C,1590.0,1431.0,3339.0,70.0
1196,989,Футболка базовая голубая,tshirts_longsleeves,3.0,4770.0,0.0113,98.2307,C,1590.0,1431.0,3339.0,70.0
1197,611,Снуд апельсин,accessories,9.0,4750.0,0.0113,98.2419,C,527.78,1425.0,3325.0,70.0
1198,259,Шарф взрослый серо-голубой,accessories,2.0,4700.0,0.0111,98.253,C,2350.0,1410.0,3290.0,70.0
1199,375,Снуд серо-голубой,accessories,10.0,4650.0,0.011,98.2641,C,465.0,1395.0,3255.0,70.0
1200,423,шапка детская серо-голубой,accessories,5.0,4603.5,0.0109,98.275,C,920.7,1381.05,3222.45,70.0
1201,1280,Шорты вискоза сирень,pants,1.0,4600.0,0.0109,98.2859,C,4600.0,1380.0,3220.0,70.0
1202,2591,Палантин в полоску оранжевый-лосось,accessories,1.0,4600.0,0.0109,98.2968,C,4600.0,1380.0,3220.0,70.0
1203,2785,Палантин трикотажный Рыбка нефрит-лиловый,accessories,1.0,4600.0,0.0109,98.3077,C,4600.0,1380.0,3220.0,70.0
1204,2796,Палантин трикотажный Рыбка горчица-зефирный,accessories,1.0,4600.0,0.0109,98.3185,C,4600.0,1380.0,3220.0,70.0
1205,878,Шапка взрослая яркая фуксия-апельсин,accessories,4.0,4600.0,0.0109,98.3294,C,1150.0,1380.0,3220.0,70.0
1206,607,Шарф взрослый ваниль,accessories,2.0,4590.0,0.0109,98.3403,C,2295.0,1377.0,3213.0,70.0
1207,2434,Косынка трикотажная апельсин,accessories,2.0,4560.0,0.0108,98.3511,C,2280.0,1368.0,3192.0,70.0
1208,379,Шапка взрослая беж классик,accessories,4.0,4560.0,0.0108,98.3619,C,1140.0,1368.0,3192.0,70.0
1209,827,Платье интерлок серо-голубой макси,dresses,1.0,4556.0,0.0108,98.3727,C,4556.0,1366.8,3189.2,70.0
1210,731,Снуд зеленый эмеральд,accessories,9.0,4550.0,0.0108,98.3835,C,505.56,1365.0,3185.0,70.0
1211,852,Тельняшка тонкая яркая фуксия-оранжевый,tshirts_longsleeves,2.0,4520.0,0.0107,98.3942,C,2260.0,1356.0,3164.0,70.0
1212,561,Шарф взрослый фиолетовый,accessories,2.0,4500.0,0.0107,98.4049,C,2250.0,1350.0,3150.0,70.0
1213,407,Платье интерлок хаки макси,dresses,1.0,4488.0,0.0106,98.4155,C,4488.0,1346.4,3141.6,70.0
1214,744,Пиджак вискоза изумруд,jackets_blazers,1.0,4485.0,0.0106,98.4261,C,4485.0,1345.5,3139.5,70.0
1215,2272,Снуд шерсть серый меланж,accessories,6.0,4432.0,0.0105,98.4366,C,738.67,1329.6,3102.4,70.0
1216,421,Снуд изумруд,accessories,10.0,4425.0,0.0105,98.4471,C,442.5,1327.5,3097.5,70.0
1217,2674,Юбка трикотажная А-силуэта шерсть горячий шоколад,skirts,1.0,4416.0,0.0105,98.4576,C,4416.0,1324.8,3091.2,70.0
1218,2165,Шапка взрослая эмеральд шерсть,accessories,2.0,4400.0,0.0104,98.468,C,2200.0,1320.0,3080.0,70.0
1219,785,Шапка взрослая меринос голубая,accessories,2.0,4400.0,0.0104,98.4784,C,2200.0,1320.0,3080.0,70.0
1220,1233,Рубашка джинсовая женская тауп,tops_blouses,1.0,4370.0,0.0104,98.4888,C,4370.0,1311.0,3059.0,70.0
1221,2589,Палантин в полоску брусника-липа,accessories,1.0,4370.0,0.0104,98.4991,C,4370.0,1311.0,3059.0,70.0
1222,2590,Палантин трикотажный в полоску шоколадно-бежевый,accessories,1.0,4370.0,0.0104,98.5095,C,4370.0,1311.0,3059.0,70.0
1223,972,Джемпер тонкий Wind Vikki желтый,knitwear,3.0,4350.0,0.0103,98.5198,C,1450.0,1305.0,3045.0,70.0
1224,2624,Джемпер Агата шерсть терракот,knitwear,1.0,4340.0,0.0103,98.53,C,4340.0,1302.0,3038.0,70.0
1225,2675,Джемпер Алиса шерсть кофе,knitwear,1.0,4340.0,0.0103,98.5403,C,4340.0,1302.0,3038.0,70.0
1226,2266,Юбка трикотажная прямая шерсть миди серый меланж,skirts,1.0,4320.0,0.0102,98.5506,C,4320.0,1296.0,3024.0,70.0
1227,2762,Шапка взрослая шерсть суровый,accessories,3.0,4320.0,0.0102,98.5608,C,1440.0,1296.0,3024.0,70.0
1228,2727,Джемпер Авангард жаккард слива-оранжевый,knitwear,1.0,4300.0,0.0102,98.571,C,4300.0,1290.0,3010.0,70.0
1229,2771,Палантин трикотажный Бантики серо-голубой,accessories,1.0,4278.0,0.0101,98.5811,C,4278.0,1283.4,2994.6,70.0
1230,366,Шапка детская светлый беж,accessories,5.0,4244.7,0.0101,98.5912,C,848.94,1273.41,2971.29,70.0
1231,165,Брюки трикотаж светлый беж,pants,1.0,4200.0,0.0099,98.6011,C,4200.0,1260.0,2940.0,70.0
1232,2103,Джемпер робот детский ежевика,knitwear,1.0,4200.0,0.0099,98.6111,C,4200.0,1260.0,2940.0,70.0
1233,529,Брюки трикотаж олива,pants,1.0,4200.0,0.0099,98.621,C,4200.0,1260.0,2940.0,70.0
1234,587,Свитер Кострома V-вырез голубой,knitwear,1.0,4200.0,0.0099,98.631,C,4200.0,1260.0,2940.0,70.0
1235,823,Панама искуствен,accessories,2.0,4180.0,0.0099,98.6409,C,2090.0,1254.0,2926.0,70.0
1236,2750,Юбка трикотажная прямая шерсть горячий шоколад миди,skirts,1.0,4176.0,0.0099,98.6507,C,4176.0,1252.8,2923.2,70.0
1237,198,Шорты лен зеленый,pants,1.0,4140.0,0.0098,98.6606,C,4140.0,1242.0,2898.0,70.0
1238,295,Шапка взрослая два подворота бордо,accessories,4.0,4140.0,0.0098,98.6704,C,1035.0,1242.0,2898.0,70.0
1239,2887,Анорак женский флисовый хаки,outerwear,1.0,4100.0,0.0097,98.6801,C,4100.0,1230.0,2870.0,70.0
1240,2888,Брюки женские флисовые хаки,pants,1.0,4100.0,0.0097,98.6898,C,4100.0,1230.0,2870.0,70.0
1241,2066,Шорты трикотажные тауп,pants,2.0,4080.0,0.0097,98.6995,C,2040.0,1224.0,2856.0,70.0
1242,2648,Снуд сливовый,accessories,9.0,4075.0,0.0097,98.7091,C,452.78,1222.5,2852.5,70.0
1243,612,Снуд лаванда,accessories,9.0,4075.0,0.0097,98.7188,C,452.78,1222.5,2852.5,70.0
1244,2417,Юбка трикотажная ажур Бриз серо-лавандовый,skirts,1.0,4050.0,0.0096,98.7283,C,4050.0,1215.0,2835.0,70.0
1245,2842,Зипка флисовая бежевый,tops_blouses,1.0,4050.0,0.0096,98.7379,C,4050.0,1215.0,2835.0,70.0
1246,2884,Анорак женский флисовый оранжевый,outerwear,1.0,4050.0,0.0096,98.7475,C,4050.0,1215.0,2835.0,70.0
1247,2885,Брюки женские флисовые оранжевый,pants,1.0,4050.0,0.0096,98.7571,C,4050.0,1215.0,2835.0,70.0
1248,2897,Анорак мужской флисовый хаки,outerwear,1.0,4050.0,0.0096,98.7667,C,4050.0,1215.0,2835.0,70.0
1249,2898,Брюки мужские флисовые хаки,pants,1.0,4050.0,0.0096,98.7763,C,4050.0,1215.0,2835.0,70.0
1250,1267,Тельняшка тонкая лимонно-зеленый,tshirts_longsleeves,4.0,4000.0,0.0095,98.7858,C,1000.0,1200.0,2800.0,70.0
1251,2466,Лонгслив женский в ассортименте,tshirts_longsleeves,4.0,4000.0,0.0095,98.7953,C,1000.0,1200.0,2800.0,70.0
1252,2518,Майка трикотажная V-вырез лайм,tops_blouses,2.0,3960.0,0.0094,98.8046,C,1980.0,1188.0,2772.0,70.0
1253,329,Шапка детская пудра,accessories,4.0,3910.5,0.0093,98.8139,C,977.62,1173.15,2737.35,70.0
1254,2183,Шарф взрослый шерсть винный,accessories,1.0,3900.0,0.0092,98.8231,C,3900.0,1170.0,2730.0,70.0
1255,2661,Шапка взрослая сливочная ириска,accessories,4.0,3880.0,0.0092,98.8323,C,970.0,1164.0,2716.0,70.0
1256,2269,Снуд шерсть красный,accessories,5.0,3855.0,0.0091,98.8415,C,771.0,1156.5,2698.5,70.0
1257,2248,Юбка трикотажная прямая шерсть макси черный,skirts,1.0,3840.0,0.0091,98.8506,C,3840.0,1152.0,2688.0,70.0
1258,1092,Свитер Кострома V-вырез нефрит,knitwear,1.0,3800.0,0.009,98.8596,C,3800.0,1140.0,2660.0,70.0
1259,1272,Шорты вискоза черный,pants,1.0,3800.0,0.009,98.8686,C,3800.0,1140.0,2660.0,70.0
1260,1282,Шорты вискоза синий джинс,pants,1.0,3800.0,0.009,98.8776,C,3800.0,1140.0,2660.0,70.0
1261,2519,Шорты муслин черный,pants,1.0,3800.0,0.009,98.8866,C,3800.0,1140.0,2660.0,70.0
1262,2617,Юбка трикотаж А-силуэта серый,skirts,1.0,3800.0,0.009,98.8956,C,3800.0,1140.0,2660.0,70.0
1263,2630,Юбка трикотажная прямая молочный миди,skirts,1.0,3800.0,0.009,98.9046,C,3800.0,1140.0,2660.0,70.0
1264,2803,Юбка трикотажная прямая джинс миди,skirts,1.0,3800.0,0.009,98.9136,C,3800.0,1140.0,2660.0,70.0
1265,833,Шапка взрослая лазурный,accessories,3.0,3800.0,0.009,98.9226,C,1266.67,1140.0,2660.0,70.0
1266,2412,Манишка на завязках с воротом шерсть черный,accessories,1.0,3780.0,0.009,98.9315,C,3780.0,1134.0,2646.0,70.0
1267,749,Брюки палаццо вискоза изумруд,pants,1.0,3780.0,0.009,98.9405,C,3780.0,1134.0,2646.0,70.0
1268,347,Шапка детская хаки,accessories,4.0,3771.0,0.0089,98.9494,C,942.75,1131.3,2639.7,70.0
1269,424,Шапка детская изумруд,accessories,4.0,3771.0,0.0089,98.9584,C,942.75,1131.3,2639.7,70.0
1270,338,Шапка детская мята,accessories,4.0,3742.0,0.0089,98.9672,C,935.5,1122.6,2619.4,70.0
1271,304,Снуд графит,accessories,8.0,3715.0,0.0088,98.976,C,464.38,1114.5,2600.5,70.0
1272,615,Снуд травяной,accessories,10.0,3715.0,0.0088,98.9848,C,371.5,1114.5,2600.5,70.0
1273,485,Шапка детская красный,accessories,4.0,3712.5,0.0088,98.9936,C,928.12,1113.75,2598.75,70.0
1274,945,Брюки вискоза голубые,pants,2.0,3710.0,0.0088,99.0024,C,1855.0,1113.0,2597.0,70.0
1275,499,Кардиган средней длины молочный,knitwear,1.0,3700.0,0.0088,99.0112,C,3700.0,1110.0,2590.0,70.0
1276,569,Кардиган средней длины олива,knitwear,1.0,3700.0,0.0088,99.0199,C,3700.0,1110.0,2590.0,70.0
1277,337,Шапка детская розовый,accessories,4.0,3672.0,0.0087,99.0286,C,918.0,1101.6,2570.4,70.0
1278,381,Шапка детская лаванда,accessories,4.0,3670.5,0.0087,99.0373,C,917.62,1101.15,2569.35,70.0
1279,2279,Футболка трикотажная шерсть бежевый,tshirts_longsleeves,1.0,3610.0,0.0086,99.0459,C,3610.0,1083.0,2527.0,70.0
1280,2512,Шорты вискоза серо-голубой,pants,1.0,3610.0,0.0086,99.0544,C,3610.0,1083.0,2527.0,70.0
1281,2587,Юбка трикотажная А-силуэта горький шоколад,skirts,1.0,3610.0,0.0086,99.063,C,3610.0,1083.0,2527.0,70.0
1282,2857,Футболка из тенсела белый,tshirts_longsleeves,1.0,3600.0,0.0085,99.0715,C,3600.0,1080.0,2520.0,70.0
1283,2679,Снуд ванильный,accessories,8.0,3550.0,0.0084,99.0799,C,443.75,1065.0,2485.0,70.0
1284,2453,Топ трикотажный ажур Волна байкал,tops_blouses,1.0,3500.0,0.0083,99.0882,C,3500.0,1050.0,2450.0,70.0
1285,761,Шапка взрослая бежевый,accessories,3.0,3480.0,0.0082,99.0964,C,1160.0,1044.0,2436.0,70.0
1286,1281,Шорты вискоза красный,pants,1.0,3420.0,0.0081,99.1045,C,3420.0,1026.0,2394.0,70.0
1287,2459,Юбка трикотаж А-силуэта черный,skirts,1.0,3420.0,0.0081,99.1126,C,3420.0,1026.0,2394.0,70.0
1288,2619,Юбка трикотажная прямая сливочно-желтый макси,skirts,1.0,3420.0,0.0081,99.1207,C,3420.0,1026.0,2394.0,70.0
1289,2919,Юбка трикотажная прямая олива миди,skirts,1.0,3420.0,0.0081,99.1288,C,3420.0,1026.0,2394.0,70.0
1290,1138,Футболка мужская терракот,tshirts_longsleeves,2.0,3401.0,0.0081,99.1369,C,1700.5,1020.3,2380.7,70.0
1291,820,Платье комбинация искуственный шелк изумруд,dresses,1.0,3400.0,0.0081,99.145,C,3400.0,1020.0,2380.0,70.0
1292,845,Шапка взрослая небесно-голубой,accessories,3.0,3400.0,0.0081,99.153,C,1133.33,1020.0,2380.0,70.0
1293,846,Шапка взрослая нефритовый,accessories,3.0,3400.0,0.0081,99.1611,C,1133.33,1020.0,2380.0,70.0
1294,925,Юбка вискоза макси в цветок,skirts,1.0,3400.0,0.0081,99.1691,C,3400.0,1020.0,2380.0,70.0
1295,944,Жилет ромашки желтый,knitwear,1.0,3400.0,0.0081,99.1772,C,3400.0,1020.0,2380.0,70.0
1296,973,Юбка миди атласная фуксия,skirts,1.0,3400.0,0.0081,99.1852,C,3400.0,1020.0,2380.0,70.0
1297,2249,Юбка трикотажная прямая шерсть миди черный,skirts,1.0,3360.0,0.008,99.1932,C,3360.0,1008.0,2352.0,70.0
1298,2696,Юбка трикотажная прямая шерсть миди кофе,skirts,1.0,3360.0,0.008,99.2011,C,3360.0,1008.0,2352.0,70.0
1299,2697,Юбка трикотажная прямая шерсть макси кофе,skirts,1.0,3360.0,0.008,99.2091,C,3360.0,1008.0,2352.0,70.0
1300,2706,Юбка трикотажная прямая шерсть миди хаки,skirts,1.0,3360.0,0.008,99.2171,C,3360.0,1008.0,2352.0,70.0
1301,2749,Юбка трикотажная прямая шерсть горячий шоколад макси,skirts,1.0,3360.0,0.008,99.225,C,3360.0,1008.0,2352.0,70.0
1302,2861,Футболка из тенсела сливочно-желтый,tshirts_longsleeves,1.0,3348.0,0.0079,99.233,C,3348.0,1004.4,2343.6,70.0
1303,2702,Шарф взрослый шерсть маренго темный,accessories,1.0,3312.0,0.0078,99.2408,C,3312.0,993.6,2318.4,70.0
1304,2859,Футболка из тенсела розовый,tshirts_longsleeves,1.0,3312.0,0.0078,99.2486,C,3312.0,993.6,2318.4,70.0
1305,2739,Юбка трикотажная прямая серо-лавандовый миди,skirts,1.0,3306.0,0.0078,99.2565,C,3306.0,991.8,2314.2,70.0
1306,2628,Лонгслив женский черный,tshirts_longsleeves,1.0,3240.0,0.0077,99.2642,C,3240.0,972.0,2268.0,70.0
1307,2858,Футболка из тенсела голубой,tshirts_longsleeves,1.0,3240.0,0.0077,99.2718,C,3240.0,972.0,2268.0,70.0
1308,2877,Футболка из тенсела сливовый,tshirts_longsleeves,1.0,3240.0,0.0077,99.2795,C,3240.0,972.0,2268.0,70.0
1309,244,Шапка взрослая шерсть изумруд,accessories,2.0,3200.0,0.0076,99.2871,C,1600.0,960.0,2240.0,70.0
1310,2482,Футболка трикотажная косичка фиолетовый,tshirts_longsleeves,1.0,3200.0,0.0076,99.2947,C,3200.0,960.0,2240.0,70.0
1311,49,Джемпер Лайт шерсть хвоя,knitwear,1.0,3200.0,0.0076,99.3022,C,3200.0,960.0,2240.0,70.0
1312,1236,Жилет ромашки серый,knitwear,1.0,3162.0,0.0075,99.3097,C,3162.0,948.6,2213.4,70.0
1313,301,Снуд красный,accessories,7.0,3107.0,0.0074,99.3171,C,443.86,932.1,2174.9,70.0
1314,817,Джинсы трубы светло-серый,pants,1.0,3100.0,0.0073,99.3244,C,3100.0,930.0,2170.0,70.0
1315,1310,Юбка трикотажная в рубчик миди лимонный,skirts,1.0,3060.0,0.0072,99.3317,C,3060.0,918.0,2142.0,70.0
1316,964,Брюки вискоза фиолетовый,pants,1.0,3060.0,0.0072,99.3389,C,3060.0,918.0,2142.0,70.0
1317,2699,Юбка лапша бургунди макси,skirts,1.0,3040.0,0.0072,99.3461,C,3040.0,912.0,2128.0,70.0
1318,1113,Подарочный сертификат 3000,gift_cards,1.0,3000.0,0.0071,99.3532,C,3000.0,900.0,2100.0,70.0
1319,2270,Снуд шерсть черный,accessories,4.0,2960.0,0.007,99.3603,C,740.0,888.0,2072.0,70.0
1320,787,Платье на запах муслин длинный рукав черный в горошек,dresses,1.0,2914.0,0.0069,99.3672,C,2914.0,874.2,2039.8,70.0
1321,1256,Тельняшка тонкая мята шоколад,tshirts_longsleeves,1.0,2900.0,0.0069,99.374,C,2900.0,870.0,2030.0,70.0
1322,168,Свитер с горлом молочный,knitwear,1.0,2900.0,0.0069,99.3809,C,2900.0,870.0,2030.0,70.0
1323,54,Свитер с горлом электрик,knitwear,1.0,2900.0,0.0069,99.3878,C,2900.0,870.0,2030.0,70.0
1324,922,Юбка вискоза миди фиолетовая,skirts,1.0,2900.0,0.0069,99.3946,C,2900.0,870.0,2030.0,70.0
1325,937,Тельняшка тонкая лайм-светлосерый,tshirts_longsleeves,1.0,2900.0,0.0069,99.4015,C,2900.0,870.0,2030.0,70.0
1326,897,Жилет ромашки оранжево-розовый,knitwear,1.0,2890.0,0.0068,99.4083,C,2890.0,867.0,2023.0,70.0
1327,175,Топ на широких бретелях вискоза серо-голубой,tops_blouses,1.0,2880.0,0.0068,99.4152,C,2880.0,864.0,2016.0,70.0
1328,2212,Топ на широких бретелях искусственный шелк темное серебро,tops_blouses,1.0,2880.0,0.0068,99.422,C,2880.0,864.0,2016.0,70.0
1329,2548,Шапка взрослая шерсть светлый бежевый,accessories,2.0,2880.0,0.0068,99.4288,C,1440.0,864.0,2016.0,70.0
1330,719,Топ на бретелях муслин олива,tops_blouses,2.0,2880.0,0.0068,99.4356,C,1440.0,864.0,2016.0,70.0
1331,1269,Топ на одно плечо в рубчик фуксия,tops_blouses,2.0,2840.5,0.0067,99.4424,C,1420.25,852.15,1988.35,70.0
1332,1146,Шапка взрослая светло-серый с голубым,accessories,2.0,2800.0,0.0066,99.449,C,1400.0,840.0,1960.0,70.0
1333,2451,Топ трикотажный ажур Волна травяной,tops_blouses,1.0,2800.0,0.0066,99.4556,C,2800.0,840.0,1960.0,70.0
1334,2600,Юбка трикотажная прямая светлый беж макси,skirts,1.0,2800.0,0.0066,99.4623,C,2800.0,840.0,1960.0,70.0
1335,2874,Шапка половинка взрослая ежевика-коралл,accessories,2.0,2800.0,0.0066,99.4689,C,1400.0,840.0,1960.0,70.0
1336,2878,Шапка половинка взрослая мятно-желтый,accessories,2.0,2800.0,0.0066,99.4755,C,1400.0,840.0,1960.0,70.0
1337,296,Шапка взрослая два подворота сирень,accessories,2.0,2800.0,0.0066,99.4822,C,1400.0,840.0,1960.0,70.0
1338,395,Шарф взрослый тёплый беж,accessories,1.0,2800.0,0.0066,99.4888,C,2800.0,840.0,1960.0,70.0
1339,396,Шапка детская яркая фуксия,accessories,3.0,2781.9,0.0066,99.4954,C,927.3,834.57,1947.33,70.0
1340,770,Шапка детская ежевика,accessories,3.0,2781.0,0.0066,99.502,C,927.0,834.3,1946.7,70.0
1341,2025,Платье лапша V-вырез one size голубой,dresses,1.0,2730.0,0.0065,99.5084,C,2730.0,819.0,1911.0,70.0
1342,489,Снуд фиолетовый,accessories,7.0,2700.0,0.0064,99.5148,C,385.71,810.0,1890.0,70.0
1343,1262,Джемпер в рубчик укороченный байкал,knitwear,1.0,2697.0,0.0064,99.5212,C,2697.0,809.1,1887.9,70.0
1344,342,Шапка детская лайм,accessories,3.0,2693.5,0.0064,99.5276,C,897.83,808.05,1885.45,70.0
1345,2540,Шорты вискоза миди голубые с принтом жираф,pants,1.0,2600.0,0.0062,99.5338,C,2600.0,780.0,1820.0,70.0
1346,672,Рубашка хлопок черный,tops_blouses,1.0,2600.0,0.0062,99.5399,C,2600.0,780.0,1820.0,70.0
1347,2854,Юбка трикотажная мини А-силуэта серо-голубой,skirts,1.0,2560.0,0.0061,99.546,C,2560.0,768.0,1792.0,70.0
1348,1313,Юбка трикотажная в рубчик миди лиловый,skirts,1.0,2520.0,0.006,99.552,C,2520.0,756.0,1764.0,70.0
1349,2257,Снуд шерсть бургунди,accessories,4.0,2520.0,0.006,99.5579,C,630.0,756.0,1764.0,70.0
1350,575,Шапка половинка взрослая алая-розовый,accessories,2.0,2516.0,0.006,99.5639,C,1258.0,754.8,1761.2,70.0
1351,1215,Футболка женская оверсайз с декором бахрома белая,tshirts_longsleeves,1.0,2511.0,0.0059,99.5698,C,2511.0,753.3,1757.7,70.0
1352,1039,Снуд лосось,accessories,5.0,2500.0,0.0059,99.5758,C,500.0,750.0,1750.0,70.0
1353,2275,Снуд бургунди,accessories,5.0,2500.0,0.0059,99.5817,C,500.0,750.0,1750.0,70.0
1354,2322,Юбка плиссе трикотажная в ассортименте,skirts,1.0,2500.0,0.0059,99.5876,C,2500.0,750.0,1750.0,70.0
1355,2327,Манишка на завязках с воротом шерсть орех,accessories,1.0,2500.0,0.0059,99.5935,C,2500.0,750.0,1750.0,70.0
1356,317,Снуд сирень,accessories,4.0,2500.0,0.0059,99.5994,C,625.0,750.0,1750.0,70.0
1357,763,Свитер с горлом красный,knitwear,1.0,2500.0,0.0059,99.6054,C,2500.0,750.0,1750.0,70.0
1358,279,Шапка взрослая два подворота орех,accessories,2.0,2470.0,0.0059,99.6112,C,1235.0,741.0,1729.0,70.0
1359,285,Шапка взрослая два подворота синий джинс,accessories,2.0,2470.0,0.0059,99.6171,C,1235.0,741.0,1729.0,70.0
1360,306,Снуд электрик синий,accessories,5.0,2450.0,0.0058,99.6229,C,490.0,735.0,1715.0,70.0
1361,1207,Топ в рубчик V-вырез вискоза лайм,tops_blouses,2.0,2430.0,0.0058,99.6286,C,1215.0,729.0,1701.0,70.0
1362,491,Снуд лайм,accessories,5.0,2425.0,0.0057,99.6344,C,485.0,727.5,1697.5,70.0
1363,1190,Снуд орех,accessories,5.0,2400.0,0.0057,99.6401,C,480.0,720.0,1680.0,70.0
1364,1216,Футболка женская оверсайз с декором бахрома терракот,tshirts_longsleeves,1.0,2400.0,0.0057,99.6457,C,2400.0,720.0,1680.0,70.0
1365,2850,Шапка взрослая персик-мята,accessories,2.0,2400.0,0.0057,99.6514,C,1200.0,720.0,1680.0,70.0
1366,391,Шарф взрослый яркая фуксия,accessories,1.0,2400.0,0.0057,99.6571,C,2400.0,720.0,1680.0,70.0
1367,458,Свитер с горлом розовый,knitwear,1.0,2400.0,0.0057,99.6628,C,2400.0,720.0,1680.0,70.0
1368,623,Рубашка шерсть клетка беж,tops_blouses,1.0,2400.0,0.0057,99.6685,C,2400.0,720.0,1680.0,70.0
1369,636,Шарф детский лиловый,accessories,1.0,2400.0,0.0057,99.6742,C,2400.0,720.0,1680.0,70.0
1370,836,Кроп топ апельсин,tops_blouses,1.0,2400.0,0.0057,99.6798,C,2400.0,720.0,1680.0,70.0
1371,2292,Снуд шерсть горький шоколад,accessories,3.0,2360.0,0.0056,99.6854,C,786.67,708.0,1652.0,70.0
1372,282,Шапка взрослая два подворота олива,accessories,2.0,2300.0,0.0054,99.6909,C,1150.0,690.0,1610.0,70.0
1373,2376,Майка трикотажная V-вырез байкал,tops_blouses,1.0,2200.0,0.0052,99.6961,C,2200.0,660.0,1540.0,70.0
1374,2517,Майка трикотажная V-вырез молочный,tops_blouses,1.0,2200.0,0.0052,99.7013,C,2200.0,660.0,1540.0,70.0
1375,37,Кардиган пудра,knitwear,1.0,2200.0,0.0052,99.7065,C,2200.0,660.0,1540.0,70.0
1376,62,Кардиган средней длиный графит,knitwear,1.0,2200.0,0.0052,99.7117,C,2200.0,660.0,1540.0,70.0
1377,104,Кроп топ беж,tops_blouses,1.0,2160.0,0.0051,99.7168,C,2160.0,648.0,1512.0,70.0
1378,2826,Шарф взрослый белый,accessories,1.0,2160.0,0.0051,99.722,C,2160.0,648.0,1512.0,70.0
1379,267,Шарф взрослый серо-сизый,accessories,1.0,2100.0,0.005,99.7269,C,2100.0,630.0,1470.0,70.0
1380,2689,Снуд шерсть голубой,accessories,3.0,2016.0,0.0048,99.7317,C,672.0,604.8,1411.2,70.0
1381,1266,Тельняшка тонкая мятно-изумрудный,tshirts_longsleeves,2.0,2000.0,0.0047,99.7365,C,1000.0,600.0,1400.0,70.0
1382,840,Шапка детская тауп,accessories,2.0,1980.0,0.0047,99.7411,C,990.0,594.0,1386.0,70.0
1383,843,Шапка детская яркая лазурь,accessories,2.0,1980.0,0.0047,99.7458,C,990.0,594.0,1386.0,70.0
1384,314,Снуд фуксия,accessories,4.0,1965.0,0.0047,99.7505,C,491.25,589.5,1375.5,70.0
1385,1089,Снуд ежевика,accessories,4.0,1950.0,0.0046,99.7551,C,487.5,585.0,1365.0,70.0
1386,260,Шарф взрослый полынь,accessories,1.0,1920.0,0.0045,99.7597,C,1920.0,576.0,1344.0,70.0
1387,273,Шарф взрослый хаки,accessories,1.0,1920.0,0.0045,99.7642,C,1920.0,576.0,1344.0,70.0
1388,855,Свитер с горлом морская волна,knitwear,1.0,1900.0,0.0045,99.7687,C,1900.0,570.0,1330.0,70.0
1389,936,Футболка базовая терракот,tshirts_longsleeves,1.0,1900.0,0.0045,99.7732,C,1900.0,570.0,1330.0,70.0
1390,433,Шапка детская апельсин,accessories,2.0,1881.0,0.0045,99.7777,C,940.5,564.3,1316.7,70.0
1391,2894,Топ в рубчик V-вырез зеленая полынь,tops_blouses,1.0,1805.0,0.0043,99.7819,C,1805.0,541.5,1263.5,70.0
1392,2895,Топ в рубчик V-вырез слива,tops_blouses,1.0,1805.0,0.0043,99.7862,C,1805.0,541.5,1263.5,70.0
1393,1088,Снуд морская волна,accessories,3.0,1800.0,0.0043,99.7905,C,600.0,540.0,1260.0,70.0
1394,938,Тельняшка тонкая коралл-лимон,tshirts_longsleeves,1.0,1800.0,0.0043,99.7947,C,1800.0,540.0,1260.0,70.0
1395,315,Снуд яркая фуксия,accessories,4.0,1735.0,0.0041,99.7988,C,433.75,520.5,1214.5,70.0
1396,2725,Снуд сливочно-желтый,accessories,4.0,1730.59,0.0041,99.8029,C,432.65,519.18,1211.41,70.0
1397,1271,Топ на одно плечо в рубчик черный длинный рукав,tops_blouses,1.0,1690.0,0.004,99.8069,C,1690.0,507.0,1183.0,70.0
1398,2520,Топ на бретелях муслин черный,tops_blouses,1.0,1690.0,0.004,99.811,C,1690.0,507.0,1183.0,70.0
1399,720,Топ на бретелях муслин шоколад,tops_blouses,1.0,1690.0,0.004,99.815,C,1690.0,507.0,1183.0,70.0
1400,778,Шапка взрослая шерсть горький шоколад,accessories,1.0,1600.0,0.0038,99.8187,C,1600.0,480.0,1120.0,70.0
1401,782,Шапка взрослая шерсть графит,accessories,1.0,1600.0,0.0038,99.8225,C,1600.0,480.0,1120.0,70.0
1402,927,Футболка женская оверсайз черная,tshirts_longsleeves,1.0,1590.0,0.0038,99.8263,C,1590.0,477.0,1113.0,70.0
1403,2271,Снуд шерсть орех,accessories,2.0,1520.0,0.0036,99.8299,C,760.0,456.0,1064.0,70.0
1404,2670,Снуд шерсть хаки,accessories,2.0,1520.0,0.0036,99.8335,C,760.0,456.0,1064.0,70.0
1405,1077,снуд темно-синий,accessories,3.0,1500.0,0.0036,99.8371,C,500.0,450.0,1050.0,70.0
1406,2226,Жакет с поясом велюр лайм,jackets_blazers,1.0,1500.0,0.0036,99.8406,C,1500.0,450.0,1050.0,70.0
1407,2546,Юбка трикотажная в рубчик макси полынь,skirts,1.0,1500.0,0.0036,99.8442,C,1500.0,450.0,1050.0,70.0
1408,1270,Топ на одно плечо в рубчик черный,tops_blouses,1.0,1495.0,0.0035,99.8477,C,1495.0,448.5,1046.5,70.0
1409,2761,Снуд шерсть суровый,accessories,2.0,1440.0,0.0034,99.8511,C,720.0,432.0,1008.0,70.0
1410,796,Шапка взрослая шерсть лазурный,accessories,1.0,1440.0,0.0034,99.8545,C,1440.0,432.0,1008.0,70.0
1411,934,Футболка базовая корица,tshirts_longsleeves,1.0,1431.0,0.0034,99.8579,C,1431.0,429.3,1001.7,70.0
1412,2022,Топ на бретелях атлас фуксия,tops_blouses,1.0,1430.0,0.0034,99.8613,C,1430.0,429.0,1001.0,70.0
1413,2848,Шапка половинка взрослая сливово-мятный,accessories,1.0,1400.0,0.0033,99.8646,C,1400.0,420.0,980.0,70.0
1414,2851,Шапка половинка взрослая серо-лавандовый-светлый лайм,accessories,1.0,1400.0,0.0033,99.8679,C,1400.0,420.0,980.0,70.0
1415,402,Шарф взрослый эвкалипт,accessories,1.0,1400.0,0.0033,99.8713,C,1400.0,420.0,980.0,70.0
1416,496,Снуд молочный,accessories,3.0,1375.0,0.0033,99.8745,C,458.33,412.5,962.5,70.0
1417,2760,Шапка детская розово-лимонный,accessories,1.0,1330.0,0.0032,99.8777,C,1330.0,399.0,931.0,70.0
1418,286,Шапка взрослая два подворота графит,accessories,1.0,1300.0,0.0031,99.8807,C,1300.0,390.0,910.0,70.0
1419,735,Шапка взрослая два подворота мокко,accessories,1.0,1300.0,0.0031,99.8838,C,1300.0,390.0,910.0,70.0
1420,373,Топ шерсть V-вырез бирюза,tops_blouses,1.0,1290.0,0.0031,99.8869,C,1290.0,387.0,903.0,70.0
1421,881,Шапка взрослая апельсин-молочный,accessories,1.0,1260.0,0.003,99.8899,C,1260.0,378.0,882.0,70.0
1422,2875,Шапка половинка взрослая сливово-персиковый,accessories,1.0,1218.0,0.0029,99.8927,C,1218.0,365.4,852.6,70.0
1423,2903,Шапка половинка взрослая серый-голубой,accessories,1.0,1218.0,0.0029,99.8956,C,1218.0,365.4,852.6,70.0
1424,2910,Шапка половинка взрослая ежевика-желтый,accessories,1.0,1218.0,0.0029,99.8985,C,1218.0,365.4,852.6,70.0
1425,2911,Шапка половинка взрослая лаванда-лимон,accessories,1.0,1218.0,0.0029,99.9014,C,1218.0,365.4,852.6,70.0
1426,372,Шапка Взрослая голубой,accessories,1.0,1200.0,0.0028,99.9042,C,1200.0,360.0,840.0,70.0
1427,377,Шапка Взрослая киви,accessories,1.0,1200.0,0.0028,99.9071,C,1200.0,360.0,840.0,70.0
1428,733,Шапка взрослая два подворота бирюза,accessories,1.0,1200.0,0.0028,99.9099,C,1200.0,360.0,840.0,70.0
1429,811,Шапка детская шерсть лазурный,accessories,1.0,1200.0,0.0028,99.9128,C,1200.0,360.0,840.0,70.0
1430,951,Топ муслин белый с веточками,tops_blouses,1.0,1190.0,0.0028,99.9156,C,1190.0,357.0,833.0,70.0
1431,283,Шапка взрослая два подворота хаки,accessories,1.0,1170.0,0.0028,99.9184,C,1170.0,351.0,819.0,70.0
1432,533,Шапка взрослая баклажан,accessories,1.0,1140.0,0.0027,99.9211,C,1140.0,342.0,798.0,70.0
1433,2664,Кардиган Зебра жаккард оверсайз шерсть молочный-терракот,knitwear,1.0,1023.4,0.0024,99.9235,C,1023.4,307.02,716.38,70.0
1434,888,Шапка взрослая маренго-голубой,accessories,1.0,1008.0,0.0024,99.9259,C,1008.0,302.4,705.6,70.0
1435,284,Шапка взрослая два подворота изумруд,accessories,1.0,1000.0,0.0024,99.9282,C,1000.0,300.0,700.0,70.0
1436,2902,Шапка половинка взрослая тауп-персик,accessories,1.0,1000.0,0.0024,99.9306,C,1000.0,300.0,700.0,70.0
1437,316,Снуд лиловый,accessories,2.0,1000.0,0.0024,99.933,C,500.0,300.0,700.0,70.0
1438,554,Шапка взрослая голубой меланж,accessories,1.0,1000.0,0.0024,99.9353,C,1000.0,300.0,700.0,70.0
1439,589,Шапка взрослая морская волна-розовый,accessories,1.0,1000.0,0.0024,99.9377,C,1000.0,300.0,700.0,70.0
1440,331,Шапка детская олива,accessories,1.0,990.0,0.0023,99.9401,C,990.0,297.0,693.0,70.0
1441,332,Шапка детская сирень,accessories,1.0,990.0,0.0023,99.9424,C,990.0,297.0,693.0,70.0
1442,336,Шапка детская зефир,accessories,1.0,990.0,0.0023,99.9448,C,990.0,297.0,693.0,70.0
1443,378,Шапка детская киви,accessories,1.0,990.0,0.0023,99.9471,C,990.0,297.0,693.0,70.0
1444,387,Шапка детская голубой,accessories,1.0,990.0,0.0023,99.9494,C,990.0,297.0,693.0,70.0
1445,585,Шапка детская морская волна-розовый,accessories,1.0,990.0,0.0023,99.9518,C,990.0,297.0,693.0,70.0
1446,586,Шапка детская черный,accessories,1.0,990.0,0.0023,99.9541,C,990.0,297.0,693.0,70.0
1447,764,шапка детская синий электрик,accessories,1.0,990.0,0.0023,99.9565,C,990.0,297.0,693.0,70.0
1448,842,Шапка детская зеленый,accessories,1.0,990.0,0.0023,99.9588,C,990.0,297.0,693.0,70.0
1449,918,Шапка детская мятно-лимонный,accessories,1.0,990.0,0.0023,99.9612,C,990.0,297.0,693.0,70.0
1450,308,Снуд олива,accessories,2.0,980.0,0.0023,99.9635,C,490.0,294.0,686.0,70.0
1451,369,Шапка детская серо-голубой с белым,accessories,1.0,940.5,0.0022,99.9657,C,940.5,282.15,658.35,70.0
1452,779,Шапка детская шоколад,accessories,1.0,940.5,0.0022,99.9679,C,940.5,282.15,658.35,70.0
1453,2056,Шапка бини детская красный,accessories,1.0,900.0,0.0021,99.9701,C,900.0,270.0,630.0,70.0
1454,276,Шапка взрослая два подворота светлый беж,accessories,1.0,900.0,0.0021,99.9722,C,900.0,270.0,630.0,70.0
1455,302,Снуд коралл,accessories,3.0,900.0,0.0021,99.9743,C,300.0,270.0,630.0,70.0
1456,428,Шапка детская изумруд лайм,accessories,1.0,900.0,0.0021,99.9765,C,900.0,270.0,630.0,70.0
1457,765,Шапка детская лиловый,accessories,1.0,891.0,0.0021,99.9786,C,891.0,267.3,623.7,70.0
1458,319,Снуд розовый,accessories,2.0,864.0,0.002,99.9806,C,432.0,259.2,604.8,70.0
1459,434,Шапка детская абрикос,accessories,1.0,800.0,0.0019,99.9825,C,800.0,240.0,560.0,70.0
1460,66,Топ в рубчик V-вырез бирюза,tops_blouses,1.0,800.0,0.0019,99.9844,C,800.0,240.0,560.0,70.0
1461,70,Топ в рубчик V-вырез пудра,tops_blouses,1.0,800.0,0.0019,99.9863,C,800.0,240.0,560.0,70.0
1462,2703,Снуд шерсть голубой меланж,accessories,1.0,760.0,0.0018,99.9881,C,760.0,228.0,532.0,70.0
1463,2293,Снуд шерсть какао,accessories,1.0,720.0,0.0017,99.9898,C,720.0,216.0,504.0,70.0
1464,2294,Снуд шерсть бежевый,accessories,1.0,720.0,0.0017,99.9915,C,720.0,216.0,504.0,70.0
1465,2767,Снуд шерсть шампань,accessories,1.0,720.0,0.0017,99.9932,C,720.0,216.0,504.0,70.0
1466,2770,Снуд шерсть ванильно-розовый,accessories,1.0,720.0,0.0017,99.9949,C,720.0,216.0,504.0,70.0
1467,2050,Топ укороченный на бретелях хаки,tops_blouses,1.0,712.5,0.0017,99.9966,C,712.5,213.75,498.75,70.0
1468,310,Снуд желтый,accessories,1.0,500.0,0.0012,99.9978,C,500.0,150.0,350.0,70.0
1469,2547,Снуд васильковый,accessories,1.0,475.0,0.0011,99.9989,C,475.0,142.5,332.5,70.0
1470,634,Снуд мята,accessories,1.0,450.0,0.0011,100.0,C,450.0,135.0,315.0,70.0
