model_name,category,product_styles_count,combined_skus,colors_count,dominant_color,dominant_color_revenue_share_pct,qty_sold_24m,revenue_24m,revenue_share_pct,avg_realized_price_24m,estimated_cogs_24m,gross_profit_24m,margin_pct,qty_sold_12m,revenue_12m,active_months_24m,monthly_cv_pct,xyz_class,abc_class,abc_xyz_class,current_stock_qty,stock_cover_days_est_12m,stock_status,portfolio_role,recommended_action,action_note,current_sale_price_avg,cumulative_revenue_share_pct
Шапка взрослая,accessories,68,"1040, 1041, 1131, 1145, 1163, 1189, 1204, 1226, 2126, 2142, 2167, 217, 218, 219, 221, 222, 223, 224, 225, 226, 228, 229, 231, 2317, 232, 235, 237, 238, 2387, 239, 240, 241, 242, 246, 2631, 2653, 274, 2850, 326, 327, 344, 346, 363, 372, 380, 483, 492, 493, 509, 533, 554, 558, 559, 560, 578, 579, 599, 748, 750, 751, 761, 833, 845, 846, 878, 881, 888, 893",68,черный,4.47,1050.0,1212108.6,2.8712,1154.39,363632.58,848476.02,70.0,448.0,488552.6,24,87.63,X,A,AX,395.0,321.8,overstock,repeat_core,reduce_depth_keep_model,Повторяемое ядро бизнеса: держать в наличии и защищать от out-of-stock.,1227.69,2.8712
Рубашка женская из тенсела,tops_blouses,10,"1202, 1223, 1224, 2035, 2036, 2043, 2049, 2682, 2683, 2789",10,синий,20.09,201.0,1002936.0,2.3757,4989.73,300880.8,702055.2,70.0,46.0,250652.0,24,97.47,X,A,AX,17.0,134.9,overstock,repeat_core,reduce_depth_keep_model,Повторяемое ядро бизнеса: держать в наличии и защищать от out-of-stock.,5870.0,5.247
Джемпер чешуйки оверсайз,knitwear,10,"1042, 1152, 1154, 1177, 1227, 1290, 2078, 2144, 2260, 2261",10,серо-розовый,30.91,89.0,576574.0,1.3658,6478.36,172972.2,403601.8,70.0,15.0,85324.0,18,103.35,X,A,AX,0.0,,stockout,repeat_core,replenish_and_scale,Повторяемое ядро бизнеса: держать в наличии и защищать от out-of-stock.,,6.6127
Джемпер женский грибочки,knitwear,13,"1014, 1192, 2088, 2091, 2229, 2326, 2335, 2560, 2561, 2562, 2564, 983, 985",12,маренго - лосось,25.26,103.0,572722.0,1.3567,5560.41,171816.6,400905.4,70.0,53.0,287892.0,20,91.26,X,A,AX,25.0,172.2,overstock,repeat_core,reduce_depth_keep_model,Повторяемое ядро бизнеса: держать в наличии и защищать от out-of-stock.,6600.0,7.9694
Футболка трикотажная косичка,tshirts_longsleeves,17,"1273, 1274, 1275, 1276, 1285, 1333, 2085, 2086, 2087, 2290, 2462, 2481, 2482, 2487, 2497, 2498, 2523",17,ванильный,15.46,232.0,560170.0,1.3269,2414.53,168051.0,392119.0,70.0,138.0,315826.0,23,67.42,X,A,AX,90.0,238.0,overstock,repeat_core,reduce_depth_keep_model,Повторяемое ядро бизнеса: держать в наличии и защищать от out-of-stock.,1500.0,9.2963
Рубашка джинсовая женская,tops_blouses,4,"1188, 1228, 1229, 2438",4,хаки в пятнышко,61.33,100.0,518723.9,1.2287,5187.24,155617.17,363106.73,70.0,4.0,21870.0,14,165.27,Y,A,AY,-1.0,,stockout,fashion_core,keep_winner_colors,"Сильная модель с умеренной волатильностью: растить через winner-colors, а не через все варианты.",6200.0,10.525
Бомбер женский,outerwear,5,"2067, 2071, 2073, 2084, 2123",5,серый,47.03,40.0,491816.0,1.165,12295.4,147544.8,344271.2,70.0,13.0,134200.0,9,201.74,Y,A,AY,-1.0,,stockout,fashion_core,keep_winner_colors,"Сильная модель с умеренной волатильностью: растить через winner-colors, а не через все варианты.",14800.0,11.69
Свитер кострома,knitwear,13,"1091, 1107, 1122, 1124, 2139, 2160, 2284, 525, 526, 527, 531, 543, 777",13,бургунди,20.81,129.0,462492.41,1.0955,3585.21,138747.72,323744.69,70.0,44.0,165506.41,19,109.82,X,A,AX,9.0,74.7,balanced,repeat_core,protect_and_repeat,Повторяемое ядро бизнеса: держать в наличии и защищать от out-of-stock.,4200.0,12.7856
Шапка взрослая шерсть,accessories,28,"1027, 1028, 1030, 1118, 2171, 2180, 2181, 2190, 2216, 2234, 2235, 2258, 244, 245, 2548, 2709, 2762, 322, 364, 365, 397, 737, 769, 778, 782, 786, 796, 809",28,молочный,9.56,287.0,446831.98,1.0584,1556.91,134049.59,312782.39,70.0,121.0,169121.98,17,138.76,X,A,AX,162.0,488.7,overstock,repeat_core,reduce_depth_keep_model,Повторяемое ядро бизнеса: держать в наличии и защищать от out-of-stock.,1600.0,13.844
Шарф взрослый,accessories,39,"1026, 1031, 1034, 1087, 1143, 2108, 2109, 2127, 2159, 2350, 250, 252, 253, 254, 255, 256, 259, 260, 262, 264, 267, 2671, 270, 271, 272, 273, 2826, 391, 392, 393, 394, 395, 402, 422, 430, 561, 562, 607, 732",39,маренго,8.37,203.0,446327.0,1.0572,2198.66,133898.1,312428.9,70.0,73.0,163546.0,23,121.52,X,A,AX,141.0,705.0,overstock,repeat_core,reduce_depth_keep_model,Повторяемое ядро бизнеса: держать в наличии и защищать от out-of-stock.,2594.87,14.9013
Тренч женский,outerwear,5,"1022, 866, 891, 917, 992",5,лайм,37.29,44.0,432514.0,1.0245,9829.86,129754.2,302759.8,70.0,9.0,102820.0,11,164.4,Y,A,AY,0.0,,stockout,fashion_core,keep_winner_colors,"Сильная модель с умеренной волатильностью: растить через winner-colors, а не через все варианты.",11066.67,15.9258
Юбка мерилин из тенсела,skirts,8,"2724, 2734, 2735, 2736, 2748, 2863, 2864, 2865",8,сливовый,22.32,57.0,430882.0,1.0207,7559.33,129264.6,301617.4,70.0,57.0,430882.0,4,249.04,Y,A,AY,59.0,377.8,overstock,fashion_core,reduce_depth_keep_model,"Сильная модель с умеренной волатильностью: растить через winner-colors, а не через все варианты.",8200.0,16.9465
Палантин трикотажный листочки,accessories,11,"1104, 1157, 1158, 2092, 2146, 2250, 2253, 2254, 2348, 2351, 2352",11,маренго-бежевый,21.23,126.0,426183.99,1.0095,3382.41,127855.2,298328.79,70.0,38.0,155154.0,21,129.15,X,A,AX,4.0,38.4,balanced,repeat_core,protect_and_repeat,Повторяемое ядро бизнеса: держать в наличии и защищать от out-of-stock.,4600.0,17.956
Юбка трикотажная ажур листочки,skirts,5,"2400, 2435, 2437, 2440, 2467",5,ванильный,46.04,71.0,415562.0,0.9844,5852.99,124668.6,290893.4,70.0,71.0,415562.0,8,181.9,Y,A,AY,25.0,128.5,overstock,fashion_core,reduce_depth_keep_model,"Сильная модель с умеренной волатильностью: растить через winner-colors, а не через все варианты.",6200.0,18.9404
Джемпер сердечки,knitwear,5,"1132, 1153, 1159, 1160, 2298",5,розовый с красным,36.4,72.0,415268.0,0.9837,5767.61,124580.4,290687.6,70.0,11.0,62170.0,18,93.09,X,A,AX,0.0,,stockout,repeat_core,replenish_and_scale,Повторяемое ядро бизнеса: держать в наличии и защищать от out-of-stock.,5566.0,19.9241
Джемпер грибочки мужской,knitwear,7,"1148, 1165, 1234, 2089, 2090, 2563, 2565",7,маренго-желтый,34.34,61.0,402266.0,0.9529,6594.52,120679.8,281586.2,70.0,14.0,81980.0,17,117.6,X,A,AX,1.0,26.1,understock,repeat_core,replenish_and_scale,Повторяемое ядро бизнеса: держать в наличии и защищать от out-of-stock.,7200.0,20.8769
Брюки трикотаж,pants,9,"1061, 1112, 481, 515, 516, 551, 81, 82, 88",9,маренго,20.66,109.0,396082.0,0.9382,3633.78,118824.6,277257.4,70.0,34.0,132310.0,20,110.37,X,A,AX,44.0,472.4,overstock,repeat_core,reduce_depth_keep_model,Повторяемое ядро бизнеса: держать в наличии и защищать от out-of-stock.,4600.0,21.8152
Джинсы-бананы,pants,5,"2282, 2305, 2328, 2539, 753",5,графит,33.78,61.0,364242.6,0.8628,5971.19,109272.78,254969.82,70.0,53.0,319040.0,14,134.86,X,A,AX,4.0,27.5,understock,repeat_core,replenish_and_scale,Повторяемое ядро бизнеса: держать в наличии и защищать от out-of-stock.,6400.0,22.678
Рубашка из тенсела женская,tops_blouses,1,1212,1,розовый,100.0,65.0,310482.0,0.7355,4776.65,93144.6,217337.4,70.0,3.0,16240.0,12,164.6,Y,A,AY,0.0,,stockout,fashion_core,keep_winner_colors,"Сильная модель с умеренной волатильностью: растить через winner-colors, а не через все варианты.",5800.0,23.4134
Брюки классика вискоза,pants,3,"2331, 2333, 2357",3,сливочно-желтый,38.46,54.0,297988.0,0.7059,5518.3,89396.4,208591.6,70.0,53.0,292188.0,12,148.66,X,A,AX,12.0,82.6,balanced,repeat_core,protect_and_repeat,Повторяемое ядро бизнеса: держать в наличии и защищать от out-of-stock.,5800.0,24.1193
Кардиган чешуйки жаккард,knitwear,5,"2053, 2076, 2077, 2106, 2189",5,черно-бежевый,42.22,47.0,289640.0,0.6861,6162.55,86892.0,202748.0,70.0,11.0,59340.0,11,137.08,X,A,AX,0.0,,stockout,repeat_core,replenish_and_scale,Повторяемое ядро бизнеса: держать в наличии и защищать от out-of-stock.,,24.8054
Пальто женское оверсайз,outerwear,5,"1098, 1099, 2110, 2113, 2119",5,желто-коричневый,40.57,20.0,288832.0,0.6842,14441.6,86649.6,202182.4,70.0,1.0,12900.0,7,174.8,Y,A,AY,0.0,,stockout,fashion_core,keep_winner_colors,"Сильная модель с умеренной волатильностью: растить через winner-colors, а не через все варианты.",,25.4896
Джемпер чешуйки двусторонний,knitwear,3,"911, 912, 940",3,розово-лимонный,55.34,51.0,281731.5,0.6674,5524.15,84519.45,197212.05,70.0,8.0,34412.0,17,125.94,X,A,AX,0.0,,stockout,repeat_core,replenish_and_scale,Повторяемое ядро бизнеса: держать в наличии и защищать от out-of-stock.,4340.0,26.1569
Джемпер в рубчик укороченный,knitwear,11,"1237, 1238, 1239, 1240, 1241, 1301, 1302, 1320, 1324, 2061, 2136",11,лимонно-желтый,18.92,117.0,281514.1,0.6668,2406.1,84454.23,197059.87,70.0,47.0,91823.1,22,110.2,X,A,AX,33.0,256.3,overstock,repeat_core,reduce_depth_keep_model,Повторяемое ядро бизнеса: держать в наличии и защищать от out-of-stock.,1500.0,26.8238
Шорты льняные,pants,6,"1322, 1323, 2032, 2037, 2046, 694",6,тауп,36.53,64.0,278926.0,0.6607,4358.22,83677.8,195248.2,70.0,9.0,41218.0,9,226.47,Y,A,AY,3.0,121.7,overstock,fashion_core,reduce_depth_keep_model,"Сильная модель с умеренной волатильностью: растить через winner-colors, а не через все варианты.",5266.67,27.4845
Блуза с воротом стойка из тенсела,tops_blouses,7,"2641, 2642, 2656, 2694, 2695, 2701, 2704",7,винный,25.76,46.0,278065.0,0.6587,6044.89,83419.5,194645.5,70.0,46.0,278065.0,6,257.33,Z,A,AZ,28.0,222.2,overstock,fashion_core,reduce_depth_keep_model,"Сильная по выручке, но нестабильная модель: использовать как fashion-driver с ограниченным риском.",6500.0,28.1432
Джемпер джаред оверсайз,knitwear,6,"1172, 1222, 1298, 949, 950, 975",6,персиковый,30.49,50.0,266742.0,0.6319,5334.84,80022.6,186719.4,70.0,6.0,25200.0,12,128.88,X,A,AX,0.0,,stockout,repeat_core,replenish_and_scale,Повторяемое ядро бизнеса: держать в наличии и защищать от out-of-stock.,,28.775
Пальто шерстяное двубортное с поясом,outerwear,2,"2134, 2606",2,серый,69.28,14.0,259175.0,0.6139,18512.5,77752.5,181422.5,70.0,10.0,177050.0,9,147.77,X,A,AX,0.0,,stockout,repeat_core,replenish_and_scale,Повторяемое ядро бизнеса: держать в наличии и защищать от out-of-stock.,15750.0,29.389
Брюки палаццо вискоза,pants,8,"1242, 1243, 689, 691, 714, 749, 756, 818",8,черный,33.31,60.0,242164.36,0.5736,4036.07,72649.31,169515.05,70.0,8.0,22310.0,14,138.49,X,A,AX,-1.0,,stockout,repeat_core,replenish_and_scale,Повторяемое ядро бизнеса: держать в наличии и защищать от out-of-stock.,2600.0,29.9626
Жилет льняной,knitwear,7,"1326, 1327, 1328, 2029, 2039, 2042, 2045",7,синий,28.04,58.0,240758.0,0.5703,4151.0,72227.4,168530.6,70.0,8.0,34498.0,8,247.39,Y,A,AY,3.0,136.9,overstock,fashion_core,reduce_depth_keep_model,"Сильная модель с умеренной волатильностью: растить через winner-colors, а не через все варианты.",4600.0,30.5329
Брюки палаццо льняные,pants,7,"1337, 1341, 2031, 2044, 685, 687, 974",7,зеленый,36.2,44.0,238460.0,0.5649,5419.55,71538.0,166922.0,70.0,9.0,49786.0,11,175.1,Y,A,AY,8.0,324.4,overstock,fashion_core,reduce_depth_keep_model,"Сильная модель с умеренной волатильностью: растить через winner-colors, а не через все варианты.",5265.71,31.0978
Джемпер джеки интерлок,knitwear,7,"1052, 1149, 211, 2128, 2251, 2259, 2273",7,оранжевый,24.79,44.0,232356.0,0.5504,5280.82,69706.8,162649.2,70.0,22.0,123166.0,16,91.11,X,A,AX,9.0,149.3,overstock,repeat_core,reduce_depth_keep_model,Повторяемое ядро бизнеса: держать в наличии и защищать от out-of-stock.,6200.0,31.6482
Юбка трикотажная в рубчик макси,skirts,9,"1303, 1305, 1308, 1309, 1311, 1314, 1319, 2059, 2546",9,шоколадный,23.3,79.0,231753.0,0.549,2933.58,69525.9,162227.1,70.0,35.0,86668.0,16,113.49,X,A,AX,8.0,83.4,balanced,repeat_core,protect_and_repeat,Повторяемое ядро бизнеса: держать в наличии и защищать от out-of-stock.,1500.0,32.1971
Жакет прямого кроя с карманами,jackets_blazers,2,"2332, 2415",2,эвкалиптовый,61.89,26.0,228836.0,0.5421,8801.38,68650.8,160185.2,70.0,26.0,228836.0,10,145.75,X,A,AX,13.0,182.5,overstock,repeat_core,reduce_depth_keep_model,Повторяемое ядро бизнеса: держать в наличии и защищать от out-of-stock.,9200.0,32.7392
Бомбер женский изумрудный в клетку,outerwear,1,2070,1,изумрудный,100.0,17.0,226055.0,0.5355,13297.35,67816.5,158238.5,70.0,2.0,17635.0,7,232.26,Y,A,AY,-2.0,,stockout,fashion_core,keep_winner_colors,"Сильная модель с умеренной волатильностью: растить через winner-colors, а не через все варианты.",14800.0,33.2747
Пальто шерсятное двубортное с поясом,outerwear,1,2173,1,тауп,100.0,11.0,223125.0,0.5285,20284.09,66937.5,156187.5,70.0,9.0,180825.0,6,235.49,Y,A,AY,0.0,,stockout,fashion_core,keep_winner_colors,"Сильная модель с умеренной волатильностью: растить через winner-colors, а не через все варианты.",15750.0,33.8032
Жакет прямого кроя с карманами сливочно-желтый,jackets_blazers,1,2308,1,светло-желтый,100.0,25.0,219180.0,0.5192,8767.2,65754.0,153426.0,70.0,23.0,201480.0,10,153.0,Y,A,AY,-1.0,,stockout,fashion_core,keep_winner_colors,"Сильная модель с умеренной волатильностью: растить через winner-colors, а не через все варианты.",9200.0,34.3224
Джемпер чешуйки двусторонний морская волна,knitwear,1,910,1,морская волна-белый,100.0,42.0,218624.0,0.5179,5205.33,65587.2,153036.8,70.0,19.0,79624.0,19,107.22,X,A,AX,7.0,134.5,overstock,repeat_core,reduce_depth_keep_model,Повторяемое ядро бизнеса: держать в наличии и защищать от out-of-stock.,4340.0,34.8403
Джемпер авангард жаккард,knitwear,5,"2626, 2637, 2726, 2727, 2747",5,маренго-слива,75.77,35.0,217630.0,0.5155,6218.0,65289.0,152341.0,70.0,35.0,217630.0,5,239.17,Y,A,AY,26.0,271.1,overstock,fashion_core,reduce_depth_keep_model,"Сильная модель с умеренной волатильностью: растить через winner-colors, а не через все варианты.",7200.0,35.3558
Джемпер ромашки,knitwear,5,"1119, 860, 861, 874, 926",5,жемчужно-лимонный,43.26,42.0,217220.0,0.5145,5171.9,65166.0,152054.0,70.0,0.0,0.0,8,218.88,Y,A,AY,0.0,,no_signal,fashion_core,keep_winner_colors,"Сильная модель с умеренной волатильностью: растить через winner-colors, а не через все варианты.",,35.8703
Пальто-жакет женский,outerwear,3,"2595, 2596, 2598",3,гусиная лапка хаки,74.23,16.0,214188.0,0.5074,13386.75,64256.4,149931.6,70.0,16.0,214188.0,6,206.16,Y,A,AY,2.0,45.6,balanced,fashion_core,keep_winner_colors,"Сильная модель с умеренной волатильностью: растить через winner-colors, а не через все варианты.",14800.0,36.3777
Худи женское с капюшоном,tops_blouses,5,"1178, 1179, 1180, 1184, 1291",5,коралловый,30.12,47.0,210680.0,0.4991,4482.55,63204.0,147476.0,70.0,7.0,26680.0,16,152.64,Y,A,AY,0.0,,stockout,fashion_core,keep_winner_colors,"Сильная модель с умеренной волатильностью: растить через winner-colors, а не через все варианты.",3704.0,36.8767
Джемпер незабудки женский шоколад с голубым,knitwear,1,1210,1,шоколадный,100.0,39.0,209540.0,0.4964,5372.82,62862.0,146678.0,70.0,14.0,71230.0,16,103.3,X,A,AX,3.0,78.2,balanced,repeat_core,protect_and_repeat,Повторяемое ядро бизнеса: держать в наличии и защищать от out-of-stock.,6600.0,37.3731
Брюки палаццо искусственный шелк,pants,3,"2206, 2207, 2208",3,шоколадный,49.63,47.0,208490.0,0.4939,4435.96,62547.0,145943.0,70.0,30.0,123440.0,11,165.78,Y,A,AY,7.0,85.2,balanced,fashion_core,keep_winner_colors,"Сильная модель с умеренной волатильностью: растить через winner-colors, а не через все варианты.",2500.0,37.867
Платье ариэль макси искусственный шелк,dresses,5,"2198, 2199, 2200, 2215, 2243",5,шоколадный,31.46,38.0,204824.0,0.4852,5390.11,61447.2,143376.8,70.0,21.0,99474.0,14,192.02,Y,A,AY,13.0,226.0,overstock,fashion_core,reduce_depth_keep_model,"Сильная модель с умеренной волатильностью: растить через winner-colors, а не через все варианты.",3500.0,38.3521
Платье трикотажное ажур колоски макси,dresses,5,"2402, 2447, 2448, 2464, 2468",5,липовый,28.87,25.0,199960.0,0.4737,7998.4,59988.0,139972.0,70.0,25.0,199960.0,9,188.93,Y,A,AY,17.0,248.2,overstock,fashion_core,reduce_depth_keep_model,"Сильная модель с умеренной волатильностью: растить через winner-colors, а не через все варианты.",8400.0,38.8258
Рубашка хлопок,tops_blouses,8,"2287, 2299, 2314, 2315, 2386, 666, 672, 839",8,белый,29.31,48.0,198688.0,0.4706,4139.33,59606.4,139081.6,70.0,36.0,151700.0,17,113.69,X,A,AX,6.0,60.8,balanced,repeat_core,protect_and_repeat,Повторяемое ядро бизнеса: держать в наличии и защищать от out-of-stock.,3500.0,39.2964
Тренч женский олива,outerwear,1,916,1,оливковый,100.0,18.0,194480.0,0.4607,10804.44,58344.0,136136.0,70.0,9.0,102070.0,7,170.83,Y,A,AY,0.0,,stockout,fashion_core,keep_winner_colors,"Сильная модель с умеренной волатильностью: растить через winner-colors, а не через все варианты.",11800.0,39.7571
Парка английская олива с принтом зебра,outerwear,1,2283,1,оливковый,100.0,18.0,193200.0,0.4576,10733.33,57960.0,135240.0,70.0,16.0,171920.0,6,215.17,Y,A,AY,0.0,,stockout,fashion_core,keep_winner_colors,"Сильная модель с умеренной волатильностью: растить через winner-colors, а не через все варианты.",11200.0,40.2148
Джемпер женский софи,knitwear,4,"2566, 2570, 2571, 2572",4,лимонный,40.14,32.0,185916.0,0.4404,5809.88,55774.8,130141.2,70.0,32.0,185916.0,6,198.04,Y,A,AY,9.0,102.7,balanced,fashion_core,keep_winner_colors,"Сильная модель с умеренной волатильностью: растить через winner-colors, а не через все варианты.",6200.0,40.6552
Свитер базовый шерсть,knitwear,4,"1015, 1072, 1073, 2020",4,липовый,49.62,50.0,185378.0,0.4391,3707.56,55613.4,129764.6,70.0,35.0,111684.0,16,151.94,Y,A,AY,6.0,62.6,balanced,fashion_core,keep_winner_colors,"Сильная модель с умеренной волатильностью: растить через winner-colors, а не через все варианты.",2500.0,41.0943
Кардиган leo жаккард,knitwear,4,"678, 679, 693, 772",4,лаванда-мята,43.42,34.0,184982.0,0.4382,5440.65,55494.6,129487.4,70.0,3.0,13800.0,13,147.37,X,A,AX,0.0,,stockout,repeat_core,replenish_and_scale,Повторяемое ядро бизнеса: держать в наличии и защищать от out-of-stock.,,41.5325
Лонгслив трикотажный ажур листочки,tshirts_longsleeves,4,"2441, 2443, 2450, 2471",4,ванильный,44.41,31.0,182626.0,0.4326,5891.16,54787.8,127838.2,70.0,31.0,182626.0,8,160.35,Y,A,AY,19.0,223.7,overstock,fashion_core,reduce_depth_keep_model,"Сильная модель с умеренной волатильностью: растить через winner-colors, а не через все варианты.",6200.0,41.9651
Джемпер мужской грибочки,knitwear,3,"2034, 2330, 2334",3,оранжевый-маренго,47.03,27.0,178860.0,0.4237,6624.44,53658.0,125202.0,70.0,20.0,129880.0,14,115.65,X,A,AX,7.0,127.8,overstock,repeat_core,reduce_depth_keep_model,Повторяемое ядро бизнеса: держать в наличии и защищать от out-of-stock.,7200.0,42.3888
Куртка стеганая женская,outerwear,2,"1117, 2101",2,светло-бежевый,68.33,28.0,178400.0,0.4226,6371.43,53520.0,124880.0,70.0,9.0,42200.0,12,115.86,X,A,AX,4.0,162.2,overstock,repeat_core,reduce_depth_keep_model,Повторяемое ядро бизнеса: держать в наличии и защищать от out-of-stock.,3500.0,42.8113
Юбка трикотажная прямая шерсть макси,skirts,8,"2132, 2143, 2187, 2194, 2197, 2244, 2248, 2686",8,бургунди-георгин,20.37,43.0,176700.0,0.4186,4109.3,53010.0,123690.0,70.0,11.0,47040.0,8,182.98,Y,A,AY,11.0,365.0,overstock,fashion_core,reduce_depth_keep_model,"Сильная модель с умеренной волатильностью: растить через winner-colors, а не через все варианты.",4800.0,43.2299
Кардиган оверсайз интерлок,knitwear,5,"2602, 2604, 2663, 2668, 2680",5,ванильный,32.67,24.0,173840.0,0.4118,7243.33,52152.0,121688.0,70.0,24.0,173840.0,6,206.16,Y,A,AY,18.0,273.8,overstock,fashion_core,reduce_depth_keep_model,"Сильная модель с умеренной волатильностью: растить через winner-colors, а не через все варианты.",7600.0,43.6417
Манишка на завязках с воротом шерсть,accessories,7,"2224, 2232, 2246, 2277, 2318, 2327, 2412",7,горький шоколад,35.95,46.0,173708.0,0.4115,3776.26,52112.4,121595.6,70.0,17.0,59880.0,10,159.33,Y,A,AY,20.0,429.4,overstock,fashion_core,reduce_depth_keep_model,"Сильная модель с умеренной волатильностью: растить через winner-colors, а не через все варианты.",4200.0,44.0532
Футболка трикотажная ажур листочки,tshirts_longsleeves,4,"2439, 2444, 2445, 2484",4,ванильный,58.77,30.0,173422.0,0.4108,5780.73,52026.6,121395.4,70.0,30.0,173422.0,6,206.88,Y,A,AY,24.0,292.0,overstock,fashion_core,reduce_depth_keep_model,"Сильная модель с умеренной волатильностью: растить через winner-colors, а не через все варианты.",6200.0,44.464
Куртка стеганая женская олива,outerwear,1,1171,1,пыльная олива,100.0,24.0,170255.0,0.4033,7093.96,51076.5,119178.5,70.0,1.0,8200.0,8,202.96,Y,A,AY,0.0,,stockout,fashion_core,keep_winner_colors,"Сильная модель с умеренной волатильностью: растить через winner-colors, а не через все варианты.",,44.8673
Джемпер агата,knitwear,5,"2264, 2278, 2603, 2607, 2623",5,сливовый,42.49,33.0,167889.92,0.3977,5087.57,50366.98,117522.94,70.0,31.0,158090.0,9,191.05,Y,A,AY,16.0,188.4,overstock,fashion_core,reduce_depth_keep_model,"Сильная модель с умеренной волатильностью: растить через winner-colors, а не через все варианты.",5400.0,45.265
Бомбер женский серый с трикотажными резинками,outerwear,1,2573,1,серый,100.0,13.0,167820.0,0.3975,12909.23,50346.0,117474.0,70.0,13.0,167820.0,5,238.21,Y,A,AY,0.0,,stockout,fashion_core,keep_winner_colors,"Сильная модель с умеренной волатильностью: растить через winner-colors, а не через все варианты.",10360.0,45.6625
Юбка трикотажная прямая шерсть миди,skirts,7,"2188, 2195, 2196, 2245, 2249, 2266, 2708",7,бургунди-георгин,31.99,41.0,165996.0,0.3932,4048.68,49798.8,116197.2,70.0,12.0,50120.0,9,172.72,Y,A,AY,23.0,699.6,overstock,fashion_core,reduce_depth_keep_model,"Сильная модель с умеренной волатильностью: растить через winner-colors, а не через все варианты.",4800.0,46.0557
Майка трикотажная v-вырез,tops_blouses,7,"2369, 2370, 2371, 2372, 2460, 2517, 2518",6,полынь,26.61,80.0,165918.0,0.393,2073.97,49775.4,116142.6,70.0,80.0,165918.0,8,194.55,Y,A,AY,33.0,150.6,overstock,fashion_core,reduce_depth_keep_model,"Сильная модель с умеренной волатильностью: растить через winner-colors, а не через все варианты.",2200.0,46.4487
Снуд,accessories,39,"1039, 1077, 1088, 1110, 1190, 2275, 2547, 2648, 2679, 2725, 301, 302, 303, 304, 305, 306, 307, 310, 311, 314, 315, 316, 317, 318, 319, 345, 375, 382, 383, 421, 429, 489, 496, 611, 612, 634, 731, 736, 844",39,черный,9.35,344.0,165438.59,0.3919,480.93,49631.58,115807.01,70.0,167.0,76666.59,22,115.94,X,A,AX,141.0,308.2,overstock,repeat_core,reduce_depth_keep_model,Повторяемое ядро бизнеса: держать в наличии и защищать от out-of-stock.,500.0,46.8406
Пальто стеганое женское,outerwear,2,"2117, 2121",2,шоколадный,63.57,18.0,164824.0,0.3904,9156.89,49447.2,115376.8,70.0,11.0,76540.0,9,168.87,Y,A,AY,2.0,66.4,balanced,fashion_core,keep_winner_colors,"Сильная модель с умеренной волатильностью: растить через winner-colors, а не через все варианты.",6800.0,47.231
Джемпер листочки двусторонний,knitwear,5,"929, 930, 931, 932, 981",5,маренго-бежевый,31.5,30.0,163566.0,0.3875,5452.2,49069.8,114496.2,70.0,2.0,9486.0,11,162.92,Y,A,AY,0.0,,stockout,fashion_core,keep_winner_colors,"Сильная модель с умеренной волатильностью: растить через winner-colors, а не через все варианты.",,47.6185
Топ в рубчик v-вырез,tops_blouses,11,"1334, 2021, 2894, 2895, 486, 63, 66, 70, 72, 73, 93",10,белый,26.64,120.0,162454.6,0.3848,1353.79,48736.38,113718.22,70.0,49.0,47997.5,23,82.02,X,A,AX,14.0,104.3,balanced,repeat_core,protect_and_repeat,Повторяемое ядро бизнеса: держать в наличии и защищать от out-of-stock.,1900.0,48.0033
Юбка трикотажная ажур бриз,skirts,8,"2404, 2409, 2416, 2417, 2418, 2419, 2422, 2463",7,ванильный,30.14,33.0,162170.0,0.3841,4914.24,48651.0,113519.0,70.0,33.0,162170.0,8,202.26,Y,A,AY,22.0,243.3,overstock,fashion_core,reduce_depth_keep_model,"Сильная модель с умеренной волатильностью: растить через winner-colors, а не через все варианты.",5400.0,48.3874
Джемпер джеки шерсть,knitwear,6,"1075, 2138, 2162, 2169, 2227, 826",6,имбирь,35.97,30.0,161154.0,0.3817,5371.8,48346.2,112807.8,70.0,3.0,15860.0,7,202.98,Y,A,AY,0.0,,stockout,fashion_core,keep_winner_colors,"Сильная модель с умеренной волатильностью: растить через winner-colors, а не через все варианты.",6900.0,48.7692
Куртка стеганая женская графит,outerwear,1,2099,1,серый графит,100.0,21.0,159718.0,0.3783,7605.62,47915.4,111802.6,70.0,9.0,63768.0,9,141.18,X,A,AX,0.0,,stockout,repeat_core,replenish_and_scale,Повторяемое ядро бизнеса: держать в наличии и защищать от out-of-stock.,,49.1475
Джемпер листочки двусторонний оверсайз,knitwear,2,"1176, 1201",2,лаймово-розовый,54.22,24.0,159280.0,0.3773,6636.67,47784.0,111496.0,70.0,5.0,29080.0,15,106.41,X,A,AX,0.0,,stockout,repeat_core,replenish_and_scale,Повторяемое ядро бизнеса: держать в наличии и защищать от out-of-stock.,,49.5248
Шарф взрослый шерсть,accessories,13,"1044, 1045, 1047, 1064, 1100, 1108, 2172, 2183, 2191, 2236, 2238, 2702, 2742",13,ореховый,16.24,54.0,159250.0,0.3772,2949.07,47775.0,111475.0,70.0,26.0,71040.0,14,156.74,Y,A,AY,53.0,744.0,overstock,fashion_core,reduce_depth_keep_model,"Сильная модель с умеренной волатильностью: растить через winner-colors, а не через все варианты.",3600.0,49.9021
Футболка женская оверсайз с декором,tshirts_longsleeves,3,"1218, 914, 954",3,белый,62.36,60.0,157154.0,0.3723,2619.23,47146.2,110007.8,70.0,14.0,38425.0,17,163.44,Y,A,AY,9.0,234.6,overstock,fashion_core,reduce_depth_keep_model,"Сильная модель с умеренной волатильностью: растить через winner-colors, а не через все варианты.",2900.0,50.2743
Парка английская на меховой подкладке,outerwear,2,"2281, 2312",2,графит,67.48,15.0,156016.0,0.3696,10401.07,46804.8,109211.2,70.0,7.0,71456.0,7,205.59,Y,A,AY,0.0,,stockout,fashion_core,keep_winner_colors,"Сильная модель с умеренной волатильностью: растить через winner-colors, а не через все варианты.",11200.0,50.6439
Пиджак вискоза,jackets_blazers,6,"688, 744, 745, 746, 747, 919",6,черный,33.69,28.0,155161.0,0.3675,5541.46,46548.3,108612.7,70.0,1.0,4485.0,10,175.59,Y,A,AY,0.0,,stockout,fashion_core,keep_winner_colors,"Сильная модель с умеренной волатильностью: растить через winner-colors, а не через все варианты.",6417.0,51.0114
Джемпер незабудки женский беж,knitwear,1,1211,1,светлый беж,100.0,27.0,150678.0,0.3569,5580.67,45203.4,105474.6,70.0,6.0,36580.0,14,109.81,X,A,AX,1.0,60.8,balanced,repeat_core,protect_and_repeat,Повторяемое ядро бизнеса: держать в наличии и защищать от out-of-stock.,6600.0,51.3683
Жилет сердечки,knitwear,2,"1144, 1166",2,розово-красный,57.26,42.0,148910.02,0.3527,3545.48,44673.01,104237.01,70.0,0.0,0.0,8,196.72,Y,A,AY,0.0,,no_signal,fashion_core,keep_winner_colors,"Сильная модель с умеренной волатильностью: растить через winner-colors, а не через все варианты.",4200.0,51.7211
Бомбер женский тауп с трикотажными резинками,outerwear,1,2574,1,тауп,100.0,11.0,146372.0,0.3467,13306.55,43911.6,102460.4,70.0,11.0,146372.0,4,314.79,Z,A,AZ,0.0,,stockout,fashion_core,keep_winner_colors,"Сильная по выручке, но нестабильная модель: использовать как fashion-driver с ограниченным риском.",10360.0,52.0678
Бомбер женский морковный в клетку,outerwear,1,2069,1,оранжевый,100.0,12.0,146064.0,0.346,12172.0,43819.2,102244.8,70.0,4.0,42480.0,8,152.75,Y,A,AY,0.0,,stockout,fashion_core,keep_winner_colors,"Сильная модель с умеренной волатильностью: растить через winner-colors, а не через все варианты.",14800.0,52.4138
Джемпер агата шерсть,knitwear,11,"2192, 2193, 2263, 2381, 2382, 2383, 2614, 2624, 2672, 2707, 2717",11,бежевый-фрезия,25.53,28.0,145700.0,0.3451,5203.57,43710.0,101990.0,70.0,15.0,74834.0,11,151.86,Y,A,AY,17.0,413.7,overstock,fashion_core,reduce_depth_keep_model,"Сильная модель с умеренной волатильностью: растить через winner-colors, а не через все варианты.",6200.0,52.7589
Джемпер женский грибочки лайм с маренго,knitwear,1,984,1,лайм-маренго,95.31,25.0,144860.0,0.3431,5794.4,43458.0,101402.0,70.0,2.0,7800.0,8,188.73,Y,A,AY,3.0,547.5,overstock,fashion_core,reduce_depth_keep_model,"Сильная модель с умеренной волатильностью: растить через winner-colors, а не через все варианты.",6600.0,53.1021
Жилет трикотажный бадминтон,knitwear,1,2324,2,жемчужный серый,68.84,32.0,142460.0,0.3375,4451.88,42738.0,99722.0,70.0,24.0,109440.0,9,162.98,Y,A,AY,9.0,136.9,overstock,fashion_core,reduce_depth_keep_model,"Сильная модель с умеренной волатильностью: растить через winner-colors, а не через все варианты.",5200.0,53.4395
Жилет джинсовый,pants,5,"1331, 2329, 2344, 2364, 2475",6,графит,45.84,35.0,142102.8,0.3366,4060.08,42630.84,99471.96,70.0,23.0,93020.0,13,125.16,X,A,AX,12.0,190.4,overstock,repeat_core,reduce_depth_keep_model,Повторяемое ядро бизнеса: держать в наличии и защищать от out-of-stock.,4400.0,53.7761
Кардиган с воротником на пуговицах,knitwear,5,"2295, 2303, 2304, 2340, 2341",5,молочный,26.54,33.0,142074.0,0.3365,4305.27,42622.2,99451.8,70.0,28.0,117166.0,8,180.37,Y,A,AY,20.0,260.7,overstock,fashion_core,reduce_depth_keep_model,"Сильная модель с умеренной волатильностью: растить через winner-colors, а не через все варианты.",5200.0,54.1127
Джемпер женский грибочки травяной,knitwear,1,2228,1,зефирно-травяной,100.0,23.0,138754.0,0.3287,6032.78,41626.2,97127.8,70.0,12.0,71260.0,11,152.05,Y,A,AY,2.0,60.8,balanced,fashion_core,keep_winner_colors,"Сильная модель с умеренной волатильностью: растить через winner-colors, а не через все варианты.",6600.0,54.4414
Кардиган трикотажный на завязках,knitwear,7,"2319, 2343, 2361, 2362, 2367, 2378, 2452",7,светло-желтый,21.83,28.0,134726.0,0.3191,4811.64,40417.8,94308.2,70.0,28.0,134726.0,9,192.72,Y,A,AY,19.0,247.7,overstock,fashion_core,reduce_depth_keep_model,"Сильная модель с умеренной волатильностью: растить через winner-colors, а не через все варианты.",5200.0,54.7605
Тельняшка тонкая,tshirts_longsleeves,12,"1256, 1263, 1264, 1265, 1266, 1267, 659, 852, 854, 937, 938, 939",12,розово-красный,20.08,78.0,132500.0,0.3139,1698.72,39750.0,92750.0,70.0,40.0,42030.0,18,123.8,X,A,AX,0.0,,stockout,repeat_core,replenish_and_scale,Повторяемое ядро бизнеса: держать в наличии и защищать от out-of-stock.,,55.0744
Куртка стеганая женская шоколад,outerwear,1,2102,1,горький шоколад,100.0,17.0,131354.0,0.3111,7726.71,39406.2,91947.8,70.0,4.0,30854.0,8,232.26,Y,A,AY,0.0,,stockout,fashion_core,keep_winner_colors,"Сильная модель с умеренной волатильностью: растить через winner-colors, а не через все варианты.",6500.0,55.3855
Джемпер незабудки женский желтый,knitwear,1,1199,1,светло-желтый,97.02,24.0,130798.0,0.3098,5449.92,39239.4,91558.6,70.0,7.0,40480.0,9,186.09,Y,A,AY,-1.0,,stockout,fashion_core,keep_winner_colors,"Сильная модель с умеренной волатильностью: растить через winner-colors, а не через все варианты.",6600.0,55.6953
Жакет с поясом искусственный шелк,jackets_blazers,3,"2217, 2218, 2219",3,шоколадный,50.37,29.0,130561.0,0.3093,4502.1,39168.3,91392.7,70.0,16.0,64141.0,10,183.47,Y,A,AY,9.0,205.3,overstock,fashion_core,reduce_depth_keep_model,"Сильная модель с умеренной волатильностью: растить через winner-colors, а не через все варианты.",2500.0,56.0046
Сарафан на бретелях вискоза,dresses,2,"2527, 2528",2,молочный,76.92,18.0,129490.0,0.3067,7193.89,38847.0,90643.0,70.0,18.0,129490.0,4,250.19,Z,A,AZ,10.0,202.8,overstock,fashion_core,reduce_depth_keep_model,"Сильная по выручке, но нестабильная модель: использовать как fashion-driver с ограниченным риском.",8200.0,56.3113
Свитер с горлом,knitwear,11,"1054, 1286, 168, 2122, 497, 55, 58, 740, 763, 834, 855",11,лиловый,21.68,55.0,129101.02,0.3058,2347.29,38730.31,90370.71,70.0,29.0,55791.02,20,80.56,X,A,AX,6.0,75.5,balanced,repeat_core,protect_and_repeat,Повторяемое ядро бизнеса: держать в наличии и защищать от out-of-stock.,1785.71,56.6171
Косынка трикотажная шерсть,accessories,5,"2168, 2239, 2240, 2787, 2794",5,бежевый,36.89,45.0,127187.0,0.3013,2826.38,38156.1,89030.9,70.0,27.0,76042.0,12,154.97,Y,A,AY,17.0,229.8,overstock,fashion_core,reduce_depth_keep_model,"Сильная модель с умеренной волатильностью: растить через winner-colors, а не через все варианты.",3100.0,56.9184
Юбка вискоза миди олива в цветок,skirts,1,1255,1,оливковый,100.0,43.0,126790.0,0.3003,2948.6,38037.0,88753.0,70.0,3.0,9360.0,7,237.33,Y,A,AY,3.0,365.0,overstock,fashion_core,reduce_depth_keep_model,"Сильная модель с умеренной волатильностью: растить через winner-colors, а не через все варианты.",3400.0,57.2188
Джемпер мужской грибочки травяной,knitwear,2,"2033, 2262",1,зефирно-травяной,100.0,17.0,124624.0,0.2952,7330.82,37387.2,87236.8,70.0,4.0,24880.0,8,201.64,Y,A,AY,0.0,,stockout,fashion_core,keep_winner_colors,"Сильная модель с умеренной волатильностью: растить через winner-colors, а не через все варианты.",7200.0,57.514
Рубашка женская из тенсела ириска,tops_blouses,1,1225,1,коричневый в цветок,100.0,27.0,123198.0,0.2918,4562.89,36959.4,86238.6,70.0,3.0,15300.0,10,176.5,Y,A,AY,1.0,121.7,overstock,fashion_core,reduce_depth_keep_model,"Сильная модель с умеренной волатильностью: растить через winner-colors, а не через все варианты.",5800.0,57.8058
Платье интерлок макси,dresses,6,"2163, 2177, 2178, 2186, 2757, 831",7,черный,29.6,19.0,122006.0,0.289,6421.37,36601.8,85404.2,70.0,8.0,58890.0,10,150.25,Y,A,AY,5.0,228.1,overstock,fashion_core,reduce_depth_keep_model,"Сильная модель с умеренной волатильностью: растить через winner-colors, а не через все варианты.",7800.0,58.0948
Джемпер грибочки травяной,knitwear,1,986,1,зефирно-травяной,100.0,21.0,121180.0,0.287,5770.48,36354.0,84826.0,70.0,3.0,18600.0,6,185.86,Y,A,AY,0.0,,stockout,fashion_core,keep_winner_colors,"Сильная модель с умеренной волатильностью: растить через winner-colors, а не через все варианты.",,58.3819
Джемпер бантики,knitwear,1,2688,1,изумруд-бургунди,100.0,20.0,120960.0,0.2865,6048.0,36288.0,84672.0,70.0,20.0,120960.0,2,455.19,Z,A,AZ,5.0,91.2,balanced,fashion_core,keep_winner_colors,"Сильная по выручке, но нестабильная модель: использовать как fashion-driver с ограниченным риском.",7200.0,58.6684
Джемпер детский ромашки,knitwear,4,"1296, 868, 870, 871",4,черно-белый,30.95,38.0,120772.0,0.2861,3178.21,36231.6,84540.4,70.0,17.0,40280.0,16,129.1,X,A,AX,0.0,,stockout,repeat_core,replenish_and_scale,Повторяемое ядро бизнеса: держать в наличии и защищать от out-of-stock.,1500.0,58.9545
Рубашка льняная,tops_blouses,7,"1335, 1336, 2030, 2038, 2047, 2051, 963",7,серо-голубой,39.05,23.0,119267.0,0.2825,5185.52,35780.1,83486.9,70.0,8.0,43885.0,8,207.56,Y,A,AY,4.0,182.5,overstock,fashion_core,reduce_depth_keep_model,"Сильная модель с умеренной волатильностью: растить через winner-colors, а не через все варианты.",5800.0,59.237
Джемпер лютики голубой,knitwear,1,2353,1,небесно-голубой-молочный,100.0,20.0,119050.0,0.282,5952.5,35715.0,83335.0,70.0,19.0,112850.0,9,153.62,Y,A,AY,1.0,19.2,understock,fashion_core,keep_winner_colors,"Сильная модель с умеренной волатильностью: растить через winner-colors, а не через все варианты.",6600.0,59.519
Парка английская на шерстяной подкладке,outerwear,2,"2147, 2280",3,графит,66.09,12.0,118996.0,0.2819,9916.33,35698.8,83297.2,70.0,7.0,67776.0,5,238.05,Y,A,AY,0.0,,stockout,fashion_core,keep_winner_colors,"Сильная модель с умеренной волатильностью: растить через winner-colors, а не через все варианты.",11200.0,59.8009
Лонгслив трикотажный женский,tshirts_longsleeves,3,"1182, 1205, 1219",3,коралл,49.33,65.0,118995.0,0.2819,1830.69,35698.5,83296.5,70.0,28.0,28800.0,15,110.75,X,A,AX,-7.0,,stockout,repeat_core,replenish_and_scale,Повторяемое ядро бизнеса: держать в наличии и защищать от out-of-stock.,1000.0,60.0827
Бомбер женский шоколадный в клетку,outerwear,1,2072,1,шоколадный,100.0,9.0,117100.0,0.2774,13011.11,35130.0,81970.0,70.0,3.0,32000.0,7,185.59,Y,A,AY,0.0,,stockout,fashion_core,keep_winner_colors,"Сильная модель с умеренной волатильностью: растить через winner-colors, а не через все варианты.",10360.0,60.3601
Юбка вискоза миди бежевый в цветок,skirts,1,1253,2,бежевый в цветок,59.15,39.0,115287.0,0.2731,2956.08,34586.1,80700.9,70.0,0.0,0.0,5,272.22,Z,A,AZ,0.0,,no_signal,fashion_core,keep_winner_colors,"Сильная по выручке, но нестабильная модель: использовать как fashion-driver с ограниченным риском.",3400.0,60.6332
Поло трикотажное,tops_blouses,1,2321,1,светло-желтый-молочный,100.0,33.0,114964.0,0.2723,3483.76,34489.2,80474.8,70.0,29.0,100524.0,12,148.18,X,A,AX,2.0,25.2,understock,repeat_core,replenish_and_scale,Повторяемое ядро бизнеса: держать в наличии и защищать от out-of-stock.,2500.0,60.9055
Джемпер клубнички женский бежевый,knitwear,1,1232,1,светло-бежевый,100.0,21.0,114390.0,0.271,5447.14,34317.0,80073.0,70.0,13.0,70030.0,9,184.61,Y,A,AY,3.0,84.2,balanced,fashion_core,keep_winner_colors,"Сильная модель с умеренной волатильностью: растить через winner-colors, а не через все варианты.",6600.0,61.1765
Джинсовка хлопковая,pants,1,2531,1,кэмел,100.0,14.0,113113.0,0.2679,8079.5,33933.9,79179.1,70.0,14.0,113113.0,5,215.24,Y,A,AY,4.0,104.3,balanced,fashion_core,keep_winner_colors,"Сильная модель с умеренной волатильностью: растить через winner-colors, а не через все варианты.",9100.0,61.4444
Джемпер джеки нью интерлок,knitwear,2,"1147, 2612",2,ванильный,83.55,22.0,113082.6,0.2679,5140.12,33924.78,79157.82,70.0,7.0,41620.0,13,125.64,X,A,AX,4.0,208.6,overstock,repeat_core,reduce_depth_keep_model,Повторяемое ядро бизнеса: держать в наличии и защищать от out-of-stock.,6200.0,61.7123
Дождевик женский,other,1,2584,1,светлый беж,100.0,10.0,108904.0,0.258,10890.4,32671.2,76232.8,70.0,10.0,108904.0,4,338.82,Z,A,AZ,1.0,36.5,balanced,fashion_core,keep_winner_colors,"Сильная по выручке, но нестабильная модель: использовать как fashion-driver с ограниченным риском.",11800.0,61.9703
Топ на широких бретелях искусственный шелк,tops_blouses,6,"2209, 2210, 2211, 2212, 2213, 2461",6,шоколадный,37.73,44.0,108501.0,0.257,2465.93,32550.3,75950.7,70.0,30.0,68541.0,12,151.58,Y,A,AY,19.0,231.2,overstock,fashion_core,reduce_depth_keep_model,"Сильная модель с умеренной волатильностью: растить через winner-colors, а не через все варианты.",1500.0,62.2273
Тренч женский графит,outerwear,1,1032,1,темный графит,100.0,12.0,108360.0,0.2567,9030.0,32508.0,75852.0,70.0,0.0,0.0,4,286.1,Z,A,AZ,0.0,,no_signal,fashion_core,keep_winner_colors,"Сильная по выручке, но нестабильная модель: использовать как fashion-driver с ограниченным риском.",,62.484
Бомбер женский ореховый в клетку,outerwear,1,2068,1,ореховый,100.0,9.0,107780.0,0.2553,11975.56,32334.0,75446.0,70.0,6.0,71240.0,7,168.87,Y,A,AY,-1.0,,stockout,fashion_core,keep_winner_colors,"Сильная модель с умеренной волатильностью: растить через winner-colors, а не через все варианты.",10360.0,62.7393
Джемпер лютики кремовый,knitwear,1,2354,1,Бежево-розовый,100.0,18.0,107462.0,0.2546,5970.11,32238.6,75223.4,70.0,14.0,83468.0,7,185.59,Y,A,AY,4.0,104.3,balanced,fashion_core,keep_winner_colors,"Сильная модель с умеренной волатильностью: растить через winner-colors, а не через все варианты.",6600.0,62.9938
Поло трикотажное розовый с лаймом,tops_blouses,1,2355,1,розовый-лайм,100.0,30.0,106706.0,0.2528,3556.87,32011.8,74694.2,70.0,25.0,88390.0,10,173.21,Y,A,AY,7.0,102.2,balanced,fashion_core,keep_winner_colors,"Сильная модель с умеренной волатильностью: растить через winner-colors, а не через все варианты.",2500.0,63.2466
Жилет костюмный сливочно-желтый,knitwear,1,2310,1,светло-желтый,100.0,19.0,106190.0,0.2515,5588.95,31857.0,74333.0,70.0,19.0,106190.0,8,167.02,Y,A,AY,3.0,57.6,balanced,fashion_core,keep_winner_colors,"Сильная модель с умеренной волатильностью: растить через winner-colors, а не через все варианты.",6200.0,63.4981
Платье город,dresses,2,"2499, 2543",2,синий графит,53.75,13.0,101060.0,0.2394,7773.85,30318.0,70742.0,70.0,13.0,101060.0,8,168.35,Y,A,AY,-1.0,,stockout,fashion_core,keep_winner_colors,"Сильная модель с умеренной волатильностью: растить через winner-colors, а не через все варианты.",8200.0,63.7375
Футболка базовая,tshirts_longsleeves,7,"913, 934, 935, 936, 989, 990, 991",7,белый,56.18,62.0,99955.4,0.2368,1612.18,29986.62,69968.78,70.0,17.0,30775.0,19,111.28,X,A,AX,1.0,21.5,understock,repeat_core,replenish_and_scale,Повторяемое ядро бизнеса: держать в наличии и защищать от out-of-stock.,1900.0,63.9743
Платье тонкое трикотажное косичка макси,dresses,1,2457,1,тауп,100.0,17.0,99140.0,0.2348,5831.76,29742.0,69398.0,70.0,17.0,99140.0,6,249.5,Y,A,AY,9.0,193.2,overstock,fashion_core,reduce_depth_keep_model,"Сильная модель с умеренной волатильностью: растить через winner-colors, а не через все варианты.",6400.0,64.2091
Джемпер тюльпаны,knitwear,1,2833,1,серо-голубой-ваниль,100.0,15.0,98078.0,0.2323,6538.53,29423.4,68654.6,70.0,15.0,98078.0,2,351.19,Z,A,AZ,3.0,73.0,balanced,fashion_core,keep_winner_colors,"Сильная по выручке, но нестабильная модель: использовать как fashion-driver с ограниченным риском.",7200.0,64.4415
Джемпер подснежники светлый беж,knitwear,1,2832,1,светлый беж-изумруд-молочный,100.0,15.0,97932.0,0.232,6528.8,29379.6,68552.4,70.0,15.0,97932.0,2,391.41,Z,A,AZ,11.0,267.7,overstock,fashion_core,reduce_depth_keep_model,"Сильная по выручке, но нестабильная модель: использовать как fashion-driver с ограниченным риском.",7200.0,64.6734
Джемпер ромашки нью,knitwear,4,"2795, 2806, 2807, 2831",4,серый меланж-светлый лайм,46.15,14.0,96512.0,0.2286,6893.71,28953.6,67558.4,70.0,14.0,96512.0,3,316.55,Z,A,AZ,18.0,469.3,overstock,fashion_core,reduce_depth_keep_model,"Сильная по выручке, но нестабильная модель: использовать как fashion-driver с ограниченным риском.",7600.0,64.9021
Джемпер чешуйки оверсайз байкал,knitwear,1,1193,1,голубой Байкал-розовый,100.0,15.0,95790.0,0.2269,6386.0,28737.0,67053.0,70.0,1.0,5040.0,7,173.21,Y,A,AY,0.0,,stockout,fashion_core,keep_winner_colors,"Сильная модель с умеренной волатильностью: растить через winner-colors, а не через все варианты.",,65.129
Пальто женское оверсайз серое в клетку,outerwear,1,2100,1,светло-серый в клетку,100.0,6.0,95760.0,0.2268,15960.0,28728.0,67032.0,70.0,0.0,0.0,2,404.15,Z,A,AZ,0.0,,no_signal,fashion_core,keep_winner_colors,"Сильная по выручке, но нестабильная модель: использовать как fashion-driver с ограниченным риском.",,65.3558
Топ с горлом в рубчик,tops_blouses,6,"1175, 1209, 1244, 2054, 2058, 2093",6,джинс,24.5,57.0,95092.81,0.2253,1668.29,28527.84,66564.97,70.0,34.0,42272.81,20,96.33,X,A,AX,-2.0,,stockout,repeat_core,replenish_and_scale,Повторяемое ядро бизнеса: держать в наличии и защищать от out-of-stock.,1200.0,65.581
Рубашка женская oversize фланель клетка ириска,tops_blouses,1,2055,1,коричнево-серый,100.0,19.0,93760.0,0.2221,4934.74,28128.0,65632.0,70.0,8.0,34650.0,11,145.76,X,A,AX,0.0,,stockout,repeat_core,replenish_and_scale,Повторяемое ядро бизнеса: держать в наличии и защищать от out-of-stock.,,65.8031
Джемпер женский софи брусника,knitwear,1,2569,1,брусничный,100.0,16.0,92380.0,0.2188,5773.75,27714.0,64666.0,70.0,16.0,92380.0,6,201.56,Y,A,AY,8.0,182.5,overstock,fashion_core,reduce_depth_keep_model,"Сильная модель с умеренной волатильностью: растить через winner-colors, а не через все варианты.",6200.0,66.022
Свитер базовый мужской,knitwear,3,"1062, 1103, 2316",3,изумрудный,57.36,21.0,91950.0,0.2178,4378.57,27585.0,64365.0,70.0,12.0,52080.0,13,123.29,X,A,AX,3.0,91.3,balanced,repeat_core,protect_and_repeat,Повторяемое ядро бизнеса: держать в наличии и защищать от out-of-stock.,5733.33,66.2398
Жилет костюмный,knitwear,2,"2358, 2406",2,шоколадный,54.49,16.0,91132.0,0.2159,5695.75,27339.6,63792.4,70.0,16.0,91132.0,10,134.63,X,A,AX,7.0,159.7,overstock,repeat_core,reduce_depth_keep_model,Повторяемое ядро бизнеса: держать в наличии и защищать от out-of-stock.,6200.0,66.4557
Парка английская,outerwear,1,2516,1,кэмел,100.0,9.0,90970.0,0.2155,10107.78,27291.0,63679.0,70.0,9.0,90970.0,4,264.58,Z,A,AZ,1.0,40.6,balanced,fashion_core,keep_winner_colors,"Сильная по выручке, но нестабильная модель: использовать как fashion-driver с ограниченным риском.",11200.0,66.6711
Шапка взрослая брусника,accessories,1,400,1,брусничный,98.66,75.0,89256.0,0.2114,1190.08,26776.8,62479.2,70.0,31.0,35640.0,18,105.05,X,A,AX,13.0,153.1,overstock,repeat_core,reduce_depth_keep_model,Повторяемое ядро бизнеса: держать в наличии и защищать от out-of-stock.,1200.0,66.8826
Джемпер чешуйки оверсайз синий,knitwear,1,2079,1,Темносиний-байкал,78.78,13.0,89216.0,0.2113,6862.77,26764.8,62451.2,70.0,3.0,18576.0,7,206.26,Y,A,AY,0.0,,stockout,fashion_core,keep_winner_colors,"Сильная модель с умеренной волатильностью: растить через winner-colors, а не через все варианты.",,67.0939
Брюки женские вискоза,pants,3,"2028, 2490, 2521",3,какао,41.01,21.0,88750.0,0.2102,4226.19,26625.0,62125.0,70.0,14.0,62200.0,7,178.62,Y,A,AY,9.0,234.6,overstock,fashion_core,reduce_depth_keep_model,"Сильная модель с умеренной волатильностью: растить через winner-colors, а не через все варианты.",4400.0,67.3041
Пальто-жакет женский утепленный,outerwear,2,"2651, 2899",2,шоколад,84.62,6.0,86500.0,0.2049,14416.67,25950.0,60550.0,70.0,6.0,86500.0,5,208.17,Y,A,AY,1.0,60.8,balanced,fashion_core,keep_winner_colors,"Сильная модель с умеренной волатильностью: растить через winner-colors, а не через все варианты.",13300.0,67.509
Рубашка женская oversize фланель клетка,tops_blouses,2,"1067, 1069",3,молочно-шоколадный,45.46,20.0,84930.0,0.2012,4246.5,25479.0,59451.0,70.0,5.0,21000.0,10,141.42,X,A,AX,0.0,,stockout,repeat_core,replenish_and_scale,Повторяемое ядро бизнеса: держать в наличии и защищать от out-of-stock.,,67.7102
Сарафан на бретелях муслин,dresses,3,"2494, 2495, 2542",3,черный,82.33,11.0,83550.0,0.1979,7595.45,25065.0,58485.0,70.0,11.0,83550.0,4,281.52,Z,A,AZ,24.0,796.4,overstock,fashion_core,reduce_depth_keep_model,"Сильная по выручке, но нестабильная модель: использовать как fashion-driver с ограниченным риском.",8200.0,67.9081
Свитер базовый шерсть голубой,knitwear,1,1043,1,небесно-голубой,100.0,21.0,83550.0,0.1979,3978.57,25065.0,58485.0,70.0,12.0,37800.0,13,124.81,X,A,AX,0.0,,stockout,repeat_core,replenish_and_scale,Повторяемое ядро бизнеса: держать в наличии и защищать от out-of-stock.,2500.0,68.106
Джемпер джеки интерлок тауп,knitwear,1,1081,1,коричневый меланж,100.0,17.0,82409.0,0.1952,4847.59,24722.7,57686.3,70.0,0.0,0.0,6,213.64,Y,A,AY,-1.0,,no_signal,fashion_core,keep_winner_colors,"Сильная модель с умеренной волатильностью: растить через winner-colors, а не через все варианты.",6200.0,68.3012
Джемпер клубнички женский,knitwear,1,1231,1,голубой,100.0,15.0,81314.0,0.1926,5420.93,24394.2,56919.8,70.0,9.0,49030.0,8,165.33,Y,A,AY,2.0,81.1,balanced,fashion_core,keep_winner_colors,"Сильная модель с умеренной волатильностью: растить через winner-colors, а не через все варианты.",6600.0,68.4939
Пальто стеганое женское ежевика,outerwear,1,2096,1,ежевичный,100.0,8.0,80231.0,0.19,10028.88,24069.3,56161.7,70.0,1.0,6800.0,7,165.83,Y,A,AY,0.0,,stockout,fashion_core,keep_winner_colors,"Сильная модель с умеренной волатильностью: растить через winner-colors, а не через все варианты.",,68.6839
Блуза бохо из тенсела,tops_blouses,1,2493,1,белый,100.0,13.0,79960.0,0.1894,6150.77,23988.0,55972.0,70.0,13.0,79960.0,7,168.35,Y,A,AY,13.0,365.0,overstock,fashion_core,reduce_depth_keep_model,"Сильная модель с умеренной волатильностью: растить через winner-colors, а не через все варианты.",6500.0,68.8733
Юбка трикотажная прямая сливовый макси,skirts,1,2627,1,сливовый,99.62,23.0,79872.2,0.1892,3472.7,23961.66,55910.54,70.0,23.0,79872.2,5,230.35,Y,A,AY,0.0,,stockout,fashion_core,keep_winner_colors,"Сильная модель с умеренной волатильностью: растить через winner-colors, а не через все варианты.",3800.0,69.0625
Юбка макси атлас,skirts,3,"1208, 2064, 2065",3,горчица,50.86,24.0,78467.0,0.1859,3269.46,23540.1,54926.9,70.0,9.0,26657.0,12,152.75,Y,A,AY,0.0,,stockout,fashion_core,keep_winner_colors,"Сильная модель с умеренной волатильностью: растить через winner-colors, а не через все варианты.",,69.2484
Поло трикотажное алый с розовой полосой,tops_blouses,1,2301,1,алый-розовый,100.0,23.0,76890.0,0.1821,3343.04,23067.0,53823.0,70.0,10.0,31210.0,10,232.31,Y,A,AY,9.0,328.5,overstock,fashion_core,reduce_depth_keep_model,"Сильная модель с умеренной волатильностью: растить через winner-colors, а не через все варианты.",2500.0,69.4305
Пальто шерстяное утепленное двубортное на пуговицах,outerwear,2,"2638, 2639",2,маренго,67.92,3.0,76850.0,0.182,25616.67,23055.0,53795.0,70.0,3.0,76850.0,2,351.19,Z,A,AZ,4.0,486.7,overstock,fashion_core,reduce_depth_keep_model,"Сильная по выручке, но нестабильная модель: использовать как fashion-driver с ограниченным риском.",20300.0,69.6126
Костюм домашний женский хоум,suits,3,"2632, 2633, 2635",3,розовый меланж,36.41,22.0,76140.0,0.1804,3460.91,22842.0,53298.0,70.0,22.0,76140.0,2,381.71,Z,A,AZ,0.0,,stockout,fashion_core,keep_winner_colors,"Сильная по выручке, но нестабильная модель: использовать как fashion-driver с ограниченным риском.",,69.7929
Лонгслив трикотажный женский байкал,tshirts_longsleeves,1,1183,1,голубой Байкал,100.0,39.0,75999.0,0.18,1948.69,22799.7,53199.3,70.0,11.0,14000.0,13,171.14,Y,A,AY,0.0,,stockout,fashion_core,keep_winner_colors,"Сильная модель с умеренной волатильностью: растить через winner-colors, а не через все варианты.",1000.0,69.9729
Юбка вискоза миди небесно-голубая,skirts,1,1254,1,голубой в цветок,100.0,26.0,75292.0,0.1784,2895.85,22587.6,52704.4,70.0,1.0,1000.0,5,260.97,Z,A,AZ,-5.0,,stockout,fashion_core,keep_winner_colors,"Сильная по выручке, но нестабильная модель: использовать как fashion-driver с ограниченным риском.",3400.0,70.1513
Брюки спортик женские,pants,1,2554,1,синий,100.0,13.0,74586.0,0.1767,5737.38,22375.8,52210.2,70.0,13.0,74586.0,5,249.85,Y,A,AY,3.0,84.2,balanced,fashion_core,keep_winner_colors,"Сильная модель с умеренной волатильностью: растить через winner-colors, а не через все варианты.",6200.0,70.328
Юбка трикотажная в рубчик миди,skirts,7,"1304, 1306, 1307, 1310, 1312, 1313, 2135",7,жемчужно-серый,27.09,25.0,74450.0,0.1764,2978.0,22335.0,52115.0,70.0,7.0,16320.0,12,139.89,X,A,AX,13.0,677.9,overstock,repeat_core,reduce_depth_keep_model,Повторяемое ядро бизнеса: держать в наличии и защищать от out-of-stock.,1500.0,70.5043
Пальто шерстяное двубортное на пуговицах,outerwear,2,"2677, 2678",2,маренго,71.21,4.0,74250.0,0.1759,18562.5,22275.0,51975.0,70.0,4.0,74250.0,3,282.84,Z,A,AZ,0.0,,stockout,fashion_core,keep_winner_colors,"Сильная по выручке, но нестабильная модель: использовать как fashion-driver с ограниченным риском.",15750.0,70.6802
Юбка трикотажная а-силуэта шерсть,skirts,3,"2474, 2625, 2674",3,черный,66.37,19.0,73612.0,0.1744,3874.32,22083.6,51528.4,70.0,19.0,73612.0,5,202.96,Y,A,AY,7.0,134.5,overstock,fashion_core,reduce_depth_keep_model,"Сильная модель с умеренной волатильностью: растить через winner-colors, а не через все варианты.",4800.0,70.8546
Джемпер листочки двусторонний светло-желтый,knitwear,1,928,1,серо-лаймовый,100.0,13.0,73400.0,0.1739,5646.15,22020.0,51380.0,70.0,0.0,0.0,5,208.7,Y,A,AY,0.0,,no_signal,fashion_core,keep_winner_colors,"Сильная модель с умеренной волатильностью: растить через winner-colors, а не через все варианты.",,71.0284
Джемпер авангард жаккард оверсайз шерсть,knitwear,2,"2666, 2693",2,суровый-тауп,67.77,9.0,71996.0,0.1705,7999.56,21598.8,50397.2,70.0,9.0,71996.0,2,383.45,Z,A,AZ,-1.0,,stockout,fashion_core,keep_winner_colors,"Сильная по выручке, но нестабильная модель: использовать как fashion-driver с ограниченным риском.",8200.0,71.199
Тренч женский светлый беж,outerwear,1,892,2,теплый беж/песочный,59.83,7.0,71990.0,0.1705,10284.29,21597.0,50393.0,70.0,5.0,53690.0,5,209.47,Y,A,AY,0.0,,stockout,fashion_core,keep_winner_colors,"Сильная модель с умеренной волатильностью: растить через winner-colors, а не через все варианты.",11800.0,71.3695
Свитер базовый шерсть алый,knitwear,1,1090,2,красно-алый,50.15,18.0,71920.0,0.1704,3995.56,21576.0,50344.0,70.0,14.0,52150.0,8,177.43,Y,A,AY,-1.0,,stockout,fashion_core,keep_winner_colors,"Сильная модель с умеренной волатильностью: растить через winner-colors, а не через все варианты.",2500.0,71.5399
Свитер базовый мужской джинс,pants,1,1048,1,синий джинс,100.0,17.0,71400.0,0.1691,4200.0,21420.0,49980.0,70.0,4.0,17760.0,10,154.11,Y,A,AY,-1.0,,stockout,fashion_core,keep_winner_colors,"Сильная модель с умеренной волатильностью: растить через winner-colors, а не через все варианты.",4800.0,71.709
Джемпер сердечки детский,knitwear,4,"1245, 1246, 1247, 1289",4,черно-розовый,34.31,18.0,70290.0,0.1665,3905.0,21087.0,49203.0,70.0,1.0,2520.0,9,164.43,Y,A,AY,-2.0,,stockout,fashion_core,keep_winner_colors,"Сильная модель с умеренной волатильностью: растить через winner-colors, а не через все варианты.",4200.0,71.8755
Шарф взрослый брусника,accessories,1,403,1,брусничный,100.0,31.0,70288.0,0.1665,2267.35,21086.4,49201.6,70.0,10.0,25038.0,11,161.9,Y,A,AY,3.0,109.5,balanced,fashion_core,keep_winner_colors,"Сильная модель с умеренной волатильностью: растить через winner-colors, а не через все варианты.",2600.0,72.042
Пальто шерсятяное двубортное с поясом,outerwear,1,2605,1,шоколадный,100.0,4.0,69750.0,0.1652,17437.5,20925.0,48825.0,70.0,4.0,69750.0,3,282.84,Z,A,AZ,0.0,,stockout,fashion_core,keep_winner_colors,"Сильная по выручке, но нестабильная модель: использовать как fashion-driver с ограниченным риском.",15750.0,72.2072
Шапка взрослая алый,accessories,1,521,1,красный алый,100.0,60.0,69300.0,0.1642,1155.0,20790.0,48510.0,70.0,26.0,28200.0,15,131.15,X,A,AX,10.0,140.4,overstock,repeat_core,reduce_depth_keep_model,Повторяемое ядро бизнеса: держать в наличии и защищать от out-of-stock.,1200.0,72.3714
Рубашка женская из тенсела нежно-голубая в цветок,tops_blouses,1,1288,1,голубой,100.0,15.0,68680.0,0.1627,4578.67,20604.0,48076.0,70.0,0.0,0.0,2,332.47,Z,A,AZ,0.0,,no_signal,fashion_core,keep_winner_colors,"Сильная по выручке, но нестабильная модель: использовать как fashion-driver с ограниченным риском.",5800.0,72.5341
Юбка трикотажная прямая бургунди миди,skirts,1,2150,1,бургунди,100.0,20.0,68460.0,0.1622,3423.0,20538.0,47922.0,70.0,9.0,32250.0,7,175.5,Y,A,AY,-3.0,,stockout,fashion_core,keep_winner_colors,"Сильная модель с умеренной волатильностью: растить через winner-colors, а не через все варианты.",3800.0,72.6962
Юбка плиссе трикотажная мини,skirts,3,"2302, 2339, 2345",3,алый,44.74,28.0,68164.0,0.1615,2434.43,20449.2,47714.8,70.0,20.0,44708.0,11,174.38,Y,A,AY,5.0,91.2,balanced,fashion_core,keep_winner_colors,"Сильная модель с умеренной волатильностью: растить через winner-colors, а не через все варианты.",1800.0,72.8577
Джемпер ромашки голубой,knitwear,1,848,1,небесно-голубой,100.0,14.0,68045.0,0.1612,4860.36,20413.5,47631.5,70.0,0.0,0.0,4,281.9,Z,A,AZ,0.0,,no_signal,fashion_core,keep_winner_colors,"Сильная по выручке, но нестабильная модель: использовать как fashion-driver с ограниченным риском.",,73.0189
Брюки женские флисовые,pants,5,"2777, 2779, 2781, 2885, 2888",5,красный,52.89,16.0,68025.0,0.1611,4251.56,20407.5,47617.5,70.0,16.0,68025.0,3,305.16,Z,A,AZ,47.0,1072.2,overstock,fashion_core,reduce_depth_keep_model,"Сильная по выручке, но нестабильная модель: использовать как fashion-driver с ограниченным риском.",4500.0,73.18
Шапка детская,accessories,27,"2760, 329, 332, 336, 338, 340, 347, 366, 378, 381, 387, 396, 423, 424, 428, 433, 434, 485, 586, 765, 770, 779, 840, 841, 842, 843, 918",27,травяной,11.57,71.0,67253.5,0.1593,947.23,20176.05,47077.45,70.0,33.0,31060.9,20,111.92,X,A,AX,46.0,508.8,overstock,repeat_core,reduce_depth_keep_model,Повторяемое ядро бизнеса: держать в наличии и защищать от out-of-stock.,1018.8,73.3393
Свитер базовый круглый ворот,knitwear,3,"1037, 1038, 1214",3,алый,77.97,20.0,67165.0,0.1591,3358.25,20149.5,47015.5,70.0,5.0,15780.0,9,150.25,Y,A,AY,-1.0,,stockout,fashion_core,keep_winner_colors,"Сильная модель с умеренной волатильностью: растить через winner-colors, а не через все варианты.",3653.33,73.4984
Юбка миди атласная,skirts,3,"1220, 977, 980",3,медный,40.09,20.0,66730.0,0.1581,3336.5,20019.0,46711.0,70.0,0.0,0.0,6,251.25,Z,A,AZ,0.0,,no_signal,fashion_core,keep_winner_colors,"Сильная по выручке, но нестабильная модель: использовать как fashion-driver с ограниченным риском.",,73.6565
Джемпер незабудки женский шоколад с розовым,knitwear,1,2325,1,шоколадный с розовым,100.0,12.0,66700.0,0.158,5558.33,20010.0,46690.0,70.0,11.0,59500.0,8,182.57,Y,A,AY,5.0,165.9,overstock,fashion_core,reduce_depth_keep_model,"Сильная модель с умеренной волатильностью: растить через winner-colors, а не через все варианты.",6600.0,73.8145
Юбка трикотаж а-силуэта тауп кукурузка,skirts,1,1195,1,тауп меланж,100.0,22.0,66510.0,0.1575,3023.18,19953.0,46557.0,70.0,4.0,9750.0,10,169.34,Y,A,AY,0.0,,stockout,fashion_core,keep_winner_colors,"Сильная модель с умеренной волатильностью: растить через winner-colors, а не через все варианты.",2500.0,73.972
Кардиган чешуйки жаккард полынь,knitwear,1,2105,1,зеленая полынь-олива,100.0,11.0,65980.0,0.1563,5998.18,19794.0,46186.0,70.0,0.0,0.0,6,198.96,Y,A,AY,0.0,,no_signal,fashion_core,keep_winner_colors,"Сильная модель с умеренной волатильностью: растить через winner-colors, а не через все варианты.",,74.1283
Юбка миди атлас шоколад леопард,skirts,1,1295,1,шоколадный,100.0,19.0,65690.0,0.1556,3457.37,19707.0,45983.0,70.0,0.0,0.0,4,267.9,Z,A,AZ,0.0,,no_signal,fashion_core,keep_winner_colors,"Сильная по выручке, но нестабильная модель: использовать как fashion-driver с ограниченным риском.",,74.2839
Поло трикотажное ажур ананас,tops_blouses,8,"2399, 2424, 2425, 2426, 2427, 2429, 2430, 2431",9,липовый,25.51,12.0,65570.0,0.1553,5464.17,19671.0,45899.0,70.0,12.0,65570.0,4,294.39,Z,A,AZ,15.0,456.3,overstock,fashion_core,reduce_depth_keep_model,"Сильная по выручке, но нестабильная модель: использовать как fashion-driver с ограниченным риском.",5400.0,74.4393
Футболка мужская,tshirts_longsleeves,4,"1135, 1136, 1138, 2062",4,белый,58.9,38.0,65502.5,0.1552,1723.75,19650.75,45851.75,70.0,17.0,29925.0,16,95.4,X,A,AX,19.0,407.9,overstock,repeat_core,reduce_depth_keep_model,Повторяемое ядро бизнеса: держать в наличии и защищать от out-of-stock.,1900.0,74.5944
Футболка трикотажная шерсть,tshirts_longsleeves,7,"2279, 2384, 2388, 2392, 2395, 2408, 2458",7,серый меланж,23.19,20.0,65114.0,0.1542,3255.7,19534.2,45579.8,70.0,20.0,65114.0,6,203.96,Y,A,AY,25.0,456.2,overstock,fashion_core,reduce_depth_keep_model,"Сильная модель с умеренной волатильностью: растить через winner-colors, а не через все варианты.",2871.43,74.7487
Рубашка женская из тенсела молочная в цветок,tops_blouses,1,1317,1,молочный в цветок,100.0,13.0,64230.0,0.1521,4940.77,19269.0,44961.0,70.0,3.0,16240.0,5,276.82,Z,A,AZ,7.0,851.7,overstock,fashion_core,reduce_depth_keep_model,"Сильная по выручке, но нестабильная модель: использовать как fashion-driver с ограниченным риском.",5800.0,74.9008
Свитшот женский,tops_blouses,2,"2549, 2550",2,синий,89.17,10.0,62764.0,0.1487,6276.4,18829.2,43934.8,70.0,10.0,62764.0,5,228.91,Y,A,AY,21.0,766.5,overstock,fashion_core,reduce_depth_keep_model,"Сильная модель с умеренной волатильностью: растить через winner-colors, а не через все варианты.",6800.0,75.0495
Поло трикотажное алый с розовым,tops_blouses,1,2338,1,алый-розовый,100.0,17.0,62230.0,0.1474,3660.59,18669.0,43561.0,70.0,14.0,50830.0,7,201.64,Y,A,AY,2.0,52.1,balanced,fashion_core,keep_winner_colors,"Сильная модель с умеренной волатильностью: растить через winner-colors, а не через все варианты.",2500.0,75.1969
Шапка мужская бини,accessories,7,"1016, 1017, 1019, 1021, 1023, 1024, 1109",7,хаки,20.68,68.0,61995.0,0.1469,911.69,18598.5,43396.5,70.0,30.0,26090.0,14,133.25,X,A,AX,41.0,498.8,overstock,repeat_core,reduce_depth_keep_model,Повторяемое ядро бизнеса: держать в наличии и защищать от out-of-stock.,900.0,75.3437
Брюки на завязках вискоза,pants,2,"2469, 2797",2,сливочно-желтый,82.61,11.0,61784.0,0.1464,5616.73,18535.2,43248.8,70.0,11.0,61784.0,9,140.54,X,A,AX,5.0,165.9,overstock,repeat_core,reduce_depth_keep_model,Повторяемое ядро бизнеса: держать в наличии и защищать от out-of-stock.,5800.0,75.4901
Жилет геометрия,knitwear,2,"2336, 2337",2,липа,91.54,14.0,61448.0,0.1456,4389.14,18434.4,43013.6,70.0,11.0,47058.0,6,191.13,Y,A,AY,0.0,,stockout,fashion_core,keep_winner_colors,"Сильная модель с умеренной волатильностью: растить через winner-colors, а не через все варианты.",4600.0,75.6357
Рубашка женская oversize фланель клетка орех,tops_blouses,1,9,1,шоколадно-ореховый,100.0,14.0,61140.0,0.1448,4367.14,18342.0,42798.0,70.0,0.0,0.0,5,206.88,Y,A,AY,0.0,,no_signal,fashion_core,keep_winner_colors,"Сильная модель с умеренной волатильностью: растить через winner-colors, а не через все варианты.",,75.7805
Юбка макси атлас индиго,skirts,1,2063,1,синий,100.0,20.0,61065.5,0.1447,3053.28,18319.65,42745.85,70.0,15.0,42445.5,11,128.06,X,A,AX,0.0,,stockout,repeat_core,replenish_and_scale,Повторяемое ядро бизнеса: держать в наличии и защищать от out-of-stock.,2660.0,75.9251
Палантин трикотажный листочки олива-хаки,accessories,1,1106,1,хаки-оливковый,100.0,19.0,60499.69,0.1433,3184.19,18149.91,42349.78,70.0,5.0,20582.0,11,145.76,X,A,AX,4.0,292.0,overstock,repeat_core,reduce_depth_keep_model,Повторяемое ядро бизнеса: держать в наличии и защищать от out-of-stock.,4600.0,76.0684
Юбка трикотажная софи брусника макси,skirts,1,2616,1,брусничный,100.0,10.0,59812.0,0.1417,5981.2,17943.6,41868.4,70.0,10.0,59812.0,4,267.58,Z,A,AZ,9.0,328.5,overstock,fashion_core,reduce_depth_keep_model,"Сильная по выручке, но нестабильная модель: использовать как fashion-driver с ограниченным риском.",6200.0,76.2101
Юбка трикотажная прямая маренго миди,skirts,1,2185,1,маренго,100.0,18.0,59710.0,0.1414,3317.22,17913.0,41797.0,70.0,8.0,29334.0,10,145.3,X,A,AX,1.0,45.6,balanced,repeat_core,protect_and_repeat,Повторяемое ядро бизнеса: держать в наличии и защищать от out-of-stock.,3800.0,76.3516
Платье агата мини велюр,dresses,2,"2202, 2203",2,лаймовый,61.86,11.0,58570.0,0.1387,5324.55,17571.0,40999.0,70.0,1.0,4350.0,3,356.17,Z,A,AZ,7.0,2555.0,overstock,fashion_core,reduce_depth_keep_model,"Сильная по выручке, но нестабильная модель: использовать как fashion-driver с ограниченным риском.",2500.0,76.4903
Рубашка женская oversize фланель клетка шоколадно-молочный,tops_blouses,1,2643,2,молочно-шоколадный,79.18,10.0,58058.0,0.1375,5805.8,17417.4,40640.6,70.0,10.0,58058.0,3,276.41,Z,A,AZ,0.0,,stockout,fashion_core,keep_winner_colors,"Сильная по выручке, но нестабильная модель: использовать как fashion-driver с ограниченным риском.",,76.6278
Джемпер кувшинки,knitwear,5,"2808, 2812, 2813, 2814, 2824",5,серый меланж-мята,48.02,10.0,57512.0,0.1362,5751.2,17253.6,40258.4,70.0,10.0,57512.0,2,338.82,Z,A,AZ,20.0,730.0,overstock,fashion_core,reduce_depth_keep_model,"Сильная по выручке, но нестабильная модель: использовать как fashion-driver с ограниченным риском.",7200.0,76.7641
Рубашка женская вискоза красная в цветок,tops_blouses,1,1252,1,белый с незабудками,100.0,17.0,57240.0,0.1356,3367.06,17172.0,40068.0,70.0,5.0,13000.0,8,165.44,Y,A,AY,0.0,,stockout,fashion_core,keep_winner_colors,"Сильная модель с умеренной волатильностью: растить через winner-colors, а не через все варианты.",,76.8997
Палантин трикотажный листочки розово-лаймовый,accessories,1,1111,1,зефирно-лаймовый,100.0,18.0,57223.0,0.1355,3179.06,17166.9,40056.1,70.0,1.0,4600.0,9,160.08,Y,A,AY,1.0,365.0,overstock,fashion_core,reduce_depth_keep_model,"Сильная модель с умеренной волатильностью: растить через winner-colors, а не через все варианты.",4600.0,77.0352
Лонгслив трикотажный женский лайм,tshirts_longsleeves,1,1181,1,светлый лайм,100.0,32.0,57220.0,0.1355,1788.12,17166.0,40054.0,70.0,13.0,14600.0,15,143.07,X,A,AX,-1.0,,stockout,repeat_core,replenish_and_scale,Повторяемое ядро бизнеса: держать в наличии и защищать от out-of-stock.,1000.0,77.1707
Кардиган leo жаккард светлый,knitwear,1,680,2,беж светлый-светло желтый,55.38,12.0,57060.0,0.1352,4755.0,17118.0,39942.0,70.0,1.0,4500.0,8,166.39,Y,A,AY,0.0,,stockout,fashion_core,keep_winner_colors,"Сильная модель с умеренной волатильностью: растить через winner-colors, а не через все варианты.",,77.3059
Джемпер лайт шерсть,knitwear,3,"1079, 2252, 495",3,молочный,45.0,19.0,56178.0,0.1331,2956.74,16853.4,39324.6,70.0,8.0,24018.0,9,158.86,Y,A,AY,7.0,319.4,overstock,fashion_core,reduce_depth_keep_model,"Сильная модель с умеренной волатильностью: растить через winner-colors, а не через все варианты.",2500.0,77.439
Юбка трикотажная прямая тауп миди,skirts,1,2221,1,тауп,93.91,16.0,56136.0,0.133,3508.5,16840.8,39295.2,70.0,13.0,45516.0,7,196.85,Y,A,AY,4.0,112.3,balanced,fashion_core,keep_winner_colors,"Сильная модель с умеренной волатильностью: растить через winner-colors, а не через все варианты.",3800.0,77.572
Пальто женское оверсайз шоколадное в клетку,outerwear,1,2129,1,шоколад в клетку,100.0,4.0,55690.0,0.1319,13922.5,16707.0,38983.0,70.0,2.0,23220.0,4,223.61,Y,A,AY,0.0,,stockout,fashion_core,keep_winner_colors,"Сильная модель с умеренной волатильностью: растить через winner-colors, а не через все варианты.",,77.7039
Джемпер подснежники,knitwear,1,2915,1,олива-розовый-хаки,100.0,9.0,55610.0,0.1317,6178.89,16683.0,38927.0,70.0,9.0,55610.0,1,479.58,Z,A,AZ,11.0,446.1,overstock,fashion_core,reduce_depth_keep_model,"Сильная по выручке, но нестабильная модель: использовать как fashion-driver с ограниченным риском.",7200.0,77.8356
Джемпер листочки двусторонний голубой,knitwear,1,987,1,светло-голубой с жемчужным,100.0,10.0,55300.0,0.131,5530.0,16590.0,38710.0,70.0,0.0,0.0,5,223.61,Y,A,AY,0.0,,no_signal,fashion_core,keep_winner_colors,"Сильная модель с умеренной волатильностью: растить через winner-colors, а не через все варианты.",,77.9666
Поло трикотажное шоколадный с липовым,tops_blouses,1,2359,1,шоколадно-липовый,100.0,16.0,55010.0,0.1303,3438.12,16503.0,38507.0,70.0,16.0,55010.0,6,219.37,Y,A,AY,0.0,,stockout,fashion_core,keep_winner_colors,"Сильная модель с умеренной волатильностью: растить через winner-colors, а не через все варианты.",2900.0,78.0969
Юбка трикотажная прямая полынь миди,skirts,1,2156,1,полынь,100.0,16.0,54904.0,0.1301,3431.5,16471.2,38432.8,70.0,7.0,24124.0,9,160.08,Y,A,AY,4.0,208.6,overstock,fashion_core,reduce_depth_keep_model,"Сильная модель с умеренной волатильностью: растить через winner-colors, а не через все варианты.",3800.0,78.227
Брюки спортик женские зеленый олива,pants,1,2553,1,оливковый,100.0,10.0,54468.0,0.129,5446.8,16340.4,38127.6,70.0,10.0,54468.0,6,194.94,Y,A,AY,3.0,109.5,balanced,fashion_core,keep_winner_colors,"Сильная модель с умеренной волатильностью: растить через winner-colors, а не через все варианты.",6200.0,78.356
Джемпер ромашки розовый,knitwear,1,857,1,нежно розовый с белым,100.0,11.0,54458.3,0.129,4950.75,16337.49,38120.81,70.0,0.0,0.0,6,208.7,Y,A,AY,0.0,,no_signal,fashion_core,keep_winner_colors,"Сильная модель с умеренной волатильностью: растить через winner-colors, а не через все варианты.",,78.485
Брюки фланель широкие в клетку шоко с,pants,1,2652,2,молочно-шоколадный,61.05,10.0,54150.0,0.1283,5415.0,16245.0,37905.0,70.0,10.0,54150.0,3,301.33,Z,A,AZ,0.0,,stockout,fashion_core,keep_winner_colors,"Сильная по выручке, но нестабильная модель: использовать как fashion-driver с ограниченным риском.",5800.0,78.6132
Палантин трикотажный рыбка,accessories,3,"2721, 2785, 2796",3,бургунди-капучино,82.93,13.0,53900.0,0.1277,4146.15,16170.0,37730.0,70.0,13.0,53900.0,4,306.05,Z,A,AZ,10.0,280.8,overstock,fashion_core,reduce_depth_keep_model,"Сильная по выручке, но нестабильная модель: использовать как fashion-driver с ограниченным риском.",4600.0,78.7409
Жилет ромашки,knitwear,4,"1236, 1268, 1287, 906",4,зелено-белый,40.41,17.0,53702.0,0.1272,3158.94,16110.6,37591.4,70.0,0.0,0.0,8,170.39,Y,A,AY,0.0,,no_signal,fashion_core,keep_winner_colors,"Сильная модель с умеренной волатильностью: растить через winner-colors, а не через все варианты.",4200.0,78.8681
Поло мужское трикотажное,tops_blouses,2,"2505, 2522",2,бежевый,67.6,9.0,53576.0,0.1269,5952.89,16072.8,37503.2,70.0,9.0,53576.0,4,253.13,Z,A,AZ,-1.0,,stockout,fashion_core,keep_winner_colors,"Сильная по выручке, но нестабильная модель: использовать как fashion-driver с ограниченным риском.",6200.0,78.995
Джемпер рыбка маренго с серым стандарт,knitwear,1,2654,1,маренго-серый,100.0,9.0,53340.0,0.1264,5926.67,16002.0,37338.0,70.0,9.0,53340.0,3,333.89,Z,A,AZ,4.0,162.2,overstock,fashion_core,reduce_depth_keep_model,"Сильная по выручке, но нестабильная модель: использовать как fashion-driver с ограниченным риском.",7600.0,79.1214
Джемпер джеки нью интерлок шерсть,knitwear,2,"2692, 2744",2,суровый,60.95,8.0,52920.0,0.1254,6615.0,15876.0,37044.0,70.0,8.0,52920.0,3,320.16,Z,A,AZ,12.0,547.5,overstock,fashion_core,reduce_depth_keep_model,"Сильная по выручке, но нестабильная модель: использовать как fashion-driver с ограниченным риском.",7200.0,79.2467
Брюки льняные широкие,pants,1,968,1,морская волна,100.0,10.0,52609.0,0.1246,5260.9,15782.7,36826.3,70.0,3.0,16779.0,6,185.59,Y,A,AY,2.0,243.3,overstock,fashion_core,reduce_depth_keep_model,"Сильная модель с умеренной волатильностью: растить через winner-colors, а не через все варианты.",5800.0,79.3714
Джемпер джеки интерлок байкал,knitwear,1,141,1,голубой Байкал,100.0,10.0,52476.0,0.1243,5247.6,15742.8,36733.2,70.0,4.0,22716.0,8,168.52,Y,A,AY,-1.0,,stockout,fashion_core,keep_winner_colors,"Сильная модель с умеренной волатильностью: растить через winner-colors, а не через все варианты.",6200.0,79.4957
Свитшот женский зеленый олива,tops_blouses,1,2551,1,оливковый,100.0,9.0,51996.0,0.1232,5777.33,15598.8,36397.2,70.0,9.0,51996.0,6,200.92,Y,A,AY,5.0,202.8,overstock,fashion_core,reduce_depth_keep_model,"Сильная модель с умеренной волатильностью: растить через winner-colors, а не через все варианты.",6800.0,79.6188
Платье этника трикотажное жаккард макси,dresses,1,2676,1,Маренго,100.0,4.0,51750.0,0.1226,12937.5,15525.0,36225.0,70.0,4.0,51750.0,2,374.17,Z,A,AZ,5.0,456.2,overstock,fashion_core,reduce_depth_keep_model,"Сильная по выручке, но нестабильная модель: использовать как fashion-driver с ограниченным риском.",13800.0,79.7414
Джемпер монпансье,knitwear,4,"2809, 2816, 2817, 2829",4,липа-зефирный,40.85,8.0,51160.0,0.1212,6395.0,15348.0,35812.0,70.0,8.0,51160.0,2,331.66,Z,A,AZ,13.0,593.1,overstock,fashion_core,reduce_depth_keep_model,"Сильная по выручке, но нестабильная модель: использовать как fashion-driver с ограниченным риском.",7600.0,79.8626
Свитер кострома v-вырез,knitwear,4,"1092, 1127, 2288, 2599",4,голубой меланж,46.58,14.0,51140.0,0.1211,3652.86,15342.0,35798.0,70.0,8.0,30520.0,10,139.24,X,A,AX,6.0,273.8,overstock,repeat_core,reduce_depth_keep_model,Повторяемое ядро бизнеса: держать в наличии и защищать от out-of-stock.,4200.0,79.9837
Свитер женский релакс круглый ворот,knitwear,3,"2576, 2577, 2578",3,манго,42.06,9.0,50348.0,0.1193,5594.22,15104.4,35243.6,70.0,9.0,50348.0,4,286.1,Z,A,AZ,7.0,283.9,overstock,fashion_core,reduce_depth_keep_model,"Сильная по выручке, но нестабильная модель: использовать как fashion-driver с ограниченным риском.",6200.0,80.103
Джемпер авангард жаккард оверсайз джинс с голубым,pants,1,2634,1,джинсово-голубой,100.0,9.0,50024.0,0.1185,5558.22,15007.2,35016.8,70.0,9.0,50024.0,3,333.89,Z,B,BZ,14.0,567.8,overstock,capsule_selective,optimize_colors_and_markdown,Нестабильная поддерживающая модель: оставлять выборочно или как капсулу.,7200.0,80.2215
Юбка миди атласная нефрит,skirts,1,1070,1,зелёный нефритовый,100.0,15.0,50018.0,0.1185,3334.53,15005.4,35012.6,70.0,3.0,9000.0,8,158.75,Y,B,BY,0.0,,stockout,optimize_depth,optimize_colors_and_keep,"Рабочая поддерживающая модель: оптимизировать цвета, размеры и глубину.",,80.34
Палантин трикотажный листочки шерсть шоколадно-бежевый,accessories,1,2231,1,махагон-фрезия,100.0,11.0,49600.0,0.1175,4509.09,14880.0,34720.0,70.0,6.0,30160.0,5,243.77,Y,B,BY,0.0,,stockout,optimize_depth,optimize_colors_and_keep,"Рабочая поддерживающая модель: оптимизировать цвета, размеры и глубину.",5200.0,80.4575
Куртка стеганая женская шоколад круглый ворот,outerwear,1,2116,1,шоколадный,100.0,9.0,48986.0,0.116,5442.89,14695.8,34290.2,70.0,5.0,18800.0,6,200.92,Y,B,BY,2.0,146.0,overstock,optimize_depth,optimize_colors_and_markdown,"Рабочая поддерживающая модель: оптимизировать цвета, размеры и глубину.",3500.0,80.5735
Брюки из вискозы цветы синий,pants,1,2285,1,темно-синий в цветок,100.0,15.0,48552.0,0.115,3236.8,14565.6,33986.4,70.0,14.0,44952.0,8,165.33,Y,B,BY,5.0,130.4,overstock,optimize_depth,optimize_colors_and_markdown,"Рабочая поддерживающая модель: оптимизировать цвета, размеры и глубину.",2940.0,80.6885
Футболка трикотажная косичка байкал,tshirts_longsleeves,1,1338,1,голубой Байкал,100.0,20.0,48140.0,0.114,2407.0,14442.0,33698.0,70.0,9.0,19280.0,13,137.11,X,B,BX,0.0,,stockout,develop_to_core,replenish_and_scale,Стабильный второй эшелон: кандидат на перевод в core при хорошем запасе спроса.,1500.0,80.8026
Джемпер алиса бургунди шерсть,knitwear,1,2176,1,бургунди-георгин,100.0,9.0,48050.0,0.1138,5338.89,14415.0,33635.0,70.0,2.0,8680.0,5,275.55,Z,B,BZ,-1.0,,stockout,capsule_selective,optimize_colors_and_keep,Нестабильная поддерживающая модель: оставлять выборочно или как капсулу.,6200.0,80.9164
Джемпер ирония судьбы изумруд с розовой полосой,knitwear,1,2690,1,изумруд-розовый,100.0,8.0,47926.0,0.1135,5990.75,14377.8,33548.2,70.0,8.0,47926.0,2,342.78,Z,B,BZ,4.0,182.5,overstock,capsule_selective,optimize_colors_and_markdown,Нестабильная поддерживающая модель: оставлять выборочно или как капсулу.,6600.0,81.0299
Поло трикотажное черный с полосой травяной,tops_blouses,1,2347,1,черный-травяной-розовый,100.0,15.0,47682.0,0.1129,3178.8,14304.6,33377.4,70.0,13.0,40842.0,7,177.76,Y,B,BY,1.0,28.1,understock,optimize_depth,optimize_colors_and_keep,"Рабочая поддерживающая модель: оптимизировать цвета, размеры и глубину.",2500.0,81.1429
Юбка трикотажная прямая бургунди макси,skirts,1,2148,1,бургунди,100.0,14.0,47680.0,0.1129,3405.71,14304.0,33376.0,70.0,6.0,20470.0,8,155.84,Y,B,BY,8.0,486.7,overstock,optimize_depth,optimize_colors_and_markdown,"Рабочая поддерживающая модель: оптимизировать цвета, размеры и глубину.",3800.0,81.2558
Юбка трикотажная прямая маренго макси,skirts,1,2375,1,маренго,100.0,13.0,47196.0,0.1118,3630.46,14158.8,33037.2,70.0,13.0,47196.0,5,213.04,Y,B,BY,7.0,196.5,overstock,optimize_depth,optimize_colors_and_markdown,"Рабочая поддерживающая модель: оптимизировать цвета, размеры и глубину.",3800.0,81.3676
Юбка трикотажная прямая шерсть макси горький шоколад,skirts,1,2175,1,махагон-горький шоколад,100.0,11.0,46860.0,0.111,4260.0,14058.0,32802.0,70.0,4.0,17760.0,7,198.96,Y,B,BY,4.0,365.0,overstock,optimize_depth,optimize_colors_and_markdown,"Рабочая поддерживающая модель: оптимизировать цвета, размеры и глубину.",4800.0,81.4786
Юбка трикотажная прямая сливовый миди,skirts,1,2659,1,сливовый,100.0,13.0,46588.0,0.1104,3583.69,13976.4,32611.6,70.0,13.0,46588.0,3,306.05,Z,B,BZ,0.0,,stockout,capsule_selective,optimize_colors_and_keep,Нестабильная поддерживающая модель: оставлять выборочно или как капсулу.,3800.0,81.589
Футболка трикотажная мята oversize,tshirts_longsleeves,1,1251,1,мятный,100.0,21.0,46262.0,0.1096,2202.95,13878.6,32383.4,70.0,7.0,12002.0,10,155.84,Y,B,BY,-2.0,,stockout,optimize_depth,optimize_colors_and_keep,"Рабочая поддерживающая модель: оптимизировать цвета, размеры и глубину.",1000.0,81.6985
Платье одри макси полынь круглый ворот,dresses,1,2436,1,полынь,100.0,7.0,46260.0,0.1096,6608.57,13878.0,32382.0,70.0,7.0,46260.0,5,231.68,Y,B,BY,2.0,104.3,balanced,optimize_depth,optimize_colors_and_keep,"Рабочая поддерживающая модель: оптимизировать цвета, размеры и глубину.",7200.0,81.8081
Юбка лапша тауп,skirts,1,1167,1,коричневый меланж,100.0,16.0,46127.89,0.1093,2882.99,13838.37,32289.52,70.0,4.0,9102.89,9,163.51,Y,B,BY,-1.0,,stockout,optimize_depth,optimize_colors_and_keep,"Рабочая поддерживающая модель: оптимизировать цвета, размеры и глубину.",2500.0,81.9174
Тельняшка тонкая красный,tshirts_longsleeves,1,654,1,бело-красный,100.0,23.0,45463.95,0.1077,1976.69,13639.18,31824.76,70.0,9.0,11220.0,11,145.6,X,B,BX,0.0,,stockout,develop_to_core,replenish_and_scale,Стабильный второй эшелон: кандидат на перевод в core при хорошем запасе спроса.,,82.0251
Свитер с горлом брусника,knitwear,1,1170,1,брусничный,100.0,19.0,45460.0,0.1077,2392.63,13638.0,31822.0,70.0,0.0,0.0,6,213.64,Y,B,BY,4.0,,deadstock,optimize_depth,optimize_colors_and_markdown,"Рабочая поддерживающая модель: оптимизировать цвета, размеры и глубину.",1900.0,82.1328
Рубашка женская вискоза незабудки,tops_blouses,1,1248,1,белый с незабудками,91.61,11.0,45289.98,0.1073,4117.27,13586.99,31702.99,70.0,5.0,18420.0,7,166.39,Y,B,BY,0.0,,stockout,optimize_depth,optimize_colors_and_keep,"Рабочая поддерживающая модель: оптимизировать цвета, размеры и глубину.",,82.24
Шапка взрослая байкал,accessories,1,1059,1,голубой Байкал,100.0,40.0,45066.0,0.1068,1126.65,13519.8,31546.2,70.0,18.0,19544.0,16,97.47,X,B,BX,9.0,182.5,overstock,develop_to_core,protect_and_repeat,Стабильный второй эшелон: кандидат на перевод в core при хорошем запасе спроса.,1200.0,82.3468
Платье агата мини искусственный шелк,dresses,2,"2204, 2205",2,черный,61.9,10.0,44620.0,0.1057,4462.0,13386.0,31234.0,70.0,4.0,12140.0,4,301.33,Z,B,BZ,9.0,821.2,overstock,capsule_selective,optimize_colors_and_markdown,Нестабильная поддерживающая модель: оставлять выборочно или как капсулу.,2500.0,82.4525
Юбка лапша олива,skirts,1,1161,1,оливковый,100.0,15.0,43900.0,0.104,2926.67,13170.0,30730.0,70.0,3.0,7500.0,8,163.51,Y,B,BY,0.0,,stockout,optimize_depth,optimize_colors_and_keep,"Рабочая поддерживающая модель: оптимизировать цвета, размеры и глубину.",2500.0,82.5565
Манишка на завязках с воротом шерсть светлый,accessories,1,2276,1,бежевый,100.0,12.0,43775.4,0.1037,3647.95,13132.62,30642.78,70.0,2.0,7980.0,3,365.15,Z,B,BZ,0.0,,stockout,capsule_selective,optimize_colors_and_keep,Нестабильная поддерживающая модель: оставлять выборочно или как капсулу.,4200.0,82.6602
Топ трикотажный ажур волна,tops_blouses,5,"2451, 2453, 2454, 2455, 2465",5,светло-желтый,33.72,12.0,43736.0,0.1036,3644.67,13120.8,30615.2,70.0,12.0,43736.0,5,264.58,Z,B,BZ,7.0,212.9,overstock,capsule_selective,optimize_colors_and_markdown,Нестабильная поддерживающая модель: оставлять выборочно или как капсулу.,3800.0,82.7638
Кардиган зебра оверсайз жаккард брусника с маренго,knitwear,1,2646,1,брусника-маренго,100.0,7.0,43560.0,0.1032,6222.86,13068.0,30492.0,70.0,7.0,43560.0,3,288.2,Z,B,BZ,9.0,469.3,overstock,capsule_selective,optimize_colors_and_markdown,Нестабильная поддерживающая модель: оставлять выборочно или как капсулу.,5320.0,82.867
Юбка костюмная мини сливочно-желтый,skirts,1,2307,1,светло-желтый,100.0,11.0,43260.0,0.1025,3932.73,12978.0,30282.0,70.0,11.0,43260.0,6,208.7,Y,B,BY,-3.0,,stockout,optimize_depth,optimize_colors_and_keep,"Рабочая поддерживающая модель: оптимизировать цвета, размеры и глубину.",4200.0,82.9694
Бомбер женский серый в клетку,outerwear,1,2074,1,серо-молочный,100.0,3.0,42920.0,0.1017,14306.67,12876.0,30044.0,70.0,0.0,0.0,2,351.19,Z,B,BZ,-1.0,,no_signal,capsule_selective,optimize_colors_and_keep,Нестабильная поддерживающая модель: оставлять выборочно или как капсулу.,14800.0,83.0711
Блузка женская с рюшей из тенсела,tops_blouses,1,1203,1,черный,100.0,9.0,42860.0,0.1015,4762.22,12858.0,30002.0,70.0,1.0,5600.0,4,254.95,Z,B,BZ,8.0,2920.0,overstock,capsule_selective,optimize_colors_and_markdown,Нестабильная поддерживающая модель: оставлять выборочно или как капсулу.,5600.0,83.1726
Джемпер кувшинки байкал-сирень,knitwear,1,2810,1,голубой байкал-сирень,100.0,7.0,42776.0,0.1013,6110.86,12832.8,29943.2,70.0,7.0,42776.0,2,413.79,Z,B,BZ,4.0,208.6,overstock,capsule_selective,optimize_colors_and_markdown,Нестабильная поддерживающая модель: оставлять выборочно или как капсулу.,7200.0,83.274
Жилет баба-яга,knitwear,1,2537,1,маренго,100.0,7.0,42560.0,0.1008,6080.0,12768.0,29792.0,70.0,7.0,42560.0,4,251.93,Z,B,BZ,3.0,156.4,overstock,capsule_selective,optimize_colors_and_markdown,Нестабильная поддерживающая модель: оставлять выборочно или как капсулу.,6400.0,83.3748
Джемпер ромашки желтый с мятным,knitwear,1,873,1,желтый с мятой,100.0,8.0,42320.0,0.1002,5290.0,12696.0,29624.0,70.0,0.0,0.0,6,187.08,Y,B,BY,0.0,,no_signal,optimize_depth,optimize_colors_and_keep,"Рабочая поддерживающая модель: оптимизировать цвета, размеры и глубину.",,83.475
Юбка трикотажная прямая шоколад миди,skirts,1,2158,1,шоколадный,100.0,12.0,42320.0,0.1002,3526.67,12696.0,29624.0,70.0,4.0,14800.0,7,163.3,Y,B,BY,10.0,912.5,overstock,optimize_depth,optimize_colors_and_markdown,"Рабочая поддерживающая модель: оптимизировать цвета, размеры и глубину.",3800.0,83.5753
Блуза бохо из тенсела горох,tops_blouses,2,"2491, 2492",2,молочно-ореховый,63.18,8.0,42180.0,0.0999,5272.5,12654.0,29526.0,70.0,8.0,42180.0,5,206.16,Y,B,BY,8.0,365.0,overstock,optimize_depth,optimize_colors_and_markdown,"Рабочая поддерживающая модель: оптимизировать цвета, размеры и глубину.",5200.0,83.6752
Платье одри макси джинс круглый ворот,dresses,1,2393,1,джинс,100.0,6.0,42120.0,0.0998,7020.0,12636.0,29484.0,70.0,6.0,42120.0,6,173.21,Y,B,BY,4.0,243.3,overstock,optimize_depth,optimize_colors_and_markdown,"Рабочая поддерживающая модель: оптимизировать цвета, размеры и глубину.",7200.0,83.7749
Юбка трикотажная а-силуэта,skirts,4,"2411, 2587, 2608, 2622",4,серый,56.6,12.0,41590.0,0.0985,3465.83,12477.0,29113.0,70.0,12.0,41590.0,7,173.21,Y,B,BY,0.0,,stockout,optimize_depth,optimize_colors_and_keep,"Рабочая поддерживающая модель: оптимизировать цвета, размеры и глубину.",3800.0,83.8735
Платье тонкое трикотажное косичка макси брусника,dresses,1,2503,1,брусничный,100.0,8.0,41420.0,0.0981,5177.5,12426.0,28994.0,70.0,8.0,41420.0,3,320.16,Z,B,BZ,-1.0,,stockout,capsule_selective,optimize_colors_and_keep,Нестабильная поддерживающая модель: оставлять выборочно или как капсулу.,6400.0,83.9716
Юбка макси атлас шоколад леопард,skirts,1,1294,1,шоколадный,100.0,12.0,41076.0,0.0973,3423.0,12322.8,28753.2,70.0,0.0,0.0,6,200.0,Y,B,BY,0.0,,no_signal,optimize_depth,optimize_colors_and_keep,"Рабочая поддерживающая модель: оптимизировать цвета, размеры и глубину.",,84.0689
Юбка миди атласная беж,skirts,1,979,1,теплый беж,100.0,12.0,40580.0,0.0961,3381.67,12174.0,28406.0,70.0,0.0,0.0,4,243.77,Y,B,BY,0.0,,no_signal,optimize_depth,optimize_colors_and_keep,"Рабочая поддерживающая модель: оптимизировать цвета, размеры и глубину.",,84.165
Подарочный сертификат 10 000,gift_cards,1,1116,0,без цвета,100.0,4.0,40000.0,0.0948,10000.0,12000.0,28000.0,70.0,3.0,30000.0,4,223.61,Y,B,BY,5.0,608.3,overstock,optimize_depth,optimize_colors_and_markdown,"Рабочая поддерживающая модель: оптимизировать цвета, размеры и глубину.",10000.0,84.2598
Поло трикотажное морская волна с молочным,tops_blouses,1,2480,1,морская волна-молочный,100.0,12.0,39834.0,0.0944,3319.5,11950.2,27883.8,70.0,12.0,39834.0,7,191.49,Y,B,BY,1.0,30.4,balanced,optimize_depth,optimize_colors_and_keep,"Рабочая поддерживающая модель: оптимизировать цвета, размеры и глубину.",2500.0,84.3541
Анорак женский флисовый,outerwear,5,"2782, 2841, 2843, 2884, 2887",5,красный,38.39,10.0,39605.0,0.0938,3960.5,11881.5,27723.5,70.0,10.0,39605.0,2,338.82,Z,B,BZ,23.0,839.5,overstock,capsule_selective,optimize_colors_and_markdown,Нестабильная поддерживающая модель: оставлять выборочно или как капсулу.,4500.0,84.4479
Брюки прямые утепленные,pants,1,2636,1,тауп,100.0,11.0,39540.0,0.0937,3594.55,11862.0,27678.0,70.0,11.0,39540.0,4,243.77,Y,B,BY,4.0,132.7,overstock,optimize_depth,optimize_colors_and_markdown,"Рабочая поддерживающая модель: оптимизировать цвета, размеры и глубину.",2500.0,84.5416
Свитер кострома джинс,pants,1,1083,1,синий джинс,100.0,11.0,39280.0,0.093,3570.91,11784.0,27496.0,70.0,0.0,0.0,6,188.73,Y,B,BY,0.0,,no_signal,optimize_depth,optimize_colors_and_keep,"Рабочая поддерживающая модель: оптимизировать цвета, размеры и глубину.",4200.0,84.6346
Капор шерсть,accessories,2,"2629, 2640",2,маренго,57.77,14.0,39277.0,0.093,2805.5,11783.1,27493.9,70.0,14.0,39277.0,4,300.68,Z,B,BZ,4.0,104.3,balanced,capsule_selective,optimize_colors_and_keep,Нестабильная поддерживающая модель: оставлять выборочно или как капсулу.,3100.0,84.7277
Джемперу двусторонний конфетки,other,1,1130,1,нефрит-лаванда,100.0,8.0,39008.5,0.0924,4876.06,11702.55,27305.95,70.0,2.0,7858.5,5,254.95,Z,B,BZ,1.0,182.5,overstock,capsule_selective,optimize_colors_and_markdown,Нестабильная поддерживающая модель: оставлять выборочно или как капсулу.,4030.0,84.8201
Кардиган оверсайз интерлок шерсть,knitwear,1,2691,1,красный,100.0,5.0,38958.0,0.0923,7791.6,11687.4,27270.6,70.0,5.0,38958.0,2,391.41,Z,B,BZ,2.0,146.0,overstock,capsule_selective,optimize_colors_and_markdown,Нестабильная поддерживающая модель: оставлять выборочно или как капсулу.,8600.0,84.9124
Жилет стеганый двусторонний с карманами,knitwear,3,"2687, 2773, 2839",3,олива,55.22,7.0,38860.0,0.0921,5551.43,11658.0,27202.0,70.0,7.0,38860.0,3,288.2,Z,B,BZ,10.0,521.4,overstock,capsule_selective,optimize_colors_and_markdown,Нестабильная поддерживающая модель: оставлять выборочно или как капсулу.,5800.0,85.0044
Футболка женская оверсайз с декором олива,tshirts_longsleeves,1,1217,1,оливковый,93.4,15.0,38767.0,0.0918,2584.47,11630.1,27136.9,70.0,0.0,0.0,6,225.39,Y,B,BY,0.0,,no_signal,optimize_depth,optimize_colors_and_keep,"Рабочая поддерживающая модель: оптимизировать цвета, размеры и глубину.",,85.0962
Рубашка женская хлопок,tops_blouses,1,2041,1,голубая в орнамент,100.0,9.0,38680.0,0.0916,4297.78,11604.0,27076.0,70.0,3.0,11540.0,6,185.59,Y,B,BY,0.0,,stockout,optimize_depth,optimize_colors_and_keep,"Рабочая поддерживающая модель: оптимизировать цвета, размеры и глубину.",,85.1879
Брюки женские вискоза листья,pants,1,1325,1,бежевый в зелёный листок,100.0,10.0,38672.0,0.0916,3867.2,11601.6,27070.4,70.0,3.0,10800.0,7,206.88,Y,B,BY,1.0,121.7,overstock,optimize_depth,optimize_colors_and_markdown,"Рабочая поддерживающая модель: оптимизировать цвета, размеры и глубину.",2940.0,85.2795
Свитер с горлом ежевика,knitwear,1,1055,1,ежевичный,100.0,16.0,38472.72,0.0911,2404.55,11541.82,26930.9,70.0,7.0,11252.72,9,147.77,X,B,BX,0.0,,stockout,develop_to_core,replenish_and_scale,Стабильный второй эшелон: кандидат на перевод в core при хорошем запасе спроса.,1900.0,85.3706
Рубашка женская из тенсела серая акварель,tops_blouses,1,2473,1,серо-голубой,100.0,7.0,38396.0,0.091,5485.14,11518.8,26877.2,70.0,7.0,38396.0,4,251.93,Z,B,BZ,13.0,677.9,overstock,capsule_selective,optimize_colors_and_markdown,Нестабильная поддерживающая модель: оставлять выборочно или как капсулу.,5800.0,85.4616
Платье лапша v-вырез one size,dresses,3,"2023, 2025, 2026",3,шоколадный,63.35,11.0,38230.0,0.0906,3475.45,11469.0,26761.0,70.0,6.0,21840.0,5,226.91,Y,B,BY,13.0,790.8,overstock,optimize_depth,optimize_colors_and_markdown,"Рабочая поддерживающая модель: оптимизировать цвета, размеры и глубину.",3640.0,85.5521
Футболка трикотажная,tshirts_longsleeves,1,1250,1,графит,100.0,15.0,38142.8,0.0904,2542.85,11442.84,26699.96,70.0,0.0,0.0,6,220.61,Y,B,BY,-1.0,,no_signal,optimize_depth,optimize_colors_and_keep,"Рабочая поддерживающая модель: оптимизировать цвета, размеры и глубину.",2600.0,85.6425
Футболка трикотаж,tshirts_longsleeves,1,1259,1,манго,100.0,15.0,38130.0,0.0903,2542.0,11439.0,26691.0,70.0,2.0,5200.0,5,220.61,Y,B,BY,0.0,,stockout,optimize_depth,optimize_colors_and_keep,"Рабочая поддерживающая модель: оптимизировать цвета, размеры и глубину.",2600.0,85.7328
Футболка трикотаж молочный oversize,tshirts_longsleeves,1,1260,1,молочный,100.0,16.0,37526.0,0.0889,2345.38,11257.8,26268.2,70.0,2.0,3340.0,6,219.37,Y,B,BY,0.0,,stockout,optimize_depth,optimize_colors_and_keep,"Рабочая поддерживающая модель: оптимизировать цвета, размеры и глубину.",1000.0,85.8217
Шапка взрослая джинс,accessories,1,236,1,синий джинс,100.0,32.0,37476.0,0.0888,1171.12,11242.8,26233.2,70.0,17.0,19816.0,12,131.23,X,B,BX,13.0,279.1,overstock,develop_to_core,protect_and_repeat,Стабильный второй эшелон: кандидат на перевод в core при хорошем запасе спроса.,1200.0,85.9105
Юбка город синий графит макси,skirts,1,2557,1,синий графит,100.0,6.0,37296.0,0.0883,6216.0,11188.8,26107.2,70.0,6.0,37296.0,3,288.68,Z,B,BZ,1.0,60.8,balanced,capsule_selective,optimize_colors_and_keep,Нестабильная поддерживающая модель: оставлять выборочно или как капсулу.,7200.0,85.9988
Юбка атласная миди,skirts,1,978,1,черный,90.33,11.0,37210.0,0.0881,3382.73,11163.0,26047.0,70.0,2.0,6120.0,8,154.01,Y,B,BY,0.0,,stockout,optimize_depth,optimize_colors_and_keep,"Рабочая поддерживающая модель: оптимизировать цвета, размеры и глубину.",,86.0869
Платье ирис из вискозы в цветок,dresses,1,1339,1,графит-пудра,100.0,8.0,37090.0,0.0879,4636.25,11127.0,25963.0,70.0,3.0,7800.0,5,206.16,Y,B,BY,1.0,121.7,overstock,optimize_depth,optimize_colors_and_markdown,"Рабочая поддерживающая модель: оптимизировать цвета, размеры и глубину.",2600.0,86.1748
Джемпер лисичка,knitwear,1,1150,1,лайм с розовым,100.0,7.0,36620.0,0.0867,5231.43,10986.0,25634.0,70.0,0.0,0.0,4,239.17,Y,B,BY,0.0,,no_signal,optimize_depth,optimize_colors_and_keep,"Рабочая поддерживающая модель: оптимизировать цвета, размеры и глубину.",,86.2615
Джемпер базовый укороченный,knitwear,3,"1185, 1186, 1187",3,голубой меланж,51.43,14.0,36396.0,0.0862,2599.71,10918.8,25477.2,70.0,3.0,5184.0,9,147.77,X,B,BX,0.0,,stockout,develop_to_core,replenish_and_scale,Стабильный второй эшелон: кандидат на перевод в core при хорошем запасе спроса.,1800.0,86.3478
Юбка джинсовая макси,skirts,1,2346,1,графит,100.0,6.0,36288.0,0.086,6048.0,10886.4,25401.6,70.0,6.0,36288.0,6,173.21,Y,B,BY,0.0,,stockout,optimize_depth,optimize_colors_and_keep,"Рабочая поддерживающая модель: оптимизировать цвета, размеры и глубину.",6400.0,86.4337
Джемпер бантики сливовый с байкалом,knitwear,1,2741,1,сливовый-байкал,100.0,6.0,36054.0,0.0854,6009.0,10816.2,25237.8,70.0,6.0,36054.0,3,288.68,Z,B,BZ,1.0,60.8,balanced,capsule_selective,optimize_colors_and_keep,Нестабильная поддерживающая модель: оставлять выборочно или как капсулу.,6600.0,86.5191
Юбка из тафты мини,skirts,1,2714,2,Черный,89.49,9.0,35952.0,0.0852,3994.67,10785.6,25166.4,70.0,9.0,35952.0,3,333.89,Z,B,BZ,13.0,527.2,overstock,capsule_selective,optimize_colors_and_markdown,Нестабильная поддерживающая модель: оставлять выборочно или как капсулу.,4200.0,86.6043
Юбка трикотажная в рубчик макси фуксия,skirts,1,1300,1,яркая фуксия,100.0,13.0,35640.0,0.0844,2741.54,10692.0,24948.0,70.0,9.0,22510.0,8,150.54,Y,B,BY,3.0,121.7,overstock,optimize_depth,optimize_colors_and_markdown,"Рабочая поддерживающая модель: оптимизировать цвета, размеры и глубину.",1500.0,86.6887
Юбка джинсовая макси зебра,skirts,1,2356,1,оливковый,100.0,6.0,35392.0,0.0838,5898.67,10617.6,24774.4,70.0,6.0,35392.0,4,264.58,Z,B,BZ,1.0,60.8,balanced,capsule_selective,optimize_colors_and_keep,Нестабильная поддерживающая модель: оставлять выборочно или как капсулу.,6400.0,86.7725
Кардиган зебра оверсайз жаккард черный с белым,knitwear,1,2618,1,черно-белый,100.0,7.0,35265.0,0.0835,5037.86,10579.5,24685.5,70.0,7.0,35265.0,5,231.68,Y,B,BY,10.0,521.4,overstock,optimize_depth,optimize_colors_and_markdown,"Рабочая поддерживающая модель: оптимизировать цвета, размеры и глубину.",5320.0,86.8561
Поло трикотажное алый с шоколадной полосой,tops_blouses,1,2368,1,алый-шоколадный,100.0,11.0,35200.0,0.0834,3200.0,10560.0,24640.0,70.0,11.0,35200.0,6,177.91,Y,B,BY,7.0,232.3,overstock,optimize_depth,optimize_colors_and_markdown,"Рабочая поддерживающая модель: оптимизировать цвета, размеры и глубину.",2500.0,86.9395
Джемпер незабудки женский,knitwear,1,2323,1,серо-персиковый,100.0,6.0,34640.0,0.0821,5773.33,10392.0,24248.0,70.0,2.0,12400.0,3,331.66,Z,B,BZ,0.0,,stockout,capsule_selective,optimize_colors_and_keep,Нестабильная поддерживающая модель: оставлять выборочно или как капсулу.,6600.0,87.0215
Брюки палаццо вискоза корица в полоску,pants,1,2107,1,корица,100.0,8.0,34550.0,0.0818,4318.75,10365.0,24185.0,70.0,4.0,12620.0,4,269.26,Z,B,BZ,1.0,91.2,balanced,capsule_selective,optimize_colors_and_keep,Нестабильная поддерживающая модель: оставлять выборочно или как капсулу.,2500.0,87.1034
Джемпер джеки нью интерлок тауп,knitwear,1,2610,1,коричневый меланж,100.0,6.0,34410.0,0.0815,5735.0,10323.0,24087.0,70.0,6.0,34410.0,4,238.05,Y,B,BY,6.0,365.0,overstock,optimize_depth,optimize_colors_and_markdown,"Рабочая поддерживающая модель: оптимизировать цвета, размеры и глубину.",6200.0,87.1849
Джемпер джаред оверсайз байкал,knitwear,1,1025,1,голубой Байкал,100.0,6.0,33774.0,0.08,5629.0,10132.2,23641.8,70.0,0.0,0.0,4,239.17,Y,B,BY,0.0,,no_signal,optimize_depth,optimize_colors_and_keep,"Рабочая поддерживающая модель: оптимизировать цвета, размеры и глубину.",,87.2649
Пиджак льняной,jackets_blazers,2,"686, 988",2,морская волна,59.14,5.0,33480.0,0.0793,6696.0,10044.0,23436.0,70.0,0.0,0.0,2,374.17,Z,B,BZ,0.0,,no_signal,capsule_selective,optimize_colors_and_keep,Нестабильная поддерживающая модель: оставлять выборочно или как капсулу.,,87.3442
Шорты вискоза,pants,6,"1272, 1280, 1281, 1282, 2512, 2532",6,молочный,41.57,9.0,32910.0,0.078,3656.67,9873.0,23037.0,70.0,6.0,21090.0,6,200.92,Y,B,BY,1.0,60.8,balanced,optimize_depth,optimize_colors_and_keep,"Рабочая поддерживающая модель: оптимизировать цвета, размеры и глубину.",3800.0,87.4221
Рубашка с коротким рукавом бежевая с незабудками,tops_blouses,1,2390,1,бежевый в цветок,100.0,8.0,32692.4,0.0774,4086.55,9807.72,22884.68,70.0,8.0,32692.4,5,223.61,Y,B,BY,3.0,136.9,overstock,optimize_depth,optimize_colors_and_markdown,"Рабочая поддерживающая модель: оптимизировать цвета, размеры и глубину.",3640.0,87.4996
Куртка стеганая женская фуксия круглый ворот,outerwear,1,2115,1,фуксия,89.26,6.0,32600.0,0.0772,5433.33,9780.0,22820.0,70.0,5.0,26100.0,4,238.05,Y,B,BY,-1.0,,stockout,optimize_depth,optimize_colors_and_keep,"Рабочая поддерживающая модель: оптимизировать цвета, размеры и глубину.",3500.0,87.5768
Джемпер джеки,knitwear,2,"2125, 51",2,молочный,59.71,7.0,32560.0,0.0771,4651.43,9768.0,22792.0,70.0,0.0,0.0,3,304.72,Z,B,BZ,-1.0,,no_signal,capsule_selective,optimize_colors_and_keep,Нестабильная поддерживающая модель: оставлять выборочно или как капсулу.,6200.0,87.6539
Тельняшка тонкая фуксия,tshirts_longsleeves,1,642,1,белый-фуксия,100.0,31.0,32500.0,0.077,1048.39,9750.0,22750.0,70.0,29.0,30400.0,11,134.98,X,B,BX,6.0,75.5,balanced,develop_to_core,protect_and_repeat,Стабильный второй эшелон: кандидат на перевод в core при хорошем запасе спроса.,1000.0,87.7309
Юбка трикотажная прямая тауп макси,skirts,1,2220,1,тауп,100.0,9.0,32470.0,0.0769,3607.78,9741.0,22729.0,70.0,4.0,15200.0,6,200.92,Y,B,BY,6.0,547.5,overstock,optimize_depth,optimize_colors_and_markdown,"Рабочая поддерживающая модель: оптимизировать цвета, размеры и глубину.",3800.0,87.8078
Брюки на завязках хлопок небесно-голубой,pants,1,2470,1,голубой,100.0,6.0,32190.0,0.0763,5365.0,9657.0,22533.0,70.0,6.0,32190.0,3,331.66,Z,B,BZ,2.0,121.7,overstock,capsule_selective,optimize_colors_and_markdown,Нестабильная поддерживающая модель: оставлять выборочно или как капсулу.,5800.0,87.8841
Джемпер авангард жаккард оверсайз серо-голубой c синим,knitwear,1,2667,1,серо-голубой-синий,100.0,5.0,31820.0,0.0754,6364.0,9546.0,22274.0,70.0,5.0,31820.0,3,309.19,Z,B,BZ,12.0,876.0,overstock,capsule_selective,optimize_colors_and_markdown,Нестабильная поддерживающая модель: оставлять выборочно или как капсулу.,7200.0,87.9594
Топ на бретелях атлас,tops_blouses,3,"1071, 1133, 2286",3,молочный,51.18,21.0,31810.0,0.0754,1514.76,9543.0,22267.0,70.0,15.0,21080.0,11,141.18,X,B,BX,4.0,97.3,balanced,develop_to_core,protect_and_repeat,Стабильный второй эшелон: кандидат на перевод в core при хорошем запасе спроса.,1133.33,88.0348
Платье лапшаv-вырез one size,dresses,1,2024,1,молочный,100.0,8.0,31710.0,0.0751,3963.75,9513.0,22197.0,70.0,0.0,0.0,2,374.17,Z,B,BZ,9.0,,deadstock,capsule_selective,optimize_colors_and_markdown,Нестабильная поддерживающая модель: оставлять выборочно или как капсулу.,3640.0,88.1099
Палантин баба-яга,accessories,1,2535,1,маренго-лайм,100.0,6.0,31430.0,0.0745,5238.33,9429.0,22001.0,70.0,6.0,31430.0,5,208.17,Y,B,BY,6.0,365.0,overstock,optimize_depth,optimize_colors_and_markdown,"Рабочая поддерживающая модель: оптимизировать цвета, размеры и глубину.",5700.0,88.1844
Поло трикотажное горький шоколад с липовым,tops_blouses,1,2479,1,горький шоколад\липовый,100.0,9.0,31320.0,0.0742,3480.0,9396.0,21924.0,70.0,9.0,31320.0,4,264.58,Z,B,BZ,-2.0,,stockout,capsule_selective,optimize_colors_and_keep,Нестабильная поддерживающая модель: оставлять выборочно или как капсулу.,2500.0,88.2585
Худи мужское с капюшоном,tops_blouses,2,"1257, 1292",2,графит,64.63,6.0,31160.0,0.0738,5193.33,9348.0,21812.0,70.0,0.0,0.0,5,208.17,Y,B,BY,2.0,,deadstock,optimize_depth,optimize_colors_and_markdown,"Рабочая поддерживающая модель: оптимизировать цвета, размеры и глубину.",3640.0,88.3324
Шапка взрослая шерсть олива,accessories,1,1029,1,оливковый,100.0,19.0,31092.31,0.0737,1636.44,9327.69,21764.62,70.0,6.0,8240.0,9,145.3,X,B,BX,2.0,121.7,overstock,develop_to_core,protect_and_repeat,Стабильный второй эшелон: кандидат на перевод в core при хорошем запасе спроса.,1600.0,88.406
Брюки трикотаж шерсть горький шоколад,pants,1,2256,1,махагон-горький шоколад,100.0,6.0,31080.0,0.0736,5180.0,9324.0,21756.0,70.0,4.0,21560.0,5,208.17,Y,B,BY,-1.0,,stockout,optimize_depth,optimize_colors_and_keep,"Рабочая поддерживающая модель: оптимизировать цвета, размеры и глубину.",5600.0,88.4796
Юбка лапша черный макси,skirts,1,2082,1,черный,100.0,9.0,30960.0,0.0733,3440.0,9288.0,21672.0,70.0,0.0,0.0,4,286.1,Z,B,BZ,-1.0,,no_signal,capsule_selective,optimize_colors_and_keep,Нестабильная поддерживающая модель: оставлять выборочно или как капсулу.,3800.0,88.553
Платье комбинация искуственный шелк голубой шк,dresses,1,791,1,голубой,100.0,8.0,30740.0,0.0728,3842.5,9222.0,21518.0,70.0,0.0,0.0,4,231.68,Y,B,BY,0.0,,no_signal,optimize_depth,optimize_colors_and_keep,"Рабочая поддерживающая модель: оптимизировать цвета, размеры и глубину.",,88.6258
Топ в рубчик v-вырез беж,tops_blouses,1,68,1,светлый беж,100.0,23.0,30664.0,0.0726,1333.22,9199.2,21464.8,70.0,8.0,6490.0,12,129.49,X,B,BX,0.0,,stockout,develop_to_core,replenish_and_scale,Стабильный второй эшелон: кандидат на перевод в core при хорошем запасе спроса.,,88.6984
Юбка лапша графит макси,skirts,1,2081,1,графитовый,100.0,9.0,30590.0,0.0725,3398.89,9177.0,21413.0,70.0,3.0,9710.0,5,241.14,Y,B,BY,0.0,,stockout,optimize_depth,optimize_colors_and_keep,"Рабочая поддерживающая модель: оптимизировать цвета, размеры и глубину.",3800.0,88.7709
Юбка вискоза миди,skirts,3,"900, 924, 942",3,травяной в цветок,52.84,11.0,30580.0,0.0724,2780.0,9174.0,21406.0,70.0,3.0,6800.0,6,235.49,Y,B,BY,0.0,,stockout,optimize_depth,optimize_colors_and_keep,"Рабочая поддерживающая модель: оптимизировать цвета, размеры и глубину.",1700.0,88.8433
Снуд шерсть,accessories,14,"2257, 2268, 2269, 2270, 2271, 2272, 2293, 2294, 2670, 2689, 2703, 2761, 2767, 2770",14,молочный,21.43,42.0,30423.0,0.0721,724.36,9126.9,21296.1,70.0,33.0,24339.0,9,170.03,Y,B,BY,85.0,940.2,overstock,optimize_depth,optimize_colors_and_markdown,"Рабочая поддерживающая модель: оптимизировать цвета, размеры и глубину.",800.0,88.9154
Джемпер детский ромашки зеленый,knitwear,1,869,1,нефритово-желтый,100.0,11.0,30420.0,0.0721,2765.45,9126.0,21294.0,70.0,6.0,10020.0,7,166.39,Y,B,BY,1.0,60.8,balanced,optimize_depth,optimize_colors_and_keep,"Рабочая поддерживающая модель: оптимизировать цвета, размеры и глубину.",1500.0,88.9874
Лонгслив женский банановый,tshirts_longsleeves,1,2555,1,светло-желтый,100.0,9.0,30420.0,0.0721,3380.0,9126.0,21294.0,70.0,9.0,30420.0,5,215.17,Y,B,BY,6.0,243.3,overstock,optimize_depth,optimize_colors_and_markdown,"Рабочая поддерживающая модель: оптимизировать цвета, размеры и глубину.",3600.0,89.0595
Жакет с поясом велюр,jackets_blazers,2,"2225, 2226",2,шоколадный,95.07,7.0,30400.0,0.072,4342.86,9120.0,21280.0,70.0,4.0,13320.0,5,231.68,Y,B,BY,1.0,91.2,balanced,optimize_depth,optimize_colors_and_keep,"Рабочая поддерживающая модель: оптимизировать цвета, размеры и глубину.",2500.0,89.1315
Футболка мужская олива,tshirts_longsleeves,1,1140,1,оливковый,100.0,18.0,30134.9,0.0714,1674.16,9040.47,21094.43,70.0,3.0,4690.0,9,173.21,Y,B,BY,3.0,365.0,overstock,optimize_depth,optimize_colors_and_markdown,"Рабочая поддерживающая модель: оптимизировать цвета, размеры и глубину.",1900.0,89.2029
Подарочный сертификат 5000,gift_cards,2,"1114, 2586",0,без цвета,100.0,6.0,30000.0,0.0711,5000.0,9000.0,21000.0,70.0,4.0,20000.0,5,208.17,Y,B,BY,11.0,1003.8,overstock,optimize_depth,optimize_colors_and_markdown,"Рабочая поддерживающая модель: оптимизировать цвета, размеры и глубину.",5000.0,89.274
Тельняшка тонкая небесно-голубой,tshirts_longsleeves,1,655,1,бело-голубой небесный,100.0,17.0,29710.0,0.0704,1747.65,8913.0,20797.0,70.0,9.0,9000.0,11,125.47,X,B,BX,1.0,40.6,balanced,develop_to_core,protect_and_repeat,Стабильный второй эшелон: кандидат на перевод в core при хорошем запасе спроса.,1000.0,89.3443
Платье ирис льняное,dresses,1,1330,1,зеленый,100.0,4.0,29605.0,0.0701,7401.25,8881.5,20723.5,70.0,3.0,25120.0,3,282.84,Z,B,BZ,1.0,121.7,overstock,capsule_selective,optimize_colors_and_markdown,Нестабильная поддерживающая модель: оставлять выборочно или как капсулу.,8900.0,89.4145
Парка английская шерсть ореховая в клетку,outerwear,1,2313,1,ореховый,100.0,2.0,29600.0,0.0701,14800.0,8880.0,20720.0,70.0,2.0,29600.0,2,331.66,Z,B,BZ,3.0,547.5,overstock,capsule_selective,optimize_colors_and_markdown,Нестабильная поддерживающая модель: оставлять выборочно или как капсулу.,10360.0,89.4846
Футболка трикотажная лайм oversize,tshirts_longsleeves,1,1258,1,светлый лайм,100.0,16.0,29598.0,0.0701,1849.88,8879.4,20718.6,70.0,9.0,12100.0,5,276.13,Z,B,BZ,0.0,,stockout,capsule_selective,optimize_colors_and_keep,Нестабильная поддерживающая модель: оставлять выборочно или как капсулу.,1000.0,89.5547
Джемпер с конем бежевый,knitwear,1,2756,1,теплый беж-красный,100.0,5.0,29512.0,0.0699,5902.4,8853.6,20658.4,70.0,5.0,29512.0,3,276.41,Z,B,BZ,9.0,657.0,overstock,capsule_selective,optimize_colors_and_markdown,Нестабильная поддерживающая модель: оставлять выборочно или как капсулу.,6600.0,89.6246
Юбка трикотажная прямая шерсть макси шоколад,skirts,1,2140,1,темный шоколад,100.0,7.0,29380.0,0.0696,4197.14,8814.0,20566.0,70.0,0.0,0.0,2,413.79,Z,B,BZ,0.0,,no_signal,capsule_selective,optimize_colors_and_keep,Нестабильная поддерживающая модель: оставлять выборочно или как капсулу.,4800.0,89.6942
Джемпер лайт шерсть голубой,knitwear,1,1078,1,светло-голубой,100.0,10.0,29200.0,0.0692,2920.0,8760.0,20440.0,70.0,2.0,5000.0,8,153.62,Y,B,BY,3.0,547.5,overstock,optimize_depth,optimize_colors_and_markdown,"Рабочая поддерживающая модель: оптимизировать цвета, размеры и глубину.",2500.0,89.7634
Кардиган авангард жаккард,knitwear,1,2728,1,маренго-слива,100.0,4.0,29170.0,0.0691,7292.5,8751.0,20419.0,70.0,4.0,29170.0,2,331.66,Z,B,BZ,5.0,456.2,overstock,capsule_selective,optimize_colors_and_markdown,Нестабильная поддерживающая модель: оставлять выборочно или как капсулу.,7600.0,89.8325
Манишка на завязках с воротом шерсть фрезия,accessories,1,2247,1,бежевый-фрезия,100.0,9.0,29110.0,0.069,3234.44,8733.0,20377.0,70.0,6.0,17770.0,3,275.55,Z,B,BZ,0.0,,stockout,capsule_selective,optimize_colors_and_keep,Нестабильная поддерживающая модель: оставлять выборочно или как капсулу.,4200.0,89.9014
Рубашка женская вискоза в голубой цветок,tops_blouses,1,2040,1,белая в голубой цветок,100.0,8.0,29060.0,0.0688,3632.5,8718.0,20342.0,70.0,5.0,17090.0,3,295.8,Z,B,BZ,0.0,,stockout,capsule_selective,optimize_colors_and_keep,Нестабильная поддерживающая модель: оставлять выборочно или как капсулу.,3220.0,89.9703
Шапка взрослая травяной,accessories,1,234,1,зеленый травяной,100.0,26.0,29036.0,0.0688,1116.77,8710.8,20325.2,70.0,14.0,15276.0,12,133.01,X,B,BX,9.0,234.6,overstock,develop_to_core,protect_and_repeat,Стабильный второй эшелон: кандидат на перевод в core при хорошем запасе спроса.,1200.0,90.039
Платье комбинация искуственный шелк,dresses,3,"461, 789, 820",3,черный,69.51,9.0,28860.0,0.0684,3206.67,8658.0,20202.0,70.0,2.0,6300.0,5,206.16,Y,B,BY,1.0,182.5,overstock,optimize_depth,optimize_colors_and_markdown,"Рабочая поддерживающая модель: оптимизировать цвета, размеры и глубину.",4000.0,90.1074
Джемпер двусторонний конфетки,knitwear,1,1129,1,розово-желтый,100.0,6.0,28550.0,0.0676,4758.33,8565.0,19985.0,70.0,0.0,0.0,4,239.17,Y,B,BY,0.0,,no_signal,optimize_depth,optimize_colors_and_keep,"Рабочая поддерживающая модель: оптимизировать цвета, размеры и глубину.",,90.175
Джемпер бантики сливовый с пудрой,knitwear,1,2720,1,сливовый-пудра,100.0,5.0,28210.0,0.0668,5642.0,8463.0,19747.0,70.0,5.0,28210.0,3,309.19,Z,B,BZ,9.0,657.0,overstock,capsule_selective,optimize_colors_and_markdown,Нестабильная поддерживающая модель: оставлять выборочно или как капсулу.,6600.0,90.2418
Тельняшка тонкая зеленый,tshirts_longsleeves,1,649,1,белый-нефритовый,100.0,22.0,28210.0,0.0668,1282.27,8463.0,19747.0,70.0,18.0,18000.0,11,141.18,X,B,BX,1.0,20.3,understock,develop_to_core,replenish_and_scale,Стабильный второй эшелон: кандидат на перевод в core при хорошем запасе спроса.,1000.0,90.3087
Юбка трикотаж а-силуэта олива кукурузка,skirts,1,1194,1,оливковый,100.0,11.0,28060.0,0.0665,2550.91,8418.0,19642.0,70.0,3.0,7500.0,8,166.39,Y,B,BY,2.0,243.3,overstock,optimize_depth,optimize_colors_and_markdown,"Рабочая поддерживающая модель: оптимизировать цвета, размеры и глубину.",2500.0,90.3751
Подарочный сертификат 7000,gift_cards,2,"1115, 2662",0,без цвета,100.0,4.0,27650.0,0.0655,6912.5,8295.0,19355.0,70.0,4.0,27650.0,3,282.84,Z,B,BZ,5.0,456.2,overstock,capsule_selective,optimize_colors_and_markdown,Нестабильная поддерживающая модель: оставлять выборочно или как капсулу.,7000.0,90.4406
Палантин трикотажный рыбка горький шоколад с капучино,accessories,1,2723,1,горький шоколад-капучино,100.0,7.0,27450.0,0.065,3921.43,8235.0,19215.0,70.0,7.0,27450.0,3,304.72,Z,B,BZ,2.0,104.3,balanced,capsule_selective,optimize_colors_and_keep,Нестабильная поддерживающая модель: оставлять выборочно или как капсулу.,4600.0,90.5057
Брюки лето женские вискоза синий с молочным,pants,1,2509,1,сине-молочный,100.0,7.0,27364.0,0.0648,3909.14,8209.2,19154.8,70.0,7.0,27364.0,4,251.93,Z,B,BZ,0.0,,stockout,capsule_selective,optimize_colors_and_keep,Нестабильная поддерживающая модель: оставлять выборочно или как капсулу.,,90.5705
Пальто-жакет женский морковный в клетку,outerwear,1,2594,1,оранжевый,100.0,2.0,27084.0,0.0642,13542.0,8125.2,18958.8,70.0,2.0,27084.0,2,331.66,Z,B,BZ,2.0,365.0,overstock,capsule_selective,optimize_colors_and_markdown,Нестабильная поддерживающая модель: оставлять выборочно или как капсулу.,14800.0,90.6346
Платье одри макси черный ворот стойка,dresses,1,2389,1,черный,100.0,4.0,27000.0,0.064,6750.0,8100.0,18900.0,70.0,4.0,27000.0,4,223.61,Y,B,BY,4.0,365.0,overstock,optimize_depth,optimize_colors_and_markdown,"Рабочая поддерживающая модель: оптимизировать цвета, размеры и глубину.",7200.0,90.6986
Джемпер с конем,knitwear,1,2758,1,черный-теплый беж,100.0,5.0,26840.0,0.0636,5368.0,8052.0,18788.0,70.0,5.0,26840.0,3,276.41,Z,B,BZ,5.0,365.0,overstock,capsule_selective,optimize_colors_and_markdown,Нестабильная поддерживающая модель: оставлять выборочно или как капсулу.,6600.0,90.7622
Джемпер алиса шерсть горький шоколад,knitwear,1,2170,1,махагон-горький шоколад,100.0,5.0,26660.0,0.0632,5332.0,7998.0,18662.0,70.0,2.0,10540.0,4,239.17,Y,B,BY,2.0,365.0,overstock,optimize_depth,optimize_colors_and_markdown,"Рабочая поддерживающая модель: оптимизировать цвета, размеры и глубину.",6200.0,90.8253
Шарф взрослый алый,accessories,1,802,1,красный алый,100.0,12.0,26420.0,0.0626,2201.67,7926.0,18494.0,70.0,2.0,5000.0,9,141.42,X,B,BX,2.0,365.0,overstock,develop_to_core,protect_and_repeat,Стабильный второй эшелон: кандидат на перевод в core при хорошем запасе спроса.,2600.0,90.8879
Шапка взрослая горчица,accessories,1,220,1,горчичный,100.0,20.0,26260.0,0.0622,1313.0,7878.0,18382.0,70.0,9.0,10500.0,10,153.62,Y,B,BY,3.0,121.7,overstock,optimize_depth,optimize_colors_and_markdown,"Рабочая поддерживающая модель: оптимизировать цвета, размеры и глубину.",1200.0,90.9501
Шапка взрослая олива,accessories,1,230,1,оливковый,95.4,23.0,26080.0,0.0618,1133.91,7824.0,18256.0,70.0,5.0,6000.0,11,163.55,Y,B,BY,6.0,438.0,overstock,optimize_depth,optimize_colors_and_markdown,"Рабочая поддерживающая модель: оптимизировать цвета, размеры и глубину.",1200.0,91.0119
Джемпер aлиса с круглым воротом,knitwear,1,2149,1,бургунди,100.0,5.0,25800.0,0.0611,5160.0,7740.0,18060.0,70.0,0.0,0.0,1,479.58,Z,B,BZ,0.0,,no_signal,capsule_selective,optimize_colors_and_keep,Нестабильная поддерживающая модель: оставлять выборочно или как капсулу.,6200.0,91.073
Джемпер джеки интерлок травяной,knitwear,1,167,1,Ирландский мох,100.0,5.0,25640.0,0.0607,5128.0,7692.0,17948.0,70.0,1.0,6200.0,3,309.19,Z,B,BZ,1.0,365.0,overstock,capsule_selective,optimize_colors_and_markdown,Нестабильная поддерживающая модель: оставлять выборочно или как капсулу.,6200.0,91.1337
Поло мужское трикотажное темный шоколад,tops_blouses,1,2515,1,горький шоколад,100.0,4.0,25600.0,0.0606,6400.0,7680.0,17920.0,70.0,4.0,25600.0,1,479.58,Z,B,BZ,0.0,,stockout,capsule_selective,optimize_colors_and_keep,Нестабильная поддерживающая модель: оставлять выборочно или как капсулу.,6200.0,91.1944
Юбка трикотажная прямая черный макси,skirts,1,2152,1,черный,100.0,7.0,25450.0,0.0603,3635.71,7635.0,17815.0,70.0,2.0,7030.0,5,231.68,Y,B,BY,3.0,547.5,overstock,optimize_depth,optimize_colors_and_markdown,"Рабочая поддерживающая модель: оптимизировать цвета, размеры и глубину.",3800.0,91.2547
Шорты,pants,1,2486,1,молочный леопард,100.0,5.0,25316.6,0.06,5063.32,7594.98,17721.62,70.0,5.0,25316.6,3,276.41,Z,B,BZ,6.0,438.0,overstock,capsule_selective,optimize_colors_and_markdown,Нестабильная поддерживающая модель: оставлять выборочно или как капсулу.,5800.0,91.3146
Юбка атласная макси,skirts,1,2095,1,черный,100.0,9.0,25307.0,0.0599,2811.89,7592.1,17714.9,70.0,4.0,8797.0,8,150.31,Y,B,BY,0.0,,stockout,optimize_depth,optimize_colors_and_keep,"Рабочая поддерживающая модель: оптимизировать цвета, размеры и глубину.",2660.0,91.3746
Палантин трикотажный в полоску,accessories,2,"2590, 2609",2,полынно-горчичный,82.73,6.0,25300.0,0.0599,4216.67,7590.0,17710.0,70.0,6.0,25300.0,3,288.68,Z,B,BZ,6.0,365.0,overstock,capsule_selective,optimize_colors_and_markdown,Нестабильная поддерживающая модель: оставлять выборочно или как капсулу.,5100.0,91.4345
Платье интерлок шерсть макси горький шоколад,dresses,1,2174,1,махагон-горький шоколад,100.0,3.0,24920.0,0.059,8306.67,7476.0,17444.0,70.0,1.0,8010.0,2,351.19,Z,B,BZ,0.0,,stockout,capsule_selective,optimize_colors_and_keep,Нестабильная поддерживающая модель: оставлять выборочно или как капсулу.,9100.0,91.4935
Джемпер лайт шерсть олива,knitwear,1,46,1,оливковый,100.0,9.0,24860.0,0.0589,2762.22,7458.0,17402.0,70.0,5.0,13900.0,8,150.31,Y,B,BY,-1.0,,stockout,optimize_depth,optimize_colors_and_keep,"Рабочая поддерживающая модель: оптимизировать цвета, размеры и глубину.",2500.0,91.5524
Рубашка лето женская вискоза синий с молочным,tops_blouses,1,2511,1,сине-молочный,100.0,7.0,24678.0,0.0585,3525.43,7403.4,17274.6,70.0,7.0,24678.0,3,304.72,Z,B,BZ,0.0,,stockout,capsule_selective,optimize_colors_and_keep,Нестабильная поддерживающая модель: оставлять выборочно или как капсулу.,,91.6109
Юбка костюмная миди сливочно-желтый,skirts,1,2379,1,светло-желтый,100.0,4.0,24490.0,0.058,6122.5,7347.0,17143.0,70.0,4.0,24490.0,3,282.84,Z,B,BZ,1.0,91.2,balanced,capsule_selective,optimize_colors_and_keep,Нестабильная поддерживающая модель: оставлять выборочно или как капсулу.,6200.0,91.6689
Топ на широких бретелях вискоза,tops_blouses,3,"175, 2507, 2525",3,какао,63.16,8.0,24320.0,0.0576,3040.0,7296.0,17024.0,70.0,8.0,24320.0,4,254.95,Z,B,BZ,12.0,547.5,overstock,capsule_selective,optimize_colors_and_markdown,Нестабильная поддерживающая модель: оставлять выборочно или как капсулу.,3200.0,91.7265
Свитер кострома v-вырез лайм,knitwear,1,1085,1,светлый лайм,100.0,7.0,24140.0,0.0572,3448.57,7242.0,16898.0,70.0,5.0,17140.0,7,155.84,Y,B,BY,5.0,365.0,overstock,optimize_depth,optimize_colors_and_markdown,"Рабочая поддерживающая модель: оптимизировать цвета, размеры и глубину.",4200.0,91.7837
Футболка из тенсела,tshirts_longsleeves,5,"2857, 2859, 2860, 2861, 2877",5,шоколадный,44.03,7.0,24120.0,0.0571,3445.71,7236.0,16884.0,70.0,7.0,24120.0,2,413.79,Z,B,BZ,15.0,782.1,overstock,capsule_selective,optimize_colors_and_markdown,Нестабильная поддерживающая модель: оставлять выборочно или как капсулу.,3600.0,91.8408
Юбка лапша синий,skirts,1,2111,1,темно-синий,100.0,8.0,24100.0,0.0571,3012.5,7230.0,16870.0,70.0,3.0,7540.0,5,254.95,Z,B,BZ,0.0,,stockout,capsule_selective,optimize_colors_and_keep,Нестабильная поддерживающая модель: оставлять выборочно или как капсулу.,2500.0,91.8979
Жилет удлиненный из тафты,knitwear,1,2733,1,Черный,100.0,4.0,24090.0,0.0571,6022.5,7227.0,16863.0,70.0,4.0,24090.0,3,282.84,Z,B,BZ,6.0,547.5,overstock,capsule_selective,optimize_colors_and_markdown,Нестабильная поддерживающая модель: оставлять выборочно или как капсулу.,7200.0,91.955
Кардиган зебра оверсайз жаккард шерсть,knitwear,2,"2644, 2645",2,хаки-бежевый фрезия,55.98,4.0,23935.0,0.0567,5983.75,7180.5,16754.5,70.0,4.0,23935.0,3,282.84,Z,B,BZ,1.0,91.2,balanced,capsule_selective,optimize_colors_and_keep,Нестабильная поддерживающая модель: оставлять выборочно или как капсулу.,6020.0,92.0117
Топ укороченный на бретелях,tops_blouses,3,"1200, 1284, 2050",3,белый,66.21,33.0,23872.5,0.0565,723.41,7161.75,16710.75,70.0,11.0,8250.0,13,143.64,X,B,BX,6.0,199.1,overstock,develop_to_core,protect_and_repeat,Стабильный второй эшелон: кандидат на перевод в core при хорошем запасе спроса.,750.0,92.0682
Футболка женская базовая,tshirts_longsleeves,1,1137,1,черный,100.0,15.0,23854.5,0.0565,1590.3,7156.35,16698.15,70.0,6.0,10260.0,12,111.36,X,B,BX,0.0,,stockout,develop_to_core,replenish_and_scale,Стабильный второй эшелон: кандидат на перевод в core при хорошем запасе спроса.,1900.0,92.1247
Джемпер джеки интерлок лайм,knitwear,1,1053,1,светлый лайм,100.0,5.0,23760.0,0.0563,4752.0,7128.0,16632.0,70.0,1.0,5130.0,4,239.17,Y,B,BY,0.0,,stockout,optimize_depth,optimize_colors_and_keep,"Рабочая поддерживающая модель: оптимизировать цвета, размеры и глубину.",6200.0,92.181
Свитер кострома олива,knitwear,1,593,1,оливковый,100.0,7.0,23710.0,0.0562,3387.14,7113.0,16597.0,70.0,1.0,2940.0,6,184.61,Y,B,BY,0.0,,stockout,optimize_depth,optimize_colors_and_keep,"Рабочая поддерживающая модель: оптимизировать цвета, размеры и глубину.",4200.0,92.2372
Поло трикотажное ваниль с шоколадом,tops_blouses,1,2496,1,ваниль с шоколадом,100.0,7.0,23630.0,0.056,3375.71,7089.0,16541.0,70.0,7.0,23630.0,3,349.64,Z,B,BZ,-1.0,,stockout,capsule_selective,optimize_colors_and_keep,Нестабильная поддерживающая модель: оставлять выборочно или как капсулу.,2500.0,92.2931
Блуза с воротом стойка из тенсела горчица,tops_blouses,1,2647,1,горчичный,100.0,4.0,23400.0,0.0554,5850.0,7020.0,16380.0,70.0,4.0,23400.0,2,374.17,Z,B,BZ,8.0,730.0,overstock,capsule_selective,optimize_colors_and_markdown,Нестабильная поддерживающая модель: оставлять выборочно или как капсулу.,6500.0,92.3486
Брюки лето женские вискоза лайм с молочным,pants,1,2508,1,Лаймово-молочный,100.0,6.0,23394.0,0.0554,3899.0,7018.2,16375.8,70.0,6.0,23394.0,3,288.68,Z,B,BZ,0.0,,stockout,capsule_selective,optimize_colors_and_keep,Нестабильная поддерживающая модель: оставлять выборочно или как капсулу.,,92.404
Джемпер агата шерсть горький шоколад,knitwear,1,2230,1,махагон-горький шоколад,100.0,4.0,23380.0,0.0554,5845.0,7014.0,16366.0,70.0,3.0,17800.0,3,282.84,Z,B,BZ,9.0,1095.0,overstock,capsule_selective,optimize_colors_and_markdown,Нестабильная поддерживающая модель: оставлять выборочно или как капсулу.,6200.0,92.4594
Юбка трикотажная прямая шерсть миди горький шоколад,skirts,1,2184,1,махагон-горький шоколад,100.0,6.0,23000.0,0.0545,3833.33,6900.0,16100.0,70.0,0.0,0.0,3,331.66,Z,B,BZ,6.0,,deadstock,capsule_selective,optimize_colors_and_markdown,Нестабильная поддерживающая модель: оставлять выборочно или как капсулу.,4800.0,92.5138
Джемпер бантики бургунди с розовым,knitwear,1,2729,1,бургунди-розовый,100.0,4.0,22940.0,0.0543,5735.0,6882.0,16058.0,70.0,4.0,22940.0,2,374.17,Z,B,BZ,11.0,1003.8,overstock,capsule_selective,optimize_colors_and_markdown,Нестабильная поддерживающая модель: оставлять выборочно или как капсулу.,6600.0,92.5682
Юбка вискоза миди синяя,skirts,1,902,1,темно-синий в цветок,100.0,8.0,22895.0,0.0542,2861.88,6868.5,16026.5,70.0,3.0,7500.0,5,223.61,Y,B,BY,0.0,,stockout,optimize_depth,optimize_colors_and_keep,"Рабочая поддерживающая модель: оптимизировать цвета, размеры и глубину.",1700.0,92.6224
Рубашка мужская oversize фланель,tops_blouses,1,1068,1,шоколадно-красный,100.0,6.0,22830.0,0.0541,3805.0,6849.0,15981.0,70.0,0.0,0.0,5,208.17,Y,B,BY,0.0,,no_signal,optimize_depth,optimize_colors_and_keep,"Рабочая поддерживающая модель: оптимизировать цвета, размеры и глубину.",,92.6765
Шарф взрослый джинс,accessories,1,258,1,синий джинс,100.0,11.0,22752.0,0.0539,2068.36,6825.6,15926.4,70.0,3.0,7340.0,7,177.91,Y,B,BY,9.0,1095.0,overstock,optimize_depth,optimize_colors_and_markdown,"Рабочая поддерживающая модель: оптимизировать цвета, размеры и глубину.",2600.0,92.7304
Рубашка лето женская вискоза лайм с молочным,tops_blouses,1,2510,1,Лаймово-молочный,100.0,6.0,22700.0,0.0538,3783.33,6810.0,15890.0,70.0,6.0,22700.0,2,331.66,Z,B,BZ,0.0,,stockout,capsule_selective,optimize_colors_and_keep,Нестабильная поддерживающая модель: оставлять выборочно или как капсулу.,,92.7842
Рубашка хлопок трюфель,tops_blouses,1,2297,1,шоколадно-графитовый,82.65,5.0,22596.0,0.0535,4519.2,6778.8,15817.2,70.0,2.0,7420.0,4,239.17,Y,B,BY,4.0,730.0,overstock,optimize_depth,optimize_colors_and_markdown,"Рабочая поддерживающая модель: оптимизировать цвета, размеры и глубину.",3500.0,92.8377
Шарф взрослый олива,accessories,1,257,1,оливковый,100.0,12.0,22590.0,0.0535,1882.5,6777.0,15813.0,70.0,4.0,6600.0,8,173.21,Y,B,BY,11.0,1003.8,overstock,optimize_depth,optimize_colors_and_markdown,"Рабочая поддерживающая модель: оптимизировать цвета, размеры и глубину.",2600.0,92.8912
Шапка взрослая шерсть голубой меланж,accessories,1,2242,1,светло-синий меланж,100.0,13.0,22528.0,0.0534,1732.92,6758.4,15769.6,70.0,7.0,10120.0,5,238.21,Y,B,BY,0.0,,stockout,optimize_depth,optimize_colors_and_keep,"Рабочая поддерживающая модель: оптимизировать цвета, размеры и глубину.",1600.0,92.9446
Шарф взрослый шерсть голубой,accessories,1,1046,1,светло-голубой,100.0,8.0,22100.0,0.0524,2762.5,6630.0,15470.0,70.0,6.0,16220.0,5,223.61,Y,B,BY,4.0,243.3,overstock,optimize_depth,optimize_colors_and_markdown,"Рабочая поддерживающая модель: оптимизировать цвета, размеры и глубину.",3600.0,92.9969
Рубашка вискоза,tops_blouses,3,"946, 959, 960",3,голубая в мелкий цветок,42.75,7.0,22080.0,0.0523,3154.29,6624.0,15456.0,70.0,0.0,0.0,4,288.2,Z,B,BZ,0.0,,no_signal,capsule_selective,optimize_colors_and_keep,Нестабильная поддерживающая модель: оставлять выборочно или как капсулу.,3200.0,93.0492
Шорты зебра,pants,1,2311,1,оливковый,100.0,4.0,22040.0,0.0522,5510.0,6612.0,15428.0,70.0,4.0,22040.0,4,223.61,Y,B,BY,1.0,91.2,balanced,optimize_depth,optimize_colors_and_keep,"Рабочая поддерживающая модель: оптимизировать цвета, размеры и глубину.",5800.0,93.1014
Юбка макси атласная нефрит,skirts,1,1065,1,Зелёный нефритовый,100.0,6.0,21800.0,0.0516,3633.33,6540.0,15260.0,70.0,0.0,0.0,5,208.17,Y,B,BY,0.0,,no_signal,optimize_depth,optimize_colors_and_keep,"Рабочая поддерживающая модель: оптимизировать цвета, размеры и глубину.",,93.1531
Водолазка шерсть,knitwear,2,"822, 824",2,молочный,58.83,7.0,21510.4,0.051,3072.91,6453.12,15057.28,70.0,3.0,9120.0,5,209.47,Y,B,BY,10.0,1216.7,overstock,optimize_depth,optimize_colors_and_markdown,"Рабочая поддерживающая модель: оптимизировать цвета, размеры и глубину.",2000.0,93.204
Шарф взрослый лайм,accessories,1,469,1,светлый лайм,100.0,10.0,21418.0,0.0507,2141.8,6425.4,14992.6,70.0,4.0,7908.0,7,182.21,Y,B,BY,2.0,182.5,overstock,optimize_depth,optimize_colors_and_markdown,"Рабочая поддерживающая модель: оптимизировать цвета, размеры и глубину.",2600.0,93.2548
Юбка этника трикотажная жаккард макси,skirts,1,2685,1,Маренго,100.0,3.0,21240.0,0.0503,7080.0,6372.0,14868.0,70.0,3.0,21240.0,2,351.19,Z,B,BZ,-2.0,,stockout,capsule_selective,optimize_colors_and_keep,Нестабильная поддерживающая модель: оставлять выборочно или как капсулу.,7200.0,93.3051
Костюм домашний женский хоум брусника,suits,1,2658,1,брусничный,100.0,3.0,21060.0,0.0499,7020.0,6318.0,14742.0,70.0,3.0,21060.0,1,479.58,Z,B,BZ,0.0,,stockout,capsule_selective,optimize_colors_and_keep,Нестабильная поддерживающая модель: оставлять выборочно или как капсулу.,,93.355
Платье интерлок шерсть суровый макси,dresses,1,2745,1,суровый,100.0,3.0,20930.0,0.0496,6976.67,6279.0,14651.0,70.0,3.0,20930.0,2,351.19,Z,B,BZ,0.0,,stockout,capsule_selective,optimize_colors_and_keep,Нестабильная поддерживающая модель: оставлять выборочно или как капсулу.,9100.0,93.4045
Юбка трикотажная прямая графит миди,skirts,1,2223,1,графит,100.0,6.0,20900.0,0.0495,3483.33,6270.0,14630.0,70.0,2.0,7220.0,5,208.17,Y,B,BY,1.0,182.5,overstock,optimize_depth,optimize_colors_and_markdown,"Рабочая поддерживающая модель: оптимизировать цвета, размеры и глубину.",3800.0,93.454
Джемпер агата бежевый,knitwear,1,2613,1,светлый беж,100.0,4.0,20790.0,0.0492,5197.5,6237.0,14553.0,70.0,4.0,20790.0,3,282.84,Z,B,BZ,2.0,182.5,overstock,capsule_selective,optimize_colors_and_markdown,Нестабильная поддерживающая модель: оставлять выборочно или как капсулу.,5400.0,93.5033
Свитер арлекино травяной с,knitwear,1,2145,1,розово-травяной,100.0,4.0,20770.0,0.0492,5192.5,6231.0,14539.0,70.0,2.0,8680.0,2,331.66,Z,B,BZ,0.0,,stockout,capsule_selective,optimize_colors_and_keep,Нестабильная поддерживающая модель: оставлять выборочно или как капсулу.,4340.0,93.5525
Футболка базовая олива,tshirts_longsleeves,1,1139,1,оливковый,100.0,16.0,20739.7,0.0491,1296.23,6221.91,14517.79,70.0,8.0,8590.0,10,141.42,X,B,BX,10.0,456.2,overstock,develop_to_core,protect_and_repeat,Стабильный второй эшелон: кандидат на перевод в core при хорошем запасе спроса.,1000.0,93.6016
Джемпер грибочки мужской нью,knitwear,1,2755,1,маренго-желтый,100.0,3.0,20700.0,0.049,6900.0,6210.0,14490.0,70.0,3.0,20700.0,2,351.19,Z,B,BZ,2.0,243.3,overstock,capsule_selective,optimize_colors_and_markdown,Нестабильная поддерживающая модель: оставлять выборочно или как капсулу.,8200.0,93.6506
Юбка вискоза миди красная в цветок,skirts,1,899,1,красная в белый цветок,100.0,7.0,20455.0,0.0485,2922.14,6136.5,14318.5,70.0,1.0,1700.0,4,288.2,Z,B,BZ,0.0,,stockout,capsule_selective,optimize_colors_and_keep,Нестабильная поддерживающая модель: оставлять выборочно или как капсулу.,,93.6991
Рубашка джинсовая мужская,tops_blouses,1,2048,1,хаки в пятнышко,100.0,3.0,20400.0,0.0483,6800.0,6120.0,14280.0,70.0,0.0,0.0,1,479.58,Z,B,BZ,0.0,,no_signal,capsule_selective,optimize_colors_and_keep,Нестабильная поддерживающая модель: оставлять выборочно или как капсулу.,,93.7474
Джемпер авангард жаккард оверсайз,knitwear,1,2649,1,молочный-терракот,100.0,3.0,20340.0,0.0482,6780.0,6102.0,14238.0,70.0,3.0,20340.0,2,351.19,Z,B,BZ,7.0,851.7,overstock,capsule_selective,optimize_colors_and_markdown,Нестабильная поддерживающая модель: оставлять выборочно или как капсулу.,8200.0,93.7956
Шапка взрослая шерсть горький шоколад,accessories,1,2182,1,махагон-горький шоколад,100.0,14.0,20240.0,0.0479,1445.71,6072.0,14168.0,70.0,7.0,10880.0,8,155.84,Y,B,BY,1.0,52.1,balanced,optimize_depth,optimize_colors_and_keep,"Рабочая поддерживающая модель: оптимизировать цвета, размеры и глубину.",1600.0,93.8435
Рубашка лен удлиненная,tops_blouses,1,971,1,бирюзовый,76.24,5.0,20200.0,0.0478,4040.0,6060.0,14140.0,70.0,0.0,0.0,1,479.58,Z,B,BZ,-1.0,,no_signal,capsule_selective,optimize_colors_and_keep,Нестабильная поддерживающая модель: оставлять выборочно или как капсулу.,3380.0,93.8914
Юбка макси атласная,skirts,1,1221,1,медь,100.0,6.0,20050.0,0.0475,3341.67,6015.0,14035.0,70.0,3.0,8650.0,5,208.17,Y,B,BY,0.0,,stockout,optimize_depth,optimize_colors_and_keep,"Рабочая поддерживающая модель: оптимизировать цвета, размеры и глубину.",,93.9389
Свитер кострома v-вырез лосось,knitwear,1,1121,1,лососеввый,100.0,6.0,19960.0,0.0473,3326.67,5988.0,13972.0,70.0,0.0,0.0,5,194.94,Y,B,BY,0.0,,no_signal,optimize_depth,optimize_colors_and_keep,"Рабочая поддерживающая модель: оптимизировать цвета, размеры и глубину.",3800.0,93.9862
Футболка женская оверсайз,tshirts_longsleeves,4,"1126, 927, 941, 956",4,терракотовый,35.65,13.0,19953.0,0.0473,1534.85,5985.9,13967.1,70.0,1.0,1710.0,5,215.17,Y,B,BY,-1.0,,stockout,optimize_depth,optimize_colors_and_keep,"Рабочая поддерживающая модель: оптимизировать цвета, размеры и глубину.",1900.0,94.0334
Юбка трикотажная прямая черный миди,skirts,1,2151,1,черный,100.0,6.0,19940.0,0.0472,3323.33,5982.0,13958.0,70.0,1.0,3040.0,4,264.58,Z,B,BZ,3.0,1095.0,overstock,capsule_selective,optimize_colors_and_markdown,Нестабильная поддерживающая модель: оставлять выборочно или как капсулу.,3800.0,94.0807
Жилет джинсовый зебра,pants,1,2296,1,оливковый,100.0,5.0,19932.0,0.0472,3986.4,5979.6,13952.4,70.0,4.0,15532.0,4,239.17,Y,B,BY,10.0,912.5,overstock,optimize_depth,optimize_colors_and_markdown,"Рабочая поддерживающая модель: оптимизировать цвета, размеры и глубину.",4400.0,94.1279
Футболка базовая желтый,tshirts_longsleeves,1,1293,1,лимонный,100.0,13.0,19911.7,0.0472,1531.67,5973.51,13938.19,70.0,0.0,0.0,6,296.63,Z,B,BZ,-3.0,,no_signal,capsule_selective,optimize_colors_and_keep,Нестабильная поддерживающая модель: оставлять выборочно или как капсулу.,1900.0,94.1751
Тельняшка тонкая черный,tshirts_longsleeves,1,660,2,бело-черный,85.28,17.0,19700.0,0.0467,1158.82,5910.0,13790.0,70.0,15.0,15000.0,5,235.81,Y,B,BY,0.0,,stockout,optimize_depth,optimize_colors_and_keep,"Рабочая поддерживающая модель: оптимизировать цвета, размеры и глубину.",,94.2217
Шарф взрослый байкал,accessories,1,1142,1,голубой Байкал,100.0,9.0,19264.0,0.0456,2140.44,5779.2,13484.8,70.0,2.0,4732.0,7,168.87,Y,B,BY,5.0,912.5,overstock,optimize_depth,optimize_colors_and_markdown,"Рабочая поддерживающая модель: оптимизировать цвета, размеры и глубину.",2600.0,94.2673
Джемпер кружево травяной,knitwear,1,2764,1,молочно-травяной,100.0,3.0,19040.0,0.0451,6346.67,5712.0,13328.0,70.0,3.0,19040.0,1,479.58,Z,B,BZ,3.0,365.0,overstock,capsule_selective,optimize_colors_and_markdown,Нестабильная поддерживающая модель: оставлять выборочно или как капсулу.,6600.0,94.3125
Шапка взрослая розовый,accessories,1,227,1,классический розовый,100.0,16.0,19020.0,0.0451,1188.75,5706.0,13314.0,70.0,8.0,8680.0,9,158.75,Y,B,BY,5.0,228.1,overstock,optimize_depth,optimize_colors_and_markdown,"Рабочая поддерживающая модель: оптимизировать цвета, размеры и глубину.",1200.0,94.3575
Свитер кострома лайм,knitwear,1,1082,1,светлый лайм,100.0,6.0,18970.0,0.0449,3161.67,5691.0,13279.0,70.0,0.0,0.0,4,239.17,Y,B,BY,0.0,,no_signal,optimize_depth,optimize_colors_and_keep,"Рабочая поддерживающая модель: оптимизировать цвета, размеры и глубину.",4200.0,94.4024
Юбка трикотажная прямая синий макси,skirts,1,2154,1,темно-синий,100.0,5.0,18950.0,0.0449,3790.0,5685.0,13265.0,70.0,5.0,18950.0,5,194.94,Y,B,BY,0.0,,stockout,optimize_depth,optimize_colors_and_keep,"Рабочая поддерживающая модель: оптимизировать цвета, размеры и глубину.",3800.0,94.4473
Топ в рубчик,tops_blouses,1,508,1,голубой,100.0,12.0,18931.5,0.0448,1577.62,5679.45,13252.05,70.0,1.0,1352.0,8,163.3,Y,B,BY,0.0,,stockout,optimize_depth,optimize_colors_and_keep,"Рабочая поддерживающая модель: оптимизировать цвета, размеры и глубину.",,94.4922
Юбка лапша шоколад макси,skirts,1,2124,1,шоколадный,100.0,6.0,18820.0,0.0446,3136.67,5646.0,13174.0,70.0,0.0,0.0,3,288.68,Z,B,BZ,1.0,,deadstock,capsule_selective,optimize_colors_and_markdown,Нестабильная поддерживающая модель: оставлять выборочно или как капсулу.,3800.0,94.5368
Свитер мужской релакс круглый ворот,knitwear,3,"2579, 2581, 2583",3,маренго,34.4,3.0,18780.0,0.0445,6260.0,5634.0,13146.0,70.0,3.0,18780.0,2,351.19,Z,B,BZ,0.0,,stockout,capsule_selective,optimize_colors_and_keep,Нестабильная поддерживающая модель: оставлять выборочно или как капсулу.,6800.0,94.5812
Шапка взрослая два подворота,accessories,10,"276, 279, 283, 284, 285, 286, 295, 296, 733, 735",10,бордовый,22.08,16.0,18750.0,0.0444,1171.88,5625.0,13125.0,70.0,4.0,4810.0,9,154.11,Y,B,BY,1.0,91.2,balanced,optimize_depth,optimize_colors_and_keep,"Рабочая поддерживающая модель: оптимизировать цвета, размеры и глубину.",1300.0,94.6257
Рубашка удлиненная хлопок в полоску,tops_blouses,1,967,1,розово-голубой,100.0,5.0,18660.0,0.0442,3732.0,5598.0,13062.0,70.0,1.0,4500.0,3,309.19,Z,B,BZ,0.0,,stockout,capsule_selective,optimize_colors_and_keep,Нестабильная поддерживающая модель: оставлять выборочно или как капсулу.,,94.6699
Джинсовка хлопковая голубой,pants,1,2373,1,светло-голубой,100.0,3.0,18560.0,0.044,6186.67,5568.0,12992.0,70.0,2.0,12800.0,3,264.58,Z,B,BZ,0.0,,stockout,capsule_selective,optimize_colors_and_keep,Нестабильная поддерживающая модель: оставлять выборочно или как капсулу.,9100.0,94.7138
Лонгслив женский,tshirts_longsleeves,2,"2597, 2628",2,хаки,82.52,6.0,18540.0,0.0439,3090.0,5562.0,12978.0,70.0,6.0,18540.0,4,238.05,Y,B,BY,12.0,730.0,overstock,optimize_depth,optimize_colors_and_markdown,"Рабочая поддерживающая модель: оптимизировать цвета, размеры и глубину.",3600.0,94.7577
Рубашка мужская oversize фланель клетка ириска,tops_blouses,1,2083,1,коричнево-серый,100.0,4.0,18480.0,0.0438,4620.0,5544.0,12936.0,70.0,3.0,14140.0,3,282.84,Z,B,BZ,0.0,,stockout,capsule_selective,optimize_colors_and_keep,Нестабильная поддерживающая модель: оставлять выборочно или как капсулу.,,94.8015
Жилет ромашки коралл-мята,knitwear,1,905,1,лосось-мята,100.0,5.0,18400.0,0.0436,3680.0,5520.0,12880.0,70.0,0.0,0.0,4,239.17,Y,B,BY,0.0,,no_signal,optimize_depth,optimize_colors_and_keep,"Рабочая поддерживающая модель: оптимизировать цвета, размеры и глубину.",,94.8451
Джемпер детский грибочки,knitwear,1,2060,1,ежевично-лаймовый,100.0,4.0,18212.0,0.0431,4553.0,5463.6,12748.4,70.0,0.0,0.0,2,374.17,Z,B,BZ,0.0,,no_signal,capsule_selective,optimize_colors_and_keep,Нестабильная поддерживающая модель: оставлять выборочно или как капсулу.,,94.8882
Шарф баба-яга,accessories,1,2536,1,фуксия-лайм,100.0,4.0,18170.0,0.043,4542.5,5451.0,12719.0,70.0,4.0,18170.0,4,223.61,Y,B,BY,1.0,91.2,balanced,optimize_depth,optimize_colors_and_keep,"Рабочая поддерживающая модель: оптимизировать цвета, размеры и глубину.",4600.0,94.9313
Юбка вискоза миди геометрия,skirts,1,920,1,черно-белый,100.0,7.0,18110.0,0.0429,2587.14,5433.0,12677.0,70.0,2.0,3400.0,5,231.68,Y,B,BY,0.0,,stockout,optimize_depth,optimize_colors_and_keep,"Рабочая поддерживающая модель: оптимизировать цвета, размеры и глубину.",1700.0,94.9742
Юбка вискоза миди розовая в ромашку,skirts,1,943,1,розовый в мелкую ромашку,100.0,6.0,17800.0,0.0422,2966.67,5340.0,12460.0,70.0,0.0,0.0,3,264.58,Z,B,BZ,0.0,,no_signal,capsule_selective,optimize_colors_and_keep,Нестабильная поддерживающая модель: оставлять выборочно или как капсулу.,,95.0163
Юбка трикотажная софи изумруд макси,skirts,1,2615,1,изумруд,100.0,3.0,17794.0,0.0422,5931.33,5338.2,12455.8,70.0,3.0,17794.0,2,351.19,Z,C,CZ,6.0,730.0,overstock,exit_clearance,clearance_or_exit,Кандидат на вывод или жёсткую распродажу.,6200.0,95.0585
Джемпер ирония судьбы розовый с изумрудной полосой,knitwear,1,2710,1,изумруд-розовый,100.0,3.0,17760.0,0.0421,5920.0,5328.0,12432.0,70.0,3.0,17760.0,3,264.58,Z,C,CZ,5.0,608.3,overstock,exit_clearance,clearance_or_exit,Кандидат на вывод или жёсткую распродажу.,6600.0,95.1006
Юбка вискоза миди синяя в цветок,skirts,1,903,1,сине-белый-черный,100.0,7.0,17600.0,0.0417,2514.29,5280.0,12320.0,70.0,0.0,0.0,4,251.93,Z,C,CZ,6.0,,deadstock,exit_clearance,clearance_or_exit,Кандидат на вывод или жёсткую распродажу.,1700.0,95.1423
Юбка трикотажная прямая серо-лавандовый миди,skirts,2,"2588, 2739",2,серо-лавандовый,81.17,5.0,17556.0,0.0416,3511.2,5266.8,12289.2,70.0,5.0,17556.0,4,239.17,Y,C,CY,7.0,511.0,overstock,reduce_tail,clearance_or_exit,Слабый хвост: сокращать глубину и аккуратно распродавать.,3800.0,95.1838
Шапка взрослая шерсть лавандово-голубой,accessories,1,1033,1,ярко-голубой,100.0,11.0,17496.0,0.0414,1590.55,5248.8,12247.2,70.0,5.0,6776.0,4,274.39,Z,C,CZ,7.0,511.0,overstock,exit_clearance,clearance_or_exit,Кандидат на вывод или жёсткую распродажу.,1600.0,95.2253
Юбка трикотажная косичка макси а-силуэт,skirts,1,2489,1,горький шоколад,100.0,4.0,17383.3,0.0412,4345.82,5214.99,12168.31,70.0,4.0,17383.3,4,223.61,Y,C,CY,10.0,912.5,overstock,reduce_tail,clearance_or_exit,Слабый хвост: сокращать глубину и аккуратно распродавать.,3800.0,95.2665
Платье тонкое трикотажное косичка макси синий,dresses,1,2506,1,темно-синий,100.0,3.0,17252.0,0.0409,5750.67,5175.6,12076.4,70.0,3.0,17252.0,3,264.58,Z,C,CZ,7.0,851.7,overstock,exit_clearance,clearance_or_exit,Кандидат на вывод или жёсткую распродажу.,6400.0,95.3073
Юбка трикотажная прямая полынь макси,skirts,1,2153,1,полынь,100.0,5.0,17240.0,0.0408,3448.0,5172.0,12068.0,70.0,2.0,7220.0,4,239.17,Y,C,CY,0.0,,stockout,reduce_tail,clearance_or_exit,Слабый хвост: сокращать глубину и аккуратно распродавать.,3800.0,95.3482
Юбка прямая жатая с кружевом миди бежевый,skirts,1,2917,1,ванильно-шоколадный,100.0,3.0,17050.0,0.0404,5683.33,5115.0,11935.0,70.0,3.0,17050.0,1,479.58,Z,C,CZ,9.0,1095.0,overstock,exit_clearance,clearance_or_exit,Кандидат на вывод или жёсткую распродажу.,6200.0,95.3886
Палантин полимаркет в полоску,accessories,2,"2592, 2593",2,полынно-горчичный,66.67,3.0,16800.0,0.0398,5600.0,5040.0,11760.0,70.0,3.0,16800.0,1,479.58,Z,C,CZ,2.0,243.3,overstock,exit_clearance,clearance_or_exit,Кандидат на вывод или жёсткую распродажу.,5600.0,95.4283
Шапка половинка взрослая,accessories,10,"2848, 2851, 2874, 2875, 2878, 2902, 2903, 2910, 2911, 575",10,мятно-желтый,16.68,13.0,16788.0,0.0398,1291.38,5036.4,11751.6,70.0,13.0,16788.0,3,372.98,Z,C,CZ,62.0,1740.8,overstock,exit_clearance,clearance_or_exit,Кандидат на вывод или жёсткую распродажу.,1400.0,95.4681
Брюки классика вискоза корица в полоску,pants,1,2141,1,корица,100.0,5.0,16600.0,0.0393,3320.0,4980.0,11620.0,70.0,4.0,11560.0,4,239.17,Y,C,CY,9.0,821.2,overstock,reduce_tail,clearance_or_exit,Слабый хвост: сокращать глубину и аккуратно распродавать.,2500.0,95.5074
Жилет ромашки розово-белый,knitwear,1,898,1,нежно-розовый с молочным,100.0,5.0,16490.0,0.0391,3298.0,4947.0,11543.0,70.0,0.0,0.0,4,239.17,Y,C,CY,0.0,,no_signal,reduce_tail,clearance_or_exit,Слабый хвост: сокращать глубину и аккуратно распродавать.,,95.5465
Шапка взрослая шерсть темный,accessories,1,2233,1,маренго темный,100.0,11.0,16216.0,0.0384,1474.18,4864.8,11351.2,70.0,7.0,10112.0,4,288.48,Z,C,CZ,4.0,208.6,overstock,exit_clearance,clearance_or_exit,Кандидат на вывод или жёсткую распродажу.,1600.0,95.5849
Платье интерлок миди,dresses,1,830,1,черный,100.0,3.0,16200.0,0.0384,5400.0,4860.0,11340.0,70.0,1.0,7200.0,3,264.58,Z,C,CZ,-4.0,,stockout,exit_clearance,clearance_or_exit,Кандидат на вывод или жёсткую распродажу.,7200.0,95.6233
Юбка сливочно-желлтая XL,skirts,1,2394,0,без цвета,100.0,2.0,16200.0,0.0384,8100.0,4860.0,11340.0,70.0,2.0,16200.0,1,479.58,Z,C,CZ,0.0,,stockout,exit_clearance,clearance_or_exit,Кандидат на вывод или жёсткую распродажу.,8300.0,95.6617
Платье женское на запах олива,dresses,1,1197,1,оливковый,100.0,4.0,16160.0,0.0383,4040.0,4848.0,11312.0,70.0,1.0,3380.0,3,264.58,Z,C,CZ,0.0,,stockout,exit_clearance,clearance_or_exit,Кандидат на вывод или жёсткую распродажу.,3380.0,95.6999
Джемпер ромашки зелено-желтый,knitwear,1,849,1,нефритово-желтый,100.0,3.0,15900.0,0.0377,5300.0,4770.0,11130.0,70.0,0.0,0.0,2,331.66,Z,C,CZ,0.0,,no_signal,exit_clearance,clearance_or_exit,Кандидат на вывод или жёсткую распродажу.,,95.7376
Юбка лапша полынь макси,skirts,1,2080,1,полынь,100.0,5.0,15660.06,0.0371,3132.01,4698.02,10962.04,70.0,1.0,3420.0,4,239.17,Y,C,CY,-1.0,,stockout,reduce_tail,clearance_or_exit,Слабый хвост: сокращать глубину и аккуратно распродавать.,3800.0,95.7747
Джемпер алиса шерсть,knitwear,2,"2665, 2673",2,терракот,65.48,3.0,15624.0,0.037,5208.0,4687.2,10936.8,70.0,3.0,15624.0,2,351.19,Z,C,CZ,2.0,243.3,overstock,exit_clearance,clearance_or_exit,Кандидат на вывод или жёсткую распродажу.,6200.0,95.8117
Сарафан на завязках миди тенсел синий с голубым,dresses,1,2530,1,без цвета,52.63,2.0,15580.0,0.0369,7790.0,4674.0,10906.0,70.0,2.0,15580.0,1,479.58,Z,C,CZ,0.0,,stockout,exit_clearance,clearance_or_exit,Кандидат на вывод или жёсткую распродажу.,,95.8486
Юбка трикотажная в рубчик миди фуксия,skirts,1,1299,1,яркая фуксия,100.0,6.0,15540.0,0.0368,2590.0,4662.0,10878.0,70.0,3.0,6540.0,4,238.05,Y,C,CY,0.0,,stockout,reduce_tail,clearance_or_exit,Слабый хвост: сокращать глубину и аккуратно распродавать.,1500.0,95.8854
Зипка флисовая,tops_blouses,2,"2778, 2842",2,красный,73.91,4.0,15525.0,0.0368,3881.25,4657.5,10867.5,70.0,4.0,15525.0,2,374.17,Z,C,CZ,14.0,1277.5,overstock,exit_clearance,clearance_or_exit,Кандидат на вывод или жёсткую распродажу.,4500.0,95.9222
Платье комбинация макси нефрит,dresses,1,1076,1,зелёный нефритовый,100.0,4.0,15504.0,0.0367,3876.0,4651.2,10852.8,70.0,2.0,6384.0,3,282.84,Z,C,CZ,0.0,,stockout,exit_clearance,clearance_or_exit,Кандидат на вывод или жёсткую распродажу.,3360.0,95.9589
Кардиган на пуговицах,knitwear,1,2541,1,голубой меланж,100.0,7.0,15300.0,0.0362,2185.71,4590.0,10710.0,70.0,7.0,15300.0,4,251.93,Z,C,CZ,0.0,,stockout,exit_clearance,clearance_or_exit,Кандидат на вывод или жёсткую распродажу.,1500.0,95.9952
Рубашка джинсовая женская зебра,tops_blouses,1,2342,1,олива,100.0,3.0,15260.0,0.0361,5086.67,4578.0,10682.0,70.0,3.0,15260.0,3,264.58,Z,C,CZ,-1.0,,stockout,exit_clearance,clearance_or_exit,Кандидат на вывод или жёсткую распродажу.,6200.0,96.0313
Платье туника с разрезом макси,dresses,1,2800,1,пудровый,100.0,2.0,15200.0,0.036,7600.0,4560.0,10640.0,70.0,2.0,15200.0,2,331.66,Z,C,CZ,5.0,912.5,overstock,exit_clearance,clearance_or_exit,Кандидат на вывод или жёсткую распродажу.,7600.0,96.0673
Юбка трикотажная прямая серо-голубой миди,skirts,1,2883,1,серо-голубой,100.0,4.0,15200.0,0.036,3800.0,4560.0,10640.0,70.0,4.0,15200.0,2,374.17,Z,C,CZ,1.0,91.2,balanced,exit_clearance,clearance_or_exit,Кандидат на вывод или жёсткую распродажу.,3800.0,96.1033
Платье трикотажное ажур колоски макси синий,dresses,1,2446,1,темно-синий,100.0,2.0,15120.0,0.0358,7560.0,4536.0,10584.0,70.0,2.0,15120.0,1,479.58,Z,C,CZ,2.0,365.0,overstock,exit_clearance,clearance_or_exit,Кандидат на вывод или жёсткую распродажу.,8400.0,96.1391
Юбка вискоза макси,skirts,1,909,2,черная в мелкий цветок,50.13,6.0,15040.0,0.0356,2506.67,4512.0,10528.0,70.0,1.0,1700.0,4,264.58,Z,C,CZ,-1.0,,stockout,exit_clearance,clearance_or_exit,Кандидат на вывод или жёсткую распродажу.,1700.0,96.1748
Топ с горлом в рубчик фуксия,tops_blouses,1,1261,1,яркая фуксия,100.0,9.0,15030.0,0.0356,1670.0,4509.0,10521.0,70.0,6.0,8790.0,8,150.31,Y,C,CY,-4.0,,stockout,reduce_tail,clearance_or_exit,Слабый хвост: сокращать глубину и аккуратно распродавать.,1200.0,96.2104
Шапка взрослая сливочно-желтый,accessories,1,2349,1,светло-желтый,100.0,13.0,14924.0,0.0354,1148.0,4477.2,10446.8,70.0,11.0,12524.0,8,168.35,Y,C,CY,17.0,564.1,overstock,reduce_tail,clearance_or_exit,Слабый хвост: сокращать глубину и аккуратно распродавать.,1200.0,96.2457
Свитер с горлом зеленый,knitwear,1,57,1,эмеральд зеленый,100.0,6.0,14890.0,0.0353,2481.67,4467.0,10423.0,70.0,1.0,2400.0,4,238.05,Y,C,CY,0.0,,stockout,reduce_tail,clearance_or_exit,Слабый хвост: сокращать глубину и аккуратно распродавать.,,96.281
Свитер арлекино,knitwear,1,850,1,розовый-морская волна,100.0,3.0,14880.0,0.0352,4960.0,4464.0,10416.0,70.0,2.0,8680.0,3,264.58,Z,C,CZ,2.0,365.0,overstock,exit_clearance,clearance_or_exit,Кандидат на вывод или жёсткую распродажу.,4340.0,96.3162
Платье интерлок макси графит,dresses,1,2751,1,джинс,100.0,2.0,14820.0,0.0351,7410.0,4446.0,10374.0,70.0,2.0,14820.0,1,479.58,Z,C,CZ,2.0,365.0,overstock,exit_clearance,clearance_or_exit,Кандидат на вывод или жёсткую распродажу.,7800.0,96.3513
Рубашка лето женская вискоза,tops_blouses,1,2534,1,молочный,100.0,4.0,14820.0,0.0351,3705.0,4446.0,10374.0,70.0,4.0,14820.0,1,479.58,Z,C,CZ,0.0,,stockout,exit_clearance,clearance_or_exit,Кандидат на вывод или жёсткую распродажу.,,96.3864
Топ на бретелях в пайетках,tops_blouses,1,1095,1,черный,100.0,10.0,14800.02,0.0351,1480.0,4440.01,10360.01,70.0,4.0,4800.02,6,228.52,Y,C,CY,5.0,456.2,overstock,reduce_tail,clearance_or_exit,Слабый хвост: сокращать глубину и аккуратно распродавать.,1000.0,96.4215
Свитер кострома vвырез байкал,knitwear,1,1128,1,голубой Байкал,100.0,5.0,14760.0,0.035,2952.0,4428.0,10332.0,70.0,0.0,0.0,3,276.41,Z,C,CZ,0.0,,no_signal,exit_clearance,clearance_or_exit,Кандидат на вывод или жёсткую распродажу.,4200.0,96.4565
Джемпер алиса винный шерсть,knitwear,1,2133,1,винный,100.0,3.0,14756.0,0.035,4918.67,4426.8,10329.2,70.0,1.0,3906.0,2,351.19,Z,C,CZ,0.0,,stockout,exit_clearance,clearance_or_exit,Кандидат на вывод или жёсткую распродажу.,6200.0,96.4914
Свитер кострома синий,knitwear,1,2161,1,темно-синий,100.0,4.0,14640.0,0.0347,3660.0,4392.0,10248.0,70.0,1.0,4200.0,3,282.84,Z,C,CZ,0.0,,stockout,exit_clearance,clearance_or_exit,Кандидат на вывод или жёсткую распродажу.,4200.0,96.5261
Лонгслив трикотажный,tshirts_longsleeves,1,2905,1,ванильный,100.0,4.0,14580.0,0.0345,3645.0,4374.0,10206.0,70.0,4.0,14580.0,1,479.58,Z,C,CZ,6.0,547.5,overstock,exit_clearance,clearance_or_exit,Кандидат на вывод или жёсткую распродажу.,4200.0,96.5606
Майка трикотажная v-вырез серый меланж,tops_blouses,1,2377,1,жемчужно-серый,100.0,7.0,14454.0,0.0342,2064.86,4336.2,10117.8,70.0,7.0,14454.0,4,251.93,Z,C,CZ,4.0,208.6,overstock,exit_clearance,clearance_or_exit,Кандидат на вывод или жёсткую распродажу.,2200.0,96.5949
Джемпер грибочки нью мужской,knitwear,1,2759,1,изумруд-голубой,100.0,2.0,14400.0,0.0341,7200.0,4320.0,10080.0,70.0,2.0,14400.0,2,331.66,Z,C,CZ,3.0,547.5,overstock,exit_clearance,clearance_or_exit,Кандидат на вывод или жёсткую распродажу.,8200.0,96.629
Футболка женская оверсайз с декором бахрома,tshirts_longsleeves,3,"1213, 1215, 1216",3,черный,65.41,6.0,14196.0,0.0336,2366.0,4258.8,9937.2,70.0,0.0,0.0,3,331.66,Z,C,CZ,0.0,,no_signal,exit_clearance,clearance_or_exit,Кандидат на вывод или жёсткую распродажу.,2900.0,96.6626
Футболка трикотажная косичка трава,tshirts_longsleeves,1,2488,1,травяной,100.0,7.0,13900.0,0.0329,1985.71,4170.0,9730.0,70.0,7.0,13900.0,5,231.68,Y,C,CY,1.0,52.1,balanced,reduce_tail,clearance_or_exit,Слабый хвост: сокращать глубину и аккуратно распродавать.,1500.0,96.6955
Шарф взрослый шерсть горький шоколад,accessories,1,2237,1,махагон-горький шоколад,100.0,5.0,13740.0,0.0325,2748.0,4122.0,9618.0,70.0,1.0,2520.0,3,309.19,Z,C,CZ,0.0,,stockout,exit_clearance,clearance_or_exit,Кандидат на вывод или жёсткую распродажу.,3600.0,96.7281
Свитер кострома байкал,knitwear,1,1123,1,голубой Байкал,100.0,4.0,13694.0,0.0324,3423.5,4108.2,9585.8,70.0,0.0,0.0,3,264.58,Z,C,CZ,-1.0,,no_signal,exit_clearance,clearance_or_exit,Кандидат на вывод или жёсткую распродажу.,4200.0,96.7605
Платье одри макси полынь ворот стойка,dresses,1,2792,1,полынь,100.0,2.0,13680.0,0.0324,6840.0,4104.0,9576.0,70.0,2.0,13680.0,2,331.66,Z,C,CZ,2.0,365.0,overstock,exit_clearance,clearance_or_exit,Кандидат на вывод или жёсткую распродажу.,7200.0,96.7929
Платье одри макси шоколад круглый ворот,dresses,1,2601,1,шоколадный,100.0,2.0,13680.0,0.0324,6840.0,4104.0,9576.0,70.0,2.0,13680.0,1,479.58,Z,C,CZ,0.0,,stockout,exit_clearance,clearance_or_exit,Кандидат на вывод или жёсткую распродажу.,7200.0,96.8253
Юбка трикотажная прямая синий миди,skirts,1,2157,1,темно-синий,100.0,4.0,13608.0,0.0322,3402.0,4082.4,9525.6,70.0,1.0,3600.0,3,282.84,Z,C,CZ,0.0,,stockout,exit_clearance,clearance_or_exit,Кандидат на вывод или жёсткую распродажу.,3800.0,96.8576
Платье интерлок,dresses,2,"436, 498",2,бежевый,50.0,2.0,13600.0,0.0322,6800.0,4080.0,9520.0,70.0,0.0,0.0,2,331.66,Z,C,CZ,0.0,,no_signal,exit_clearance,clearance_or_exit,Кандидат на вывод или жёсткую распродажу.,,96.8898
Платье одри макси черный круглый ворот,dresses,1,2391,1,черный,100.0,2.0,13320.0,0.0316,6660.0,3996.0,9324.0,70.0,2.0,13320.0,2,331.66,Z,C,CZ,0.0,,stockout,exit_clearance,clearance_or_exit,Кандидат на вывод или жёсткую распродажу.,7200.0,96.9213
Свитер кострома серый,knitwear,1,1173,1,светло-серый,100.0,4.0,12965.0,0.0307,3241.25,3889.5,9075.5,70.0,0.0,0.0,1,479.58,Z,C,CZ,0.0,,no_signal,exit_clearance,clearance_or_exit,Кандидат на вывод или жёсткую распродажу.,4200.0,96.952
Юбка город корица макси,skirts,1,2556,1,корица,100.0,2.0,12960.0,0.0307,6480.0,3888.0,9072.0,70.0,2.0,12960.0,2,331.66,Z,C,CZ,0.0,,stockout,exit_clearance,clearance_or_exit,Кандидат на вывод или жёсткую распродажу.,7200.0,96.9827
Шарф взрослый горчица,accessories,1,249,1,горчичный,63.04,6.0,12825.0,0.0304,2137.5,3847.5,8977.5,70.0,2.0,3740.0,5,208.17,Y,C,CY,17.0,3102.5,overstock,reduce_tail,clearance_or_exit,Слабый хвост: сокращать глубину и аккуратно распродавать.,2600.0,97.0131
Джемпер кружево персик,knitwear,1,2765,1,бургунди-розовый,100.0,2.0,12580.0,0.0298,6290.0,3774.0,8806.0,70.0,2.0,12580.0,2,331.66,Z,C,CZ,3.0,547.5,overstock,exit_clearance,clearance_or_exit,Кандидат на вывод или жёсткую распродажу.,6600.0,97.0429
Кардиган стандарт интерлок,knitwear,1,2766,1,бургунди,100.0,2.0,12440.0,0.0295,6220.0,3732.0,8708.0,70.0,2.0,12440.0,2,331.66,Z,C,CZ,4.0,730.0,overstock,exit_clearance,clearance_or_exit,Кандидат на вывод или жёсткую распродажу.,7600.0,97.0724
Джемпер джеки нью интерлок полынь,knitwear,1,2611,1,зеленая полынь,100.0,2.0,12400.0,0.0294,6200.0,3720.0,8680.0,70.0,2.0,12400.0,2,331.66,Z,C,CZ,9.0,1642.5,overstock,exit_clearance,clearance_or_exit,Кандидат на вывод или жёсткую распродажу.,6200.0,97.1018
Юбка город в горох шоколад макси,skirts,1,2867,1,шоколадно-ванильный,100.0,2.0,12240.0,0.029,6120.0,3672.0,8568.0,70.0,2.0,12240.0,1,479.58,Z,C,CZ,0.0,,stockout,exit_clearance,clearance_or_exit,Кандидат на вывод или жёсткую распродажу.,7200.0,97.1308
Рюша для рубашки в,other,1,1191,1,в ассортименте,100.0,28.0,12182.5,0.0289,435.09,3654.75,8527.75,70.0,0.0,0.0,7,213.63,Y,C,CY,8.0,,deadstock,reduce_tail,clearance_or_exit,Слабый хвост: сокращать глубину и аккуратно распродавать.,450.0,97.1596
Пальто стеганое женское олива,outerwear,1,2118,1,оливковый,100.0,1.0,12000.0,0.0284,12000.0,3600.0,8400.0,70.0,0.0,0.0,1,479.58,Z,C,CZ,0.0,,no_signal,exit_clearance,clearance_or_exit,Кандидат на вывод или жёсткую распродажу.,,97.188
Шапка взрослая синий,accessories,1,374,1,Темно-синий,100.0,10.0,11948.0,0.0283,1194.8,3584.4,8363.6,70.0,1.0,980.0,6,218.17,Y,C,CY,10.0,3650.0,overstock,reduce_tail,clearance_or_exit,Слабый хвост: сокращать глубину и аккуратно распродавать.,1200.0,97.2163
Платье комбинация макси,dresses,1,1051,1,медный,100.0,3.0,11920.0,0.0282,3973.33,3576.0,8344.0,70.0,0.0,0.0,3,264.58,Z,C,CZ,0.0,,no_signal,exit_clearance,clearance_or_exit,Кандидат на вывод или жёсткую распродажу.,,97.2446
Жилет джинсовый небесно-голубой,pants,1,2472,1,голубой,100.0,3.0,11880.0,0.0281,3960.0,3564.0,8316.0,70.0,3.0,11880.0,2,351.19,Z,C,CZ,3.0,365.0,overstock,exit_clearance,clearance_or_exit,Кандидат на вывод или жёсткую распродажу.,4400.0,97.2727
Джемпер женский софи сливочная,knitwear,1,2567,1,ириска,100.0,2.0,11780.0,0.0279,5890.0,3534.0,8246.0,70.0,2.0,11780.0,2,331.66,Z,C,CZ,4.0,730.0,overstock,exit_clearance,clearance_or_exit,Кандидат на вывод или жёсткую распродажу.,6200.0,97.3006
Шопер трикотажный в полоску,accessories,1,2502,1,полынь-ваниль,100.0,3.0,11700.0,0.0277,3900.0,3510.0,8190.0,70.0,3.0,11700.0,1,479.58,Z,C,CZ,0.0,,stockout,exit_clearance,clearance_or_exit,Кандидат на вывод или жёсткую распродажу.,3900.0,97.3283
Юбка трикотажная софи ириска макси,skirts,1,2568,1,ириска,100.0,2.0,11700.0,0.0277,5850.0,3510.0,8190.0,70.0,2.0,11700.0,2,331.66,Z,C,CZ,2.0,365.0,overstock,exit_clearance,clearance_or_exit,Кандидат на вывод или жёсткую распродажу.,6200.0,97.3561
Джемпер джеки шерсть алый,knitwear,1,1050,1,красно-алый,100.0,2.0,11680.0,0.0277,5840.0,3504.0,8176.0,70.0,1.0,6480.0,2,331.66,Z,C,CZ,2.0,730.0,overstock,exit_clearance,clearance_or_exit,Кандидат на вывод или жёсткую распродажу.,7200.0,97.3837
Шарф взрослый бордо,accessories,1,801,1,красный бордо,100.0,6.0,11670.0,0.0276,1945.0,3501.0,8169.0,70.0,1.0,1400.0,3,331.66,Z,C,CZ,5.0,1825.0,overstock,exit_clearance,clearance_or_exit,Кандидат на вывод или жёсткую распродажу.,2600.0,97.4114
Джемпер детский ромашки морская волна,knitwear,1,872,1,морская волна-розовый,100.0,3.0,11640.0,0.0276,3880.0,3492.0,8148.0,70.0,1.0,3600.0,3,264.58,Z,C,CZ,0.0,,stockout,exit_clearance,clearance_or_exit,Кандидат на вывод или жёсткую распродажу.,1500.0,97.4389
Юбка в пайетках серебро,skirts,1,1155,1,белое серебро,100.0,4.0,11620.0,0.0275,2905.0,3486.0,8134.0,70.0,1.0,1800.0,3,282.84,Z,C,CZ,0.0,,stockout,exit_clearance,clearance_or_exit,Кандидат на вывод или жёсткую распродажу.,1800.0,97.4665
Куртка стеганая женская голубой круглый ворот,outerwear,1,2112,1,голубой,100.0,2.0,11300.0,0.0268,5650.0,3390.0,7910.0,70.0,2.0,11300.0,2,331.66,Z,C,CZ,1.0,182.5,overstock,exit_clearance,clearance_or_exit,Кандидат на вывод или жёсткую распродажу.,3500.0,97.4932
Шапка взрослая манго шерсть,accessories,1,2164,1,манго,100.0,6.0,11220.0,0.0266,1870.0,3366.0,7854.0,70.0,2.0,3020.0,4,238.05,Y,C,CY,2.0,365.0,overstock,reduce_tail,clearance_or_exit,Слабый хвост: сокращать глубину и аккуратно распродавать.,1600.0,97.5198
Шапка взрослая темный беж,accessories,1,2120,1,темный капучино,100.0,7.0,11200.0,0.0265,1600.0,3360.0,7840.0,70.0,3.0,2400.0,2,335.33,Z,C,CZ,-2.0,,stockout,exit_clearance,clearance_or_exit,Кандидат на вывод или жёсткую распродажу.,1200.0,97.5463
Джемпер джеки шерсть шоколад,knitwear,1,825,1,горький шоколад,100.0,2.0,11160.0,0.0264,5580.0,3348.0,7812.0,70.0,0.0,0.0,1,479.58,Z,C,CZ,1.0,,deadstock,exit_clearance,clearance_or_exit,Кандидат на вывод или жёсткую распродажу.,6900.0,97.5728
Юбка трикотажная прямая графит макси,skirts,1,2222,1,графит,100.0,3.0,11020.0,0.0261,3673.33,3306.0,7714.0,70.0,2.0,7220.0,3,264.58,Z,C,CZ,1.0,182.5,overstock,exit_clearance,clearance_or_exit,Кандидат на вывод или жёсткую распродажу.,3800.0,97.5989
Плед трикотажный травяной,accessories,1,1321,1,молочно-травяной,100.0,2.0,11000.0,0.0261,5500.0,3300.0,7700.0,70.0,2.0,11000.0,2,331.66,Z,C,CZ,2.0,365.0,overstock,exit_clearance,clearance_or_exit,Кандидат на вывод или жёсткую распродажу.,6900.0,97.6249
Снуд алый,accessories,1,590,1,красный алый,100.0,23.0,11000.0,0.0261,478.26,3300.0,7700.0,70.0,11.0,5100.0,8,184.41,Y,C,CY,10.0,331.8,overstock,reduce_tail,clearance_or_exit,Слабый хвост: сокращать глубину и аккуратно распродавать.,500.0,97.651
Почта России,other,1,1164,0,без цвета,100.0,20.0,10657.8,0.0252,532.89,3197.34,7460.46,70.0,3.0,2046.0,9,175.5,Y,C,CY,0.0,,stockout,reduce_tail,clearance_or_exit,Слабый хвост: сокращать глубину и аккуратно распродавать.,,97.6762
Юбка трикотажная прямая светлый беж миди,skirts,1,2621,1,светлый беж,100.0,3.0,10450.0,0.0248,3483.33,3135.0,7315.0,70.0,3.0,10450.0,2,351.19,Z,C,CZ,1.0,121.7,overstock,exit_clearance,clearance_or_exit,Кандидат на вывод или жёсткую распродажу.,3800.0,97.701
Джемпер ромашки морская волна,knitwear,1,865,1,морская волна-лаванда,100.0,2.0,10400.0,0.0246,5200.0,3120.0,7280.0,70.0,0.0,0.0,1,479.58,Z,C,CZ,0.0,,no_signal,exit_clearance,clearance_or_exit,Кандидат на вывод или жёсткую распродажу.,,97.7256
Снуд байкал,accessories,1,1060,1,голубой Байкал,100.0,19.0,10385.0,0.0246,546.58,3115.5,7269.5,70.0,6.0,2720.0,11,145.76,X,C,CX,-2.0,,stockout,niche_keep_small,keep_small_depth,Нишевой стабильный хвост: держать минимальной глубиной.,500.0,97.7502
Шапка взрослая меринос яркая фуксия,accessories,1,788,1,ярко-розовый,100.0,4.0,10280.0,0.0244,2570.0,3084.0,7196.0,70.0,0.0,0.0,4,223.61,Y,C,CY,0.0,,no_signal,reduce_tail,clearance_or_exit,Слабый хвост: сокращать глубину и аккуратно распродавать.,,97.7746
Лонгслив трикотажный ромашки,tshirts_longsleeves,1,2846,1,светлая олива,100.0,3.0,10260.0,0.0243,3420.0,3078.0,7182.0,70.0,3.0,10260.0,1,479.58,Z,C,CZ,5.0,608.3,overstock,exit_clearance,clearance_or_exit,Кандидат на вывод или жёсткую распродажу.,3800.0,97.7989
Платье ирис из вискозы,dresses,1,1329,1,черный,100.0,2.0,10260.0,0.0243,5130.0,3078.0,7182.0,70.0,0.0,0.0,2,331.66,Z,C,CZ,0.0,,no_signal,exit_clearance,clearance_or_exit,Кандидат на вывод или жёсткую распродажу.,6200.0,97.8232
Футболка женская с декором желтая,tshirts_longsleeves,1,1340,1,лимонный,100.0,4.0,9990.0,0.0237,2497.5,2997.0,6993.0,70.0,0.0,0.0,3,282.84,Z,C,CZ,0.0,,no_signal,exit_clearance,clearance_or_exit,Кандидат на вывод или жёсткую распродажу.,,97.8469
Платье интерлок макси олива,dresses,1,1057,1,оливковый,100.0,2.0,9980.0,0.0236,4990.0,2994.0,6986.0,70.0,0.0,0.0,1,479.58,Z,C,CZ,0.0,,no_signal,exit_clearance,clearance_or_exit,Кандидат на вывод или жёсткую распродажу.,7800.0,97.8705
Шапка взрослая травяной-пудра,accessories,1,588,1,зеленый травяной-пудра,100.0,7.0,9840.0,0.0233,1405.71,2952.0,6888.0,70.0,0.0,0.0,5,209.47,Y,C,CY,1.0,,deadstock,reduce_tail,clearance_or_exit,Слабый хвост: сокращать глубину и аккуратно распродавать.,1400.0,97.8938
Кардиган на пуговицах беж,knitwear,1,61,1,светлый беж,100.0,3.0,9610.0,0.0228,3203.33,2883.0,6727.0,70.0,1.0,3510.0,3,264.58,Z,C,CZ,0.0,,stockout,exit_clearance,clearance_or_exit,Кандидат на вывод или жёсткую распродажу.,3900.0,97.9166
Кардиган,knitwear,2,"31, 37",2,фуксия,77.08,4.0,9600.0,0.0227,2400.0,2880.0,6720.0,70.0,0.0,0.0,3,282.84,Z,C,CZ,0.0,,no_signal,exit_clearance,clearance_or_exit,Кандидат на вывод или жёсткую распродажу.,,97.9393
Плед,accessories,1,1277,1,Лаймово-молочный,100.0,2.0,9600.0,0.0227,4800.0,2880.0,6720.0,70.0,0.0,0.0,1,479.58,Z,C,CZ,1.0,,deadstock,exit_clearance,clearance_or_exit,Кандидат на вывод или жёсткую распродажу.,6900.0,97.962
Свитер кострома лосось,knitwear,1,1120,1,лососеввый,100.0,3.0,9600.0,0.0227,3200.0,2880.0,6720.0,70.0,0.0,0.0,1,479.58,Z,C,CZ,0.0,,no_signal,exit_clearance,clearance_or_exit,Кандидат на вывод или жёсткую распродажу.,4200.0,97.9848
Платье женское на запах,dresses,1,1198,1,корица,100.0,3.0,9580.0,0.0227,3193.33,2874.0,6706.0,70.0,0.0,0.0,2,351.19,Z,C,CZ,0.0,,no_signal,exit_clearance,clearance_or_exit,Кандидат на вывод или жёсткую распродажу.,,98.0075
Худи женское с капюшоном бежевый,tops_blouses,1,1297,1,теплый беж,100.0,2.0,9540.0,0.0226,4770.0,2862.0,6678.0,70.0,1.0,3640.0,2,331.66,Z,C,CZ,3.0,1095.0,overstock,exit_clearance,clearance_or_exit,Кандидат на вывод или жёсткую распродажу.,3640.0,98.0301
Топ на бретелях муслин,tops_blouses,3,"2520, 720, 948",3,белый,64.5,6.0,9521.0,0.0226,1586.83,2856.3,6664.7,70.0,1.0,1690.0,3,331.66,Z,C,CZ,5.0,1825.0,overstock,exit_clearance,clearance_or_exit,Кандидат на вывод или жёсткую распродажу.,2400.0,98.0526
Футболка трикотажная косичка тауп l-xl,tshirts_longsleeves,1,2524,1,тауп,100.0,3.0,9504.0,0.0225,3168.0,2851.2,6652.8,70.0,3.0,9504.0,2,351.19,Z,C,CZ,0.0,,stockout,exit_clearance,clearance_or_exit,Кандидат на вывод или жёсткую распродажу.,,98.0751
Шарф взрослый травяной,accessories,1,268,1,зеленый травяной,100.0,4.0,9440.0,0.0224,2360.0,2832.0,6608.0,70.0,2.0,4740.0,4,223.61,Y,C,CY,1.0,182.5,overstock,reduce_tail,clearance_or_exit,Слабый хвост: сокращать глубину и аккуратно распродавать.,2600.0,98.0975
Шапка мужская бини джинс,accessories,1,1018,1,синий джинс,100.0,10.0,9205.0,0.0218,920.5,2761.5,6443.5,70.0,5.0,4310.0,6,185.59,Y,C,CY,4.0,292.0,overstock,reduce_tail,clearance_or_exit,Слабый хвост: сокращать глубину и аккуратно распродавать.,900.0,98.1193
Топ с горлом в рубчик лайм,tops_blouses,1,1206,1,светлый лайм,100.0,4.0,9200.0,0.0218,2300.0,2760.0,6440.0,70.0,0.0,0.0,2,351.19,Z,C,CZ,0.0,,no_signal,exit_clearance,clearance_or_exit,Кандидат на вывод или жёсткую распродажу.,2400.0,98.1411
жилет двусторонний стеганый,knitwear,1,2380,0,без цвета,100.0,2.0,9180.0,0.0217,4590.0,2754.0,6426.0,70.0,2.0,9180.0,2,331.66,Z,C,CZ,0.0,,stockout,exit_clearance,clearance_or_exit,Кандидат на вывод или жёсткую распродажу.,,98.1628
Джемпер ромашки зелено-белые,knitwear,1,880,1,нефритово-белый,100.0,2.0,9000.0,0.0213,4500.0,2700.0,6300.0,70.0,0.0,0.0,1,479.58,Z,C,CZ,0.0,,no_signal,exit_clearance,clearance_or_exit,Кандидат на вывод или жёсткую распродажу.,,98.1842
Снуд брусника,accessories,1,803,1,брусничный,100.0,19.0,8999.0,0.0213,473.63,2699.7,6299.3,70.0,7.0,3184.0,8,182.25,Y,C,CY,4.0,208.6,overstock,reduce_tail,clearance_or_exit,Слабый хвост: сокращать глубину и аккуратно распродавать.,500.0,98.2055
Брюки трикотаж голубой,pants,1,519,1,серо-голубой,100.0,3.0,8980.0,0.0213,2993.33,2694.0,6286.0,70.0,1.0,2300.0,3,264.58,Z,C,CZ,3.0,1095.0,overstock,exit_clearance,clearance_or_exit,Кандидат на вывод или жёсткую распродажу.,2300.0,98.2268
Палантин в полоску,accessories,2,"2589, 2591",2,оранжево-лососевый,51.28,2.0,8970.0,0.0212,4485.0,2691.0,6279.0,70.0,2.0,8970.0,2,331.66,Z,C,CZ,0.0,,stockout,exit_clearance,clearance_or_exit,Кандидат на вывод или жёсткую распродажу.,,98.248
Свитер базовый с горлом шерсть голубой,knitwear,1,2131,1,небесно-голубой,100.0,2.0,8700.0,0.0206,4350.0,2610.0,6090.0,70.0,1.0,2500.0,2,331.66,Z,C,CZ,0.0,,stockout,exit_clearance,clearance_or_exit,Кандидат на вывод или жёсткую распродажу.,2500.0,98.2686
Шарф взрослый синий,accessories,1,263,1,электрик синий,100.0,4.0,8600.0,0.0204,2150.0,2580.0,6020.0,70.0,3.0,7400.0,4,223.61,Y,C,CY,0.0,,stockout,reduce_tail,clearance_or_exit,Слабый хвост: сокращать глубину и аккуратно распродавать.,2600.0,98.289
Свеча в стеклянной баночке в ассортименте,other,1,2255,0,без цвета,100.0,11.0,8540.0,0.0202,776.36,2562.0,5978.0,70.0,0.0,0.0,1,479.58,Z,C,CZ,5.0,,deadstock,exit_clearance,clearance_or_exit,Кандидат на вывод или жёсткую распродажу.,800.0,98.3092
Юбка трикотажная мини а-силуэта,skirts,2,"2854, 2892",2,светлый беж,69.58,3.0,8416.0,0.0199,2805.33,2524.8,5891.2,70.0,3.0,8416.0,2,351.19,Z,C,CZ,17.0,2068.3,overstock,exit_clearance,clearance_or_exit,Кандидат на вывод или жёсткую распродажу.,3200.0,98.3291
Юбка джинсовая мини зебра,skirts,1,2306,1,оливковый,100.0,2.0,8400.0,0.0199,4200.0,2520.0,5880.0,70.0,1.0,4200.0,2,331.66,Z,C,CZ,1.0,365.0,overstock,exit_clearance,clearance_or_exit,Кандидат на вывод или жёсткую распродажу.,4200.0,98.349
Брюки слив заказные 54,pants,1,2405,0,без цвета,100.0,1.0,8300.0,0.0197,8300.0,2490.0,5810.0,70.0,1.0,8300.0,1,479.58,Z,C,CZ,0.0,,stockout,exit_clearance,clearance_or_exit,Кандидат на вывод или жёсткую распродажу.,8300.0,98.3687
Шарф взрослый манго,accessories,1,248,1,желтый манго,100.0,4.0,8212.0,0.0195,2053.0,2463.6,5748.4,70.0,1.0,1400.0,4,223.61,Y,C,CY,7.0,2555.0,overstock,reduce_tail,clearance_or_exit,Слабый хвост: сокращать глубину и аккуратно распродавать.,2600.0,98.3882
Платье женское на запах сирень,dresses,1,1196,1,пыльная сирень,100.0,2.0,8060.0,0.0191,4030.0,2418.0,5642.0,70.0,1.0,3380.0,2,331.66,Z,C,CZ,0.0,,stockout,exit_clearance,clearance_or_exit,Кандидат на вывод или жёсткую распродажу.,,98.4072
Тельняшка тонкая лайм-лаванда,tshirts_longsleeves,1,853,1,яркий лайм-лаванда,100.0,4.0,8025.0,0.019,2006.25,2407.5,5617.5,70.0,0.0,0.0,3,282.84,Z,C,CZ,0.0,,no_signal,exit_clearance,clearance_or_exit,Кандидат на вывод или жёсткую распродажу.,,98.4263
Брюки хлопок широкие в полоску,pants,1,969,1,розово-голубой,100.0,3.0,7820.0,0.0185,2606.67,2346.0,5474.0,70.0,0.0,0.0,2,351.19,Z,C,CZ,0.0,,no_signal,exit_clearance,clearance_or_exit,Кандидат на вывод или жёсткую распродажу.,,98.4448
Куртка стеганая женская графит круглый ворот,outerwear,1,2130,1,графит,100.0,1.0,7800.0,0.0185,7800.0,2340.0,5460.0,70.0,0.0,0.0,1,479.58,Z,C,CZ,0.0,,no_signal,exit_clearance,clearance_or_exit,Кандидат на вывод или жёсткую распродажу.,,98.4633
Шарф взрослый сирень,accessories,1,251,1,темно-сиреневый,100.0,4.0,7800.0,0.0185,1950.0,2340.0,5460.0,70.0,1.0,1400.0,4,223.61,Y,C,CY,1.0,365.0,overstock,reduce_tail,clearance_or_exit,Слабый хвост: сокращать глубину и аккуратно распродавать.,2600.0,98.4817
Тельняшка тонкая оранжевый,tshirts_longsleeves,1,643,1,бело-оранжевый,100.0,5.0,7700.0,0.0182,1540.0,2310.0,5390.0,70.0,3.0,3000.0,4,239.17,Y,C,CY,0.0,,stockout,reduce_tail,clearance_or_exit,Слабый хвост: сокращать глубину и аккуратно распродавать.,,98.5
Юбка джинсовая мини,skirts,1,2385,1,графит,100.0,2.0,7686.0,0.0182,3843.0,2305.8,5380.2,70.0,2.0,7686.0,2,331.66,Z,C,CZ,0.0,,stockout,exit_clearance,clearance_or_exit,Кандидат на вывод или жёсткую распродажу.,4200.0,98.5182
Юбка трикотажная прямая серо-голубой макси,skirts,1,2882,1,серо-голубой,100.0,2.0,7600.0,0.018,3800.0,2280.0,5320.0,70.0,2.0,7600.0,1,479.58,Z,C,CZ,2.0,365.0,overstock,exit_clearance,clearance_or_exit,Кандидат на вывод или жёсткую распродажу.,3800.0,98.5362
Юбка лапша бургунди миди,skirts,1,2700,1,бургунди,100.0,2.0,7410.0,0.0176,3705.0,2223.0,5187.0,70.0,2.0,7410.0,1,479.58,Z,C,CZ,4.0,730.0,overstock,exit_clearance,clearance_or_exit,Кандидат на вывод или жёсткую распродажу.,3800.0,98.5537
Юбка фланель мини в клетку шоко с,skirts,1,2660,2,молочно-шоколалный,51.28,2.0,7410.0,0.0176,3705.0,2223.0,5187.0,70.0,2.0,7410.0,1,479.58,Z,C,CZ,-1.0,,stockout,exit_clearance,clearance_or_exit,Кандидат на вывод или жёсткую распродажу.,3800.0,98.5713
Сарафан на завязках мини тенсел горох синий,dresses,1,2529,1,молочный в горох,100.0,1.0,7400.0,0.0175,7400.0,2220.0,5180.0,70.0,1.0,7400.0,1,479.58,Z,C,CZ,1.0,365.0,overstock,exit_clearance,clearance_or_exit,Кандидат на вывод или жёсткую распродажу.,6100.0,98.5888
Джемпер мужской грибочки нью,knitwear,1,2754,1,оранжевый-маренго,100.0,1.0,7380.0,0.0175,7380.0,2214.0,5166.0,70.0,1.0,7380.0,1,479.58,Z,C,CZ,3.0,1095.0,overstock,exit_clearance,clearance_or_exit,Кандидат на вывод или жёсткую распродажу.,8200.0,98.6063
Шорты вискоза синий,pants,1,2483,1,темно-синий,100.0,4.0,7220.0,0.0171,1805.0,2166.0,5054.0,70.0,4.0,7220.0,3,282.84,Z,C,CZ,0.0,,stockout,exit_clearance,clearance_or_exit,Кандидат на вывод или жёсткую распродажу.,1900.0,98.6234
Юбка трикотаж а-силуэта,skirts,2,"2459, 2617",2,серый,52.63,2.0,7220.0,0.0171,3610.0,2166.0,5054.0,70.0,2.0,7220.0,1,479.58,Z,C,CZ,0.0,,stockout,exit_clearance,clearance_or_exit,Кандидат на вывод или жёсткую распродажу.,3800.0,98.6405
Юбка трикотажная прямая серо-лавандовый макси,skirts,1,2740,1,серо-лавандовый,100.0,2.0,7220.0,0.0171,3610.0,2166.0,5054.0,70.0,2.0,7220.0,1,479.58,Z,C,CZ,1.0,182.5,overstock,exit_clearance,clearance_or_exit,Кандидат на вывод или жёсткую распродажу.,3800.0,98.6576
Джемпер вспышка,knitwear,1,2730,1,изумрудно-сливовый,100.0,1.0,7200.0,0.0171,7200.0,2160.0,5040.0,70.0,1.0,7200.0,1,479.58,Z,C,CZ,0.0,,stockout,exit_clearance,clearance_or_exit,Кандидат на вывод или жёсткую распродажу.,7200.0,98.6747
Платье интерлок миди олива,dresses,1,2363,1,оливковый,100.0,1.0,7200.0,0.0171,7200.0,2160.0,5040.0,70.0,1.0,7200.0,1,479.58,Z,C,CZ,-1.0,,stockout,exit_clearance,clearance_or_exit,Кандидат на вывод или жёсткую распродажу.,7200.0,98.6917
Платье одри макси тауп ворот стойка,dresses,1,2650,1,тауп,100.0,1.0,7200.0,0.0171,7200.0,2160.0,5040.0,70.0,1.0,7200.0,1,479.58,Z,C,CZ,0.0,,stockout,exit_clearance,clearance_or_exit,Кандидат на вывод или жёсткую распродажу.,7200.0,98.7088
Юбка трикотажная прямая шоколад макси,skirts,1,2155,1,шоколадный,100.0,2.0,7030.0,0.0167,3515.0,2109.0,4921.0,70.0,2.0,7030.0,2,331.66,Z,C,CZ,3.0,547.5,overstock,exit_clearance,clearance_or_exit,Кандидат на вывод или жёсткую распродажу.,3800.0,98.7254
Кардиган средней длины манго,knitwear,1,33,1,желтый манго,100.0,3.0,7000.0,0.0166,2333.33,2100.0,4900.0,70.0,0.0,0.0,2,351.19,Z,C,CZ,0.0,,no_signal,exit_clearance,clearance_or_exit,Кандидат на вывод или жёсткую распродажу.,,98.742
Юбка в пайетках,skirts,1,1156,1,черный,100.0,3.0,7000.0,0.0166,2333.33,2100.0,4900.0,70.0,1.0,1800.0,2,351.19,Z,C,CZ,0.0,,stockout,exit_clearance,clearance_or_exit,Кандидат на вывод или жёсткую распродажу.,1800.0,98.7586
Топ на бретелях атлас леопард,tops_blouses,1,2291,1,шоколадный,100.0,5.0,6960.0,0.0165,1392.0,2088.0,4872.0,70.0,5.0,6960.0,4,239.17,Y,C,CY,-1.0,,stockout,reduce_tail,clearance_or_exit,Слабый хвост: сокращать глубину и аккуратно распродавать.,1200.0,98.7751
Шопер трикотажный в полоску полимаркет,accessories,1,2500,1,серо-голубой-ваниль,100.0,2.0,6910.0,0.0164,3455.0,2073.0,4837.0,70.0,2.0,6910.0,2,331.66,Z,C,CZ,1.0,182.5,overstock,exit_clearance,clearance_or_exit,Кандидат на вывод или жёсткую распродажу.,3900.0,98.7914
Плед трикотажный полимаркет в полоску,accessories,1,2501,1,серо-голубой-полынь-ваниль,100.0,1.0,6900.0,0.0163,6900.0,2070.0,4830.0,70.0,1.0,6900.0,1,479.58,Z,C,CZ,2.0,730.0,overstock,exit_clearance,clearance_or_exit,Кандидат на вывод или жёсткую распродажу.,6900.0,98.8078
Снуд капучино,accessories,1,1036,1,бежевый капучино,100.0,13.0,6875.0,0.0163,528.85,2062.5,4812.5,70.0,6.0,2775.0,6,223.61,Y,C,CY,6.0,365.0,overstock,reduce_tail,clearance_or_exit,Слабый хвост: сокращать глубину и аккуратно распродавать.,500.0,98.8241
Джемпер джеки нью интерлок шерсть зеленое яблоко,knitwear,1,2732,1,оливковый,100.0,1.0,6840.0,0.0162,6840.0,2052.0,4788.0,70.0,1.0,6840.0,1,479.58,Z,C,CZ,2.0,730.0,overstock,exit_clearance,clearance_or_exit,Кандидат на вывод или жёсткую распродажу.,7200.0,98.8403
Джемпер кувшинки джинс-молочный,pants,1,2815,1,синий джинс-молочный,100.0,1.0,6840.0,0.0162,6840.0,2052.0,4788.0,70.0,1.0,6840.0,1,479.58,Z,C,CZ,0.0,,stockout,exit_clearance,clearance_or_exit,Кандидат на вывод или жёсткую распродажу.,7200.0,98.8565
Жилет ромашки серо-лавандовый,knitwear,1,896,1,светло-серый с лавандовым,100.0,2.0,6800.0,0.0161,3400.0,2040.0,4760.0,70.0,0.0,0.0,0,,Z,C,CZ,0.0,,no_signal,exit_clearance,clearance_or_exit,Кандидат на вывод или жёсткую распродажу.,,98.8726
Топ на широких бретелях пайетки,tops_blouses,1,2214,1,черный,100.0,4.0,6606.0,0.0156,1651.5,1981.8,4624.2,70.0,3.0,4806.0,4,223.61,Y,C,CY,4.0,486.7,overstock,reduce_tail,clearance_or_exit,Слабый хвост: сокращать глубину и аккуратно распродавать.,1000.0,98.8882
Снуд шерсть олива,accessories,1,2114,1,оливковый,100.0,9.0,6560.0,0.0155,728.89,1968.0,4592.0,70.0,4.0,3120.0,6,185.59,Y,C,CY,11.0,1003.8,overstock,reduce_tail,clearance_or_exit,Слабый хвост: сокращать глубину и аккуратно распродавать.,800.0,98.9038
Плед трикотажный бантики,accessories,1,2738,1,бургунди-розовый,100.0,1.0,6555.0,0.0155,6555.0,1966.5,4588.5,70.0,1.0,6555.0,1,479.58,Z,C,CZ,0.0,,stockout,exit_clearance,clearance_or_exit,Кандидат на вывод или жёсткую распродажу.,6900.0,98.9193
Палантин трикотажный листочки орех-молочный,accessories,1,1105,1,молочно-ореховый,100.0,2.0,6520.0,0.0154,3260.0,1956.0,4564.0,70.0,0.0,0.0,1,479.58,Z,C,CZ,1.0,,deadstock,exit_clearance,clearance_or_exit,Кандидат на вывод или жёсткую распродажу.,4600.0,98.9347
Платье на запах муслин,dresses,1,701,1,черный,100.0,2.0,6500.0,0.0154,3250.0,1950.0,4550.0,70.0,0.0,0.0,2,331.66,Z,C,CZ,0.0,,no_signal,exit_clearance,clearance_or_exit,Кандидат на вывод или жёсткую распродажу.,,98.9501
Пальто женское укороченное,outerwear,1,1235,1,лаймовый,100.0,1.0,6491.3,0.0154,6491.3,1947.39,4543.91,70.0,0.0,0.0,1,479.58,Z,C,CZ,0.0,,no_signal,exit_clearance,clearance_or_exit,Кандидат на вывод или жёсткую распродажу.,6500.0,98.9655
Юбка город в горох ваниль макси,skirts,1,2866,1,ванильно-шоколадный,100.0,1.0,6480.0,0.0153,6480.0,1944.0,4536.0,70.0,1.0,6480.0,1,479.58,Z,C,CZ,9.0,3285.0,overstock,exit_clearance,clearance_or_exit,Кандидат на вывод или жёсткую распродажу.,7200.0,98.9809
Свитер кострома v-вырез джинс,pants,1,1084,1,синий джинс,100.0,2.0,6430.0,0.0152,3215.0,1929.0,4501.0,70.0,0.0,0.0,2,331.66,Z,C,CZ,0.0,,no_signal,exit_clearance,clearance_or_exit,Кандидат на вывод или жёсткую распродажу.,4200.0,98.9961
Свитер кострома v-вырез бежевый,knitwear,1,609,1,теплый беж,100.0,2.0,6420.0,0.0152,3210.0,1926.0,4494.0,70.0,1.0,3420.0,2,331.66,Z,C,CZ,-2.0,,stockout,exit_clearance,clearance_or_exit,Кандидат на вывод или жёсткую распродажу.,3800.0,99.0113
Комбинация вискоза,other,1,2504,1,бежевый,100.0,5.0,6400.0,0.0152,1280.0,1920.0,4480.0,70.0,5.0,6400.0,4,239.17,Y,C,CY,0.0,,stockout,reduce_tail,clearance_or_exit,Слабый хвост: сокращать глубину и аккуратно распродавать.,1400.0,99.0265
Костюм женский жасмин,suits,1,2713,1,Черный металик,100.0,1.0,6324.0,0.015,6324.0,1897.2,4426.8,70.0,1.0,6324.0,1,479.58,Z,C,CZ,7.0,2555.0,overstock,exit_clearance,clearance_or_exit,Кандидат на вывод или жёсткую распродажу.,4000.0,99.0414
Тельняшка тонкая синий,tshirts_longsleeves,1,644,1,морская волна-белый,100.0,3.0,6270.0,0.0149,2090.0,1881.0,4389.0,70.0,0.0,0.0,3,264.58,Z,C,CZ,0.0,,no_signal,exit_clearance,clearance_or_exit,Кандидат на вывод или жёсткую распродажу.,,99.0563
Футболка женская оверсайз олива,tshirts_longsleeves,1,1141,1,оливковый,100.0,4.0,6226.0,0.0147,1556.5,1867.8,4358.2,70.0,1.0,1615.0,2,331.66,Z,C,CZ,0.0,,stockout,exit_clearance,clearance_or_exit,Кандидат на вывод или жёсткую распродажу.,1900.0,99.071
Джемпер джаред оверсайз розовый,knitwear,1,976,1,зефирный розовый,100.0,1.0,6200.0,0.0147,6200.0,1860.0,4340.0,70.0,0.0,0.0,1,479.58,Z,C,CZ,0.0,,no_signal,exit_clearance,clearance_or_exit,Кандидат на вывод или жёсткую распродажу.,,99.0857
Свитер с горлом олива,knitwear,1,856,1,оливковый,100.0,3.0,6200.0,0.0147,2066.67,1860.0,4340.0,70.0,2.0,3800.0,3,264.58,Z,C,CZ,0.0,,stockout,exit_clearance,clearance_or_exit,Кандидат на вывод или жёсткую распродажу.,1900.0,99.1004
Брюки трикотажные ажур бриз,pants,1,2476,1,ванильный,100.0,1.0,6150.0,0.0146,6150.0,1845.0,4305.0,70.0,1.0,6150.0,1,479.58,Z,C,CZ,0.0,,stockout,exit_clearance,clearance_or_exit,Кандидат на вывод или жёсткую распродажу.,8200.0,99.115
Шапка мужская бини синий,accessories,1,1020,1,темно-синий,87.8,7.0,6150.0,0.0146,878.57,1845.0,4305.0,70.0,3.0,2700.0,7,155.84,Y,C,CY,2.0,243.3,overstock,reduce_tail,clearance_or_exit,Слабый хвост: сокращать глубину и аккуратно распродавать.,900.0,99.1296
Костюм кострома,suits,1,757,1,хаки,100.0,1.0,6120.0,0.0145,6120.0,1836.0,4284.0,70.0,0.0,0.0,1,479.58,Z,C,CZ,0.0,,no_signal,exit_clearance,clearance_or_exit,Кандидат на вывод или жёсткую распродажу.,,99.1441
Платье интерлок шерсть миди горький шоколад,dresses,1,2267,1,махагон-горький шоколад,100.0,1.0,6120.0,0.0145,6120.0,1836.0,4284.0,70.0,0.0,0.0,1,479.58,Z,C,CZ,0.0,,no_signal,exit_clearance,clearance_or_exit,Кандидат на вывод или жёсткую распродажу.,8600.0,99.1586
Топ с горлом в рубчик шоко,tops_blouses,1,2057,1,шоколадный,100.0,4.0,6000.0,0.0142,1500.0,1800.0,4200.0,70.0,2.0,2160.0,3,282.84,Z,C,CZ,0.0,,stockout,exit_clearance,clearance_or_exit,Кандидат на вывод или жёсткую распродажу.,,99.1728
Рубашка мужская oversize фланель орех,tops_blouses,1,1066,1,шоколадно-ореховый,100.0,1.0,5900.0,0.014,5900.0,1770.0,4130.0,70.0,0.0,0.0,1,479.58,Z,C,CZ,0.0,,no_signal,exit_clearance,clearance_or_exit,Кандидат на вывод или жёсткую распродажу.,,99.1867
Джемпер лютики жемчужный с розовым,knitwear,1,2360,1,жемчужно-розовый,100.0,1.0,5890.0,0.014,5890.0,1767.0,4123.0,70.0,1.0,5890.0,1,479.58,Z,C,CZ,0.0,,stockout,exit_clearance,clearance_or_exit,Кандидат на вывод или жёсткую распродажу.,6600.0,99.2007
Шапка детская джинс,accessories,1,333,1,синий джинс,100.0,6.0,5851.0,0.0139,975.17,1755.3,4095.7,70.0,0.0,0.0,5,208.17,Y,C,CY,-6.0,,no_signal,reduce_tail,clearance_or_exit,Слабый хвост: сокращать глубину и аккуратно распродавать.,990.0,99.2146
Брюки палаццо в пайетках,pants,1,1094,1,черный,100.0,2.0,5800.0,0.0137,2900.0,1740.0,4060.0,70.0,0.0,0.0,1,479.58,Z,C,CZ,0.0,,no_signal,exit_clearance,clearance_or_exit,Кандидат на вывод или жёсткую распродажу.,1800.0,99.2283
Платье туника с разрезом макси горький,dresses,1,2798,1,шоколадный,100.0,1.0,5760.0,0.0136,5760.0,1728.0,4032.0,70.0,1.0,5760.0,1,479.58,Z,C,CZ,10.0,3650.0,overstock,exit_clearance,clearance_or_exit,Кандидат на вывод или жёсткую распродажу.,7600.0,99.2419
Брюки трикотажные ажур волна,pants,1,2477,1,ванильный,100.0,1.0,5740.0,0.0136,5740.0,1722.0,4018.0,70.0,1.0,5740.0,1,479.58,Z,C,CZ,2.0,730.0,overstock,exit_clearance,clearance_or_exit,Кандидат на вывод или жёсткую распродажу.,8200.0,99.2555
Рубашка хлопок в полоску,tops_blouses,1,966,1,розово-голубой,100.0,2.0,5688.0,0.0135,2844.0,1706.4,3981.6,70.0,0.0,0.0,2,331.66,Z,C,CZ,0.0,,no_signal,exit_clearance,clearance_or_exit,Кандидат на вывод или жёсткую распродажу.,,99.269
Топ на бретелях вискоза бежевый в цветок,tops_blouses,1,2289,1,бежевый в цветок,100.0,4.0,5640.0,0.0134,1410.0,1692.0,3948.0,70.0,4.0,5640.0,3,282.84,Z,C,CZ,0.0,,stockout,exit_clearance,clearance_or_exit,Кандидат на вывод или жёсткую распродажу.,1200.0,99.2824
Юбка трикотаж,skirts,1,1162,1,серый,100.0,2.0,5510.0,0.0131,2755.0,1653.0,3857.0,70.0,0.0,0.0,2,331.66,Z,C,CZ,0.0,,no_signal,exit_clearance,clearance_or_exit,Кандидат на вывод или жёсткую распродажу.,,99.2954
Джемпер коралл,knitwear,1,2265,1,маренго,100.0,1.0,5400.0,0.0128,5400.0,1620.0,3780.0,70.0,0.0,0.0,1,479.58,Z,C,CZ,-1.0,,no_signal,exit_clearance,clearance_or_exit,Кандидат на вывод или жёсткую распродажу.,5400.0,99.3082
Юбка трикотажная ажур бриз синий,skirts,1,2420,1,темно-синий,100.0,1.0,5400.0,0.0128,5400.0,1620.0,3780.0,70.0,1.0,5400.0,1,479.58,Z,C,CZ,0.0,,stockout,exit_clearance,clearance_or_exit,Кандидат на вывод или жёсткую распродажу.,5400.0,99.321
Рубашка лен,tops_blouses,1,706,1,морская волна,100.0,1.0,5394.0,0.0128,5394.0,1618.2,3775.8,70.0,1.0,5394.0,1,479.58,Z,C,CZ,-1.0,,stockout,exit_clearance,clearance_or_exit,Кандидат на вывод или жёсткую распродажу.,4200.0,99.3338
Джемпер джеки шерсть интерлок,knitwear,1,2274,1,шампань,100.0,1.0,5238.0,0.0124,5238.0,1571.4,3666.6,70.0,0.0,0.0,1,479.58,Z,C,CZ,0.0,,no_signal,exit_clearance,clearance_or_exit,Кандидат на вывод или жёсткую распродажу.,6900.0,99.3462
Джемпер клубнички женский желтый,knitwear,1,1230,1,светло-желтый,100.0,1.0,5200.0,0.0123,5200.0,1560.0,3640.0,70.0,0.0,0.0,1,479.58,Z,C,CZ,0.0,,no_signal,exit_clearance,clearance_or_exit,Кандидат на вывод или жёсткую распродажу.,6600.0,99.3585
Снуд горчица,accessories,1,312,1,горчичный,100.0,11.0,5150.0,0.0122,468.18,1545.0,3605.0,70.0,8.0,3650.0,7,177.91,Y,C,CY,14.0,638.8,overstock,reduce_tail,clearance_or_exit,Слабый хвост: сокращать глубину и аккуратно распродавать.,500.0,99.3707
Шапка взрослая меринос,accessories,1,794,1,серебряно-серый,100.0,2.0,5040.0,0.0119,2520.0,1512.0,3528.0,70.0,1.0,2240.0,2,331.66,Z,C,CZ,4.0,1460.0,overstock,exit_clearance,clearance_or_exit,Кандидат на вывод или жёсткую распродажу.,2240.0,99.3826
Плед жаккардовый клечатый,accessories,1,1279,0,без цвета,100.0,1.0,4800.0,0.0114,4800.0,1440.0,3360.0,70.0,0.0,0.0,1,479.58,Z,C,CZ,0.0,,no_signal,exit_clearance,clearance_or_exit,Кандидат на вывод или жёсткую распродажу.,,99.394
Плед трикотажный,accessories,1,1278,1,Зефирно-молочный,100.0,1.0,4800.0,0.0114,4800.0,1440.0,3360.0,70.0,0.0,0.0,1,479.58,Z,C,CZ,4.0,,deadstock,exit_clearance,clearance_or_exit,Кандидат на вывод или жёсткую распродажу.,6900.0,99.4054
Косынка трикотажная,accessories,1,2434,1,апельсиновый,100.0,2.0,4560.0,0.0108,2280.0,1368.0,3192.0,70.0,2.0,4560.0,1,479.58,Z,C,CZ,0.0,,stockout,exit_clearance,clearance_or_exit,Кандидат на вывод или жёсткую распродажу.,2400.0,99.4162
Шапка взрослая беж классик,accessories,1,379,1,Классический бежевый,100.0,4.0,4560.0,0.0108,1140.0,1368.0,3192.0,70.0,3.0,3600.0,3,282.84,Z,C,CZ,5.0,608.3,overstock,exit_clearance,clearance_or_exit,Кандидат на вывод или жёсткую распродажу.,1200.0,99.427
Платье интерлок серо-голубой макси,dresses,1,827,1,серо-голубой,100.0,1.0,4556.0,0.0108,4556.0,1366.8,3189.2,70.0,0.0,0.0,1,479.58,Z,C,CZ,0.0,,no_signal,exit_clearance,clearance_or_exit,Кандидат на вывод или жёсткую распродажу.,7800.0,99.4378
Платье интерлок хаки макси,dresses,1,407,1,хаки,100.0,1.0,4488.0,0.0106,4488.0,1346.4,3141.6,70.0,0.0,0.0,1,479.58,Z,C,CZ,0.0,,no_signal,exit_clearance,clearance_or_exit,Кандидат на вывод или жёсткую распродажу.,,99.4484
Шапка взрослая меринос голубая,accessories,1,785,1,небесно-голубой,100.0,2.0,4400.0,0.0104,2200.0,1320.0,3080.0,70.0,0.0,0.0,2,331.66,Z,C,CZ,0.0,,no_signal,exit_clearance,clearance_or_exit,Кандидат на вывод или жёсткую распродажу.,,99.4588
Шапка взрослая эмеральд шерсть,accessories,1,2165,1,зеленый эмеральд,100.0,2.0,4400.0,0.0104,2200.0,1320.0,3080.0,70.0,0.0,0.0,1,479.58,Z,C,CZ,2.0,,deadstock,exit_clearance,clearance_or_exit,Кандидат на вывод или жёсткую распродажу.,1600.0,99.4693
Рубашка джинсовая женская тауп,tops_blouses,1,1233,0,без цвета,100.0,1.0,4370.0,0.0104,4370.0,1311.0,3059.0,70.0,0.0,0.0,1,479.58,Z,C,CZ,0.0,,no_signal,exit_clearance,clearance_or_exit,Кандидат на вывод или жёсткую распродажу.,,99.4796
Джемпер тонкий wind vikki желтый,knitwear,1,972,1,ярко-желтый,100.0,3.0,4350.0,0.0103,1450.0,1305.0,3045.0,70.0,0.0,0.0,1,479.58,Z,C,CZ,0.0,,no_signal,exit_clearance,clearance_or_exit,Кандидат на вывод или жёсткую распродажу.,,99.4899
Джемпер алиса шерсть кофе,knitwear,1,2675,1,кофейный,100.0,1.0,4340.0,0.0103,4340.0,1302.0,3038.0,70.0,1.0,4340.0,1,479.58,Z,C,CZ,1.0,365.0,overstock,exit_clearance,clearance_or_exit,Кандидат на вывод или жёсткую распродажу.,6200.0,99.5002
Палантин трикотажный бантики,accessories,1,2771,1,серо-голубой-ваниль,100.0,1.0,4278.0,0.0101,4278.0,1283.4,2994.6,70.0,1.0,4278.0,1,479.58,Z,C,CZ,0.0,,stockout,exit_clearance,clearance_or_exit,Кандидат на вывод или жёсткую распродажу.,4600.0,99.5103
Брюки трикотаж олива,pants,1,529,1,оливковый,100.0,1.0,4200.0,0.0099,4200.0,1260.0,2940.0,70.0,1.0,4200.0,1,479.58,Z,C,CZ,0.0,,stockout,exit_clearance,clearance_or_exit,Кандидат на вывод или жёсткую распродажу.,4600.0,99.5203
Брюки трикотаж светлый,pants,1,165,1,бежевый,100.0,1.0,4200.0,0.0099,4200.0,1260.0,2940.0,70.0,0.0,0.0,1,479.58,Z,C,CZ,2.0,,deadstock,exit_clearance,clearance_or_exit,Кандидат на вывод или жёсткую распродажу.,4600.0,99.5302
Джемпер робот детский,knitwear,1,2103,1,ежевика-лайм,100.0,1.0,4200.0,0.0099,4200.0,1260.0,2940.0,70.0,0.0,0.0,1,479.58,Z,C,CZ,0.0,,no_signal,exit_clearance,clearance_or_exit,Кандидат на вывод или жёсткую распродажу.,,99.5402
Свитер Кострома V-вырез голубой,knitwear,1,587,0,без цвета,100.0,1.0,4200.0,0.0099,4200.0,1260.0,2940.0,70.0,1.0,4200.0,1,479.58,Z,C,CZ,-1.0,,stockout,exit_clearance,clearance_or_exit,Кандидат на вывод или жёсткую распродажу.,4200.0,99.5501
Панама искуствен,accessories,1,823,1,молочный,100.0,2.0,4180.0,0.0099,2090.0,1254.0,2926.0,70.0,2.0,4180.0,2,331.66,Z,C,CZ,0.0,,stockout,exit_clearance,clearance_or_exit,Кандидат на вывод или жёсткую распродажу.,2200.0,99.56
Юбка трикотажная прямая шерсть горячий шоколад миди,skirts,1,2750,1,горячий шоколад,100.0,1.0,4176.0,0.0099,4176.0,1252.8,2923.2,70.0,1.0,4176.0,1,479.58,Z,C,CZ,3.0,1095.0,overstock,exit_clearance,clearance_or_exit,Кандидат на вывод или жёсткую распродажу.,4800.0,99.5699
Шорты лен,pants,1,198,1,зеленый,100.0,1.0,4140.0,0.0098,4140.0,1242.0,2898.0,70.0,0.0,0.0,1,479.58,Z,C,CZ,0.0,,no_signal,exit_clearance,clearance_or_exit,Кандидат на вывод или жёсткую распродажу.,4600.0,99.5797
Шорты трикотажные,pants,1,2066,1,тауп меланж,100.0,2.0,4080.0,0.0097,2040.0,1224.0,2856.0,70.0,0.0,0.0,2,331.66,Z,C,CZ,16.0,,deadstock,exit_clearance,clearance_or_exit,Кандидат на вывод или жёсткую распродажу.,1000.0,99.5894
Анорак мужской флисовый,outerwear,1,2897,1,хаки,100.0,1.0,4050.0,0.0096,4050.0,1215.0,2835.0,70.0,1.0,4050.0,1,479.58,Z,C,CZ,3.0,1095.0,overstock,exit_clearance,clearance_or_exit,Кандидат на вывод или жёсткую распродажу.,4500.0,99.599
Брюки мужские флисовые,pants,1,2898,1,хаки,100.0,1.0,4050.0,0.0096,4050.0,1215.0,2835.0,70.0,1.0,4050.0,1,479.58,Z,C,CZ,3.0,1095.0,overstock,exit_clearance,clearance_or_exit,Кандидат на вывод или жёсткую распродажу.,4500.0,99.6086
Лонгслив женский в ассортименте,tshirts_longsleeves,1,2466,1,Молочный,100.0,4.0,4000.0,0.0095,1000.0,1200.0,2800.0,70.0,4.0,4000.0,3,282.84,Z,C,CZ,4.0,365.0,overstock,exit_clearance,clearance_or_exit,Кандидат на вывод или жёсткую распродажу.,1000.0,99.618
Шапка взрослая сливочная,accessories,1,2661,1,ириска,100.0,4.0,3880.0,0.0092,970.0,1164.0,2716.0,70.0,4.0,3880.0,2,374.17,Z,C,CZ,8.0,730.0,overstock,exit_clearance,clearance_or_exit,Кандидат на вывод или жёсткую распродажу.,1200.0,99.6272
Шорты муслин,pants,1,2519,1,черный,100.0,1.0,3800.0,0.009,3800.0,1140.0,2660.0,70.0,1.0,3800.0,1,479.58,Z,C,CZ,5.0,1825.0,overstock,exit_clearance,clearance_or_exit,Кандидат на вывод или жёсткую распродажу.,2600.0,99.6362
Юбка трикотажная прямая джинс миди,skirts,1,2803,1,синий джинс,100.0,1.0,3800.0,0.009,3800.0,1140.0,2660.0,70.0,1.0,3800.0,1,479.58,Z,C,CZ,0.0,,stockout,exit_clearance,clearance_or_exit,Кандидат на вывод или жёсткую распродажу.,3800.0,99.6452
Юбка трикотажная прямая молочный миди,skirts,1,2630,1,молочный,100.0,1.0,3800.0,0.009,3800.0,1140.0,2660.0,70.0,1.0,3800.0,1,479.58,Z,C,CZ,0.0,,stockout,exit_clearance,clearance_or_exit,Кандидат на вывод или жёсткую распродажу.,3800.0,99.6542
Снуд травяной,accessories,1,615,1,зеленый травяной,100.0,10.0,3715.0,0.0088,371.5,1114.5,2600.5,70.0,1.0,465.0,4,338.82,Z,C,CZ,0.0,,stockout,exit_clearance,clearance_or_exit,Кандидат на вывод или жёсткую распродажу.,500.0,99.663
Брюки вискоза,pants,1,945,1,голубой в белый цветок,100.0,2.0,3710.0,0.0088,1855.0,1113.0,2597.0,70.0,0.0,0.0,2,331.66,Z,C,CZ,0.0,,no_signal,exit_clearance,clearance_or_exit,Кандидат на вывод или жёсткую распродажу.,,99.6718
Кардиган средней длины,knitwear,1,499,1,молочный,100.0,1.0,3700.0,0.0088,3700.0,1110.0,2590.0,70.0,0.0,0.0,1,479.58,Z,C,CZ,0.0,,no_signal,exit_clearance,clearance_or_exit,Кандидат на вывод или жёсткую распродажу.,,99.6806
Кардиган средней длины олива,knitwear,1,569,1,оливковый,100.0,1.0,3700.0,0.0088,3700.0,1110.0,2590.0,70.0,0.0,0.0,1,479.58,Z,C,CZ,0.0,,no_signal,exit_clearance,clearance_or_exit,Кандидат на вывод или жёсткую распродажу.,,99.6894
Шапка детская розовый,accessories,1,337,1,классический розовый,100.0,4.0,3672.0,0.0087,918.0,1101.6,2570.4,70.0,1.0,900.0,4,223.61,Y,C,CY,-4.0,,stockout,reduce_tail,clearance_or_exit,Слабый хвост: сокращать глубину и аккуратно распродавать.,990.0,99.6981
Юбка трикотажная прямая олива миди,skirts,1,2919,1,оливковый,100.0,1.0,3420.0,0.0081,3420.0,1026.0,2394.0,70.0,1.0,3420.0,1,479.58,Z,C,CZ,4.0,1460.0,overstock,exit_clearance,clearance_or_exit,Кандидат на вывод или жёсткую распродажу.,3800.0,99.7062
Юбка трикотажная прямая сливочно-желтый макси,skirts,1,2619,1,сливочно-желтый,100.0,1.0,3420.0,0.0081,3420.0,1026.0,2394.0,70.0,1.0,3420.0,1,479.58,Z,C,CZ,1.0,365.0,overstock,exit_clearance,clearance_or_exit,Кандидат на вывод или жёсткую распродажу.,3800.0,99.7143
Жилет ромашки желтый,knitwear,1,944,1,лимонно-молочный,100.0,1.0,3400.0,0.0081,3400.0,1020.0,2380.0,70.0,0.0,0.0,1,479.58,Z,C,CZ,0.0,,no_signal,exit_clearance,clearance_or_exit,Кандидат на вывод или жёсткую распродажу.,,99.7223
Юбка вискоза макси в цветок,skirts,1,925,1,черно-бело-синий,100.0,1.0,3400.0,0.0081,3400.0,1020.0,2380.0,70.0,0.0,0.0,1,479.58,Z,C,CZ,3.0,,deadstock,exit_clearance,clearance_or_exit,Кандидат на вывод или жёсткую распродажу.,1700.0,99.7304
Юбка миди атласная фуксия,skirts,1,973,1,яркая фуксия,100.0,1.0,3400.0,0.0081,3400.0,1020.0,2380.0,70.0,0.0,0.0,0,,Z,C,CZ,0.0,,no_signal,exit_clearance,clearance_or_exit,Кандидат на вывод или жёсткую распродажу.,,99.7384
Юбка трикотажная прямая шерсть горячий шоколад макси,skirts,1,2749,1,горячий шоколад,100.0,1.0,3360.0,0.008,3360.0,1008.0,2352.0,70.0,1.0,3360.0,1,479.58,Z,C,CZ,1.0,365.0,overstock,exit_clearance,clearance_or_exit,Кандидат на вывод или жёсткую распродажу.,4800.0,99.7464
Юбка трикотажная прямая шерсть макси кофе,skirts,1,2697,1,кофейный,100.0,1.0,3360.0,0.008,3360.0,1008.0,2352.0,70.0,1.0,3360.0,1,479.58,Z,C,CZ,6.0,2190.0,overstock,exit_clearance,clearance_or_exit,Кандидат на вывод или жёсткую распродажу.,4800.0,99.7543
Юбка трикотажная прямая шерсть миди кофе,skirts,1,2696,1,кофейный,100.0,1.0,3360.0,0.008,3360.0,1008.0,2352.0,70.0,1.0,3360.0,1,479.58,Z,C,CZ,7.0,2555.0,overstock,exit_clearance,clearance_or_exit,Кандидат на вывод или жёсткую распродажу.,4800.0,99.7623
Юбка трикотажная прямая шерсть миди хаки,skirts,1,2706,0,без цвета,100.0,1.0,3360.0,0.008,3360.0,1008.0,2352.0,70.0,1.0,3360.0,1,479.58,Z,C,CZ,1.0,365.0,overstock,exit_clearance,clearance_or_exit,Кандидат на вывод или жёсткую распродажу.,4800.0,99.7703
Футболка из тенсела голубой,tshirts_longsleeves,1,2858,0,без цвета,100.0,1.0,3240.0,0.0077,3240.0,972.0,2268.0,70.0,1.0,3240.0,1,479.58,Z,C,CZ,-1.0,,stockout,exit_clearance,clearance_or_exit,Кандидат на вывод или жёсткую распродажу.,3600.0,99.7779
Джемпер лайт шерсть хвоя,knitwear,1,49,1,хвойный,100.0,1.0,3200.0,0.0076,3200.0,960.0,2240.0,70.0,1.0,3200.0,1,479.58,Z,C,CZ,0.0,,stockout,exit_clearance,clearance_or_exit,Кандидат на вывод или жёсткую распродажу.,,99.7855
Джинсы трубы,pants,1,817,1,светло-серый,100.0,1.0,3100.0,0.0073,3100.0,930.0,2170.0,70.0,1.0,3100.0,1,479.58,Z,C,CZ,0.0,,stockout,exit_clearance,clearance_or_exit,Кандидат на вывод или жёсткую распродажу.,,99.7929
Брюки вискоза фиолетовый,pants,1,964,1,зелено-фиолетовый,100.0,1.0,3060.0,0.0072,3060.0,918.0,2142.0,70.0,0.0,0.0,1,479.58,Z,C,CZ,0.0,,no_signal,exit_clearance,clearance_or_exit,Кандидат на вывод или жёсткую распродажу.,,99.8001
Юбка лапша бургунди макси,skirts,1,2699,1,бургунди,100.0,1.0,3040.0,0.0072,3040.0,912.0,2128.0,70.0,1.0,3040.0,1,479.58,Z,C,CZ,2.0,730.0,overstock,exit_clearance,clearance_or_exit,Кандидат на вывод или жёсткую распродажу.,3800.0,99.8073
Подарочный сертификат 3000,gift_cards,1,1113,0,без цвета,100.0,1.0,3000.0,0.0071,3000.0,900.0,2100.0,70.0,0.0,0.0,1,479.58,Z,C,CZ,9.0,,deadstock,exit_clearance,clearance_or_exit,Кандидат на вывод или жёсткую распродажу.,3000.0,99.8144
Платье на запах муслин длинный рукав черный в горошек,dresses,1,787,1,черный в белый горошек,100.0,1.0,2914.0,0.0069,2914.0,874.2,2039.8,70.0,0.0,0.0,1,479.58,Z,C,CZ,1.0,,deadstock,exit_clearance,clearance_or_exit,Кандидат на вывод или жёсткую распродажу.,3380.0,99.8213
Свитер с горлом электрик,knitwear,1,54,1,синий электрик,100.0,1.0,2900.0,0.0069,2900.0,870.0,2030.0,70.0,0.0,0.0,1,479.58,Z,C,CZ,0.0,,no_signal,exit_clearance,clearance_or_exit,Кандидат на вывод или жёсткую распродажу.,1900.0,99.8282
Юбка вискоза миди фиолетовая,skirts,1,922,1,бело-фиолетовый,100.0,1.0,2900.0,0.0069,2900.0,870.0,2030.0,70.0,0.0,0.0,1,479.58,Z,C,CZ,0.0,,no_signal,exit_clearance,clearance_or_exit,Кандидат на вывод или жёсткую распродажу.,,99.8351
Жилет ромашки оранжево-розовый,knitwear,1,897,1,ярко-оранжевый с классическим розовым,100.0,1.0,2890.0,0.0068,2890.0,867.0,2023.0,70.0,0.0,0.0,1,479.58,Z,C,CZ,0.0,,no_signal,exit_clearance,clearance_or_exit,Кандидат на вывод или жёсткую распродажу.,,99.8419
Топ на бретелях муслин олива,tops_blouses,1,719,1,оливковый,100.0,2.0,2880.0,0.0068,1440.0,864.0,2016.0,70.0,0.0,0.0,2,331.66,Z,C,CZ,0.0,,no_signal,exit_clearance,clearance_or_exit,Кандидат на вывод или жёсткую распродажу.,,99.8487
Топ на одно плечо в рубчик фуксия,tops_blouses,1,1269,1,яркая фуксия,100.0,2.0,2840.5,0.0067,1420.25,852.15,1988.35,70.0,1.0,1495.0,2,331.66,Z,C,CZ,0.0,,stockout,exit_clearance,clearance_or_exit,Кандидат на вывод или жёсткую распродажу.,,99.8554
Шапка взрослая светло-серый с голубым,accessories,1,1146,1,светло-серый с голубым,100.0,2.0,2800.0,0.0066,1400.0,840.0,1960.0,70.0,1.0,1400.0,2,331.66,Z,C,CZ,0.0,,stockout,exit_clearance,clearance_or_exit,Кандидат на вывод или жёсткую распродажу.,,99.8621
Юбка трикотажная прямая светлый беж макси,skirts,1,2600,1,светлый беж,100.0,1.0,2800.0,0.0066,2800.0,840.0,1960.0,70.0,1.0,2800.0,1,479.58,Z,C,CZ,4.0,1460.0,overstock,exit_clearance,clearance_or_exit,Кандидат на вывод или жёсткую распродажу.,3800.0,99.8687
Джемпер в рубчик укороченный байкал,knitwear,1,1262,1,голубой Байкал,100.0,1.0,2697.0,0.0064,2697.0,809.1,1887.9,70.0,0.0,0.0,1,479.58,Z,C,CZ,0.0,,no_signal,exit_clearance,clearance_or_exit,Кандидат на вывод или жёсткую распродажу.,1500.0,99.8751
Шапка детская лайм,accessories,1,342,1,кислотный лайм,100.0,3.0,2693.5,0.0064,897.83,808.05,1885.45,70.0,3.0,2693.5,2,351.19,Z,C,CZ,-3.0,,stockout,exit_clearance,clearance_or_exit,Кандидат на вывод или жёсткую распродажу.,990.0,99.8815
Шорты вискоза миди голубые с принтом жираф,pants,1,2540,1,голубой с белым,100.0,1.0,2600.0,0.0062,2600.0,780.0,1820.0,70.0,1.0,2600.0,1,479.58,Z,C,CZ,9.0,3285.0,overstock,exit_clearance,clearance_or_exit,Кандидат на вывод или жёсткую распродажу.,2600.0,99.8876
Юбка плиссе трикотажная в ассортименте,skirts,1,2322,1,разноцветный,100.0,1.0,2500.0,0.0059,2500.0,750.0,1750.0,70.0,1.0,2500.0,1,479.58,Z,C,CZ,0.0,,stockout,exit_clearance,clearance_or_exit,Кандидат на вывод или жёсткую распродажу.,3200.0,99.8936
Топ в рубчик v-вырез вискоза лайм,tops_blouses,1,1207,1,светлый лайм,77.78,2.0,2430.0,0.0058,1215.0,729.0,1701.0,70.0,1.0,540.0,2,331.66,Z,C,CZ,0.0,,stockout,exit_clearance,clearance_or_exit,Кандидат на вывод или жёсткую распродажу.,,99.8993
Снуд лайм,accessories,1,491,1,светлый лайм,100.0,5.0,2425.0,0.0057,485.0,727.5,1697.5,70.0,4.0,1925.0,4,239.17,Y,C,CY,1.0,91.2,balanced,reduce_tail,clearance_or_exit,Слабый хвост: сокращать глубину и аккуратно распродавать.,500.0,99.9051
Кроп топ апельсин,tops_blouses,1,836,0,без цвета,100.0,1.0,2400.0,0.0057,2400.0,720.0,1680.0,70.0,0.0,0.0,1,479.58,Z,C,CZ,0.0,,no_signal,exit_clearance,clearance_or_exit,Кандидат на вывод или жёсткую распродажу.,,99.9107
Рубашка шерсть клетка,tops_blouses,1,623,1,бежевый,100.0,1.0,2400.0,0.0057,2400.0,720.0,1680.0,70.0,0.0,0.0,1,479.58,Z,C,CZ,0.0,,no_signal,exit_clearance,clearance_or_exit,Кандидат на вывод или жёсткую распродажу.,2400.0,99.9164
Свитер с горлом розовый,knitwear,1,458,1,классический розовый,100.0,1.0,2400.0,0.0057,2400.0,720.0,1680.0,70.0,0.0,0.0,1,479.58,Z,C,CZ,0.0,,no_signal,exit_clearance,clearance_or_exit,Кандидат на вывод или жёсткую распродажу.,1900.0,99.9221
Шарф детский,accessories,1,636,1,лиловый,100.0,1.0,2400.0,0.0057,2400.0,720.0,1680.0,70.0,1.0,2400.0,1,479.58,Z,C,CZ,0.0,,stockout,exit_clearance,clearance_or_exit,Кандидат на вывод или жёсткую распродажу.,,99.9278
Снуд шерсть горький шоколад,accessories,1,2292,1,махагон-горький шоколад,100.0,3.0,2360.0,0.0056,786.67,708.0,1652.0,70.0,3.0,2360.0,3,264.58,Z,C,CZ,3.0,365.0,overstock,exit_clearance,clearance_or_exit,Кандидат на вывод или жёсткую распродажу.,800.0,99.9334
Шапка взрослая два подворота олива,accessories,1,282,1,оливковый,100.0,2.0,2300.0,0.0054,1150.0,690.0,1610.0,70.0,0.0,0.0,2,331.66,Z,C,CZ,0.0,,no_signal,exit_clearance,clearance_or_exit,Кандидат на вывод или жёсткую распродажу.,,99.9388
Кардиган средней длиный графит,knitwear,1,62,1,серый,100.0,1.0,2200.0,0.0052,2200.0,660.0,1540.0,70.0,0.0,0.0,1,479.58,Z,C,CZ,0.0,,no_signal,exit_clearance,clearance_or_exit,Кандидат на вывод или жёсткую распродажу.,,99.9441
Майка трикотажная v-вырез байкал,tops_blouses,1,2376,1,голубой Байкал,100.0,1.0,2200.0,0.0052,2200.0,660.0,1540.0,70.0,1.0,2200.0,1,479.58,Z,C,CZ,0.0,,stockout,exit_clearance,clearance_or_exit,Кандидат на вывод или жёсткую распродажу.,2200.0,99.9493
Кроп топ беж,tops_blouses,1,104,1,светлый беж,100.0,1.0,2160.0,0.0051,2160.0,648.0,1512.0,70.0,0.0,0.0,1,479.58,Z,C,CZ,0.0,,no_signal,exit_clearance,clearance_or_exit,Кандидат на вывод или жёсткую распродажу.,,99.9544
Снуд ежевика,accessories,1,1089,1,ежевичный,100.0,4.0,1950.0,0.0046,487.5,585.0,1365.0,70.0,0.0,0.0,3,282.84,Z,C,CZ,0.0,,no_signal,exit_clearance,clearance_or_exit,Кандидат на вывод или жёсткую распродажу.,500.0,99.959
Топ на одно плечо в рубчик черный длинный рукав,tops_blouses,1,1271,1,черный,100.0,1.0,1690.0,0.004,1690.0,507.0,1183.0,70.0,0.0,0.0,1,479.58,Z,C,CZ,0.0,,no_signal,exit_clearance,clearance_or_exit,Кандидат на вывод или жёсткую распродажу.,,99.963
Топ на одно плечо в рубчик,tops_blouses,1,1270,1,черный,100.0,1.0,1495.0,0.0035,1495.0,448.5,1046.5,70.0,0.0,0.0,1,479.58,Z,C,CZ,0.0,,no_signal,exit_clearance,clearance_or_exit,Кандидат на вывод или жёсткую распродажу.,,99.9665
Топ на бретелях атлас фуксия,tops_blouses,1,2022,1,яркая фуксия,100.0,1.0,1430.0,0.0034,1430.0,429.0,1001.0,70.0,0.0,0.0,1,479.58,Z,C,CZ,2.0,,deadstock,exit_clearance,clearance_or_exit,Кандидат на вывод или жёсткую распродажу.,1200.0,99.9699
Топ шерсть v-вырез,tops_blouses,1,373,1,бирюзовый,100.0,1.0,1290.0,0.0031,1290.0,387.0,903.0,70.0,0.0,0.0,1,479.58,Z,C,CZ,0.0,,no_signal,exit_clearance,clearance_or_exit,Кандидат на вывод или жёсткую распродажу.,,99.973
Шапка Взрослая киви,accessories,1,377,0,без цвета,100.0,1.0,1200.0,0.0028,1200.0,360.0,840.0,70.0,1.0,1200.0,1,479.58,Z,C,CZ,-1.0,,stockout,exit_clearance,clearance_or_exit,Кандидат на вывод или жёсткую распродажу.,1200.0,99.9758
Шапка детская шерсть,accessories,1,811,1,лазурно-голубой,100.0,1.0,1200.0,0.0028,1200.0,360.0,840.0,70.0,1.0,1200.0,1,479.58,Z,C,CZ,0.0,,stockout,exit_clearance,clearance_or_exit,Кандидат на вывод или жёсткую распродажу.,,99.9787
Топ муслин белый с веточками,tops_blouses,1,951,1,белый в веточку,100.0,1.0,1190.0,0.0028,1190.0,357.0,833.0,70.0,0.0,0.0,1,479.58,Z,C,CZ,0.0,,no_signal,exit_clearance,clearance_or_exit,Кандидат на вывод или жёсткую распродажу.,1190.0,99.9815
Кардиган зебра жаккард оверсайз шерсть,knitwear,1,2664,1,молочный-терракот,100.0,1.0,1023.4,0.0024,1023.4,307.02,716.38,70.0,1.0,1023.4,1,479.58,Z,C,CZ,4.0,1460.0,overstock,exit_clearance,clearance_or_exit,Кандидат на вывод или жёсткую распродажу.,6020.0,99.9839
Шапка взрослая морская волна-розовый,accessories,1,589,1,морская волна-классический розовый,100.0,1.0,1000.0,0.0024,1000.0,300.0,700.0,70.0,0.0,0.0,1,479.58,Z,C,CZ,0.0,,no_signal,exit_clearance,clearance_or_exit,Кандидат на вывод или жёсткую распродажу.,1400.0,99.9863
Шапка детская морская волна-розовый,accessories,1,585,1,морская волна-классический розовый,100.0,1.0,990.0,0.0023,990.0,297.0,693.0,70.0,0.0,0.0,0,,Z,C,CZ,0.0,,no_signal,exit_clearance,clearance_or_exit,Кандидат на вывод или жёсткую распродажу.,990.0,99.9886
Шапка детская олива,accessories,1,331,1,оливковый,100.0,1.0,990.0,0.0023,990.0,297.0,693.0,70.0,0.0,0.0,1,479.58,Z,C,CZ,7.0,,deadstock,exit_clearance,clearance_or_exit,Кандидат на вывод или жёсткую распродажу.,990.0,99.991
Шапка детская синий электрик,accessories,1,764,1,electric синий,100.0,1.0,990.0,0.0023,990.0,297.0,693.0,70.0,0.0,0.0,1,479.58,Z,C,CZ,-1.0,,no_signal,exit_clearance,clearance_or_exit,Кандидат на вывод или жёсткую распродажу.,990.0,99.9933
Снуд олива,accessories,1,308,1,оливковый,100.0,2.0,980.0,0.0023,490.0,294.0,686.0,70.0,1.0,480.0,2,331.66,Z,C,CZ,5.0,1825.0,overstock,exit_clearance,clearance_or_exit,Кандидат на вывод или жёсткую распродажу.,500.0,99.9956
Шапка детская серо-голубой с белым,accessories,1,369,0,без цвета,100.0,1.0,940.5,0.0022,940.5,282.15,658.35,70.0,1.0,940.5,1,479.58,Z,C,CZ,1.0,365.0,overstock,exit_clearance,clearance_or_exit,Кандидат на вывод или жёсткую распродажу.,990.0,99.9979
Шапка бини детская,accessories,1,2056,1,красный,100.0,1.0,900.0,0.0021,900.0,270.0,630.0,70.0,0.0,0.0,1,479.58,Z,C,CZ,-1.0,,no_signal,exit_clearance,clearance_or_exit,Кандидат на вывод или жёсткую распродажу.,792.0,100.0
